v1,v2,v3
2,1,0
4,3,0
0,3,2
4,5,3
8,7,6
10,9,6
6,9,8
9,10,1
10,0,1
10,11,0
0,12,4
0,11,12
5,4,13
4,14,13
4,12,14
16,15,14
14,15,13
16,17,15
6,7,18
18,7,19
6,20,10
6,18,20
10,21,11
10,20,21
11,22,12
11,21,22
12,23,14
12,22,23
25,16,24
16,23,24
16,14,23
16,25,17
19,26,18
18,26,20
20,26,27
20,27,21
21,27,28
21,28,22
22,28,29
22,29,23
23,29,30
23,30,24
31,1,2
3,32,2
2,32,31
5,32,3
33,7,8
9,34,8
8,34,33
35,34,9
35,9,1
36,35,1
31,36,1
36,31,32
36,32,37
37,32,5
13,37,5
38,37,13
39,13,15
39,38,13
41,40,17
40,15,17
40,39,15
41,42,40
43,19,33
33,19,7
44,33,34
43,33,44
34,35,45
34,45,44
24,46,25
41,17,25
46,41,25
47,41,46
42,41,48
41,49,48
41,47,49
49,50,48
43,26,19
26,51,27
51,26,52
43,52,26
52,43,53
44,53,43
27,54,28
54,44,28
45,28,44
28,45,55
53,55,45
55,53,54
54,51,55
27,51,54
54,53,44
56,29,28
56,28,55
57,30,29
57,29,56
46,24,30
57,46,30
58,46,57
46,59,47
46,58,59
61,49,60
49,59,60
49,47,59
49,61,50
64,63,62
64,62,52
62,51,52
62,65,51
51,66,55
51,65,66
68,56,67
56,66,67
56,55,66
56,68,57
57,68,69
57,69,58
58,69,70
58,70,59
59,70,71
59,71,60
63,72,62
62,72,65
65,72,73
65,73,66
66,73,74
66,74,67
75,35,36
37,76,36
36,76,75
76,37,77
37,78,77
37,38,78
80,78,79
78,39,79
78,38,39
40,81,39
39,81,79
42,81,40
84,83,82
85,84,75
84,45,75
45,35,75
84,82,45
85,75,76
85,76,86
86,76,77
87,80,79
87,79,81
87,81,88
90,88,89
89,88,48
88,81,48
81,42,48
50,89,48
93,92,91
93,91,83
83,91,82
91,52,82
52,53,82
82,53,45
90,89,61
60,90,61
94,90,60
61,89,50
97,96,95
97,95,92
92,95,91
95,63,91
63,64,91
91,64,52
67,98,68
99,69,68
99,68,98
100,70,69
100,69,99
70,100,101
102,70,101
71,70,102
60,71,94
94,71,102
95,96,103
103,96,104
105,72,63
95,105,63
103,105,95
106,73,72
106,72,105
107,74,73
107,73,106
107,108,74
74,108,67
108,109,67
109,98,67
98,109,99
99,109,110
99,110,100
100,110,111
100,111,101
104,112,103
103,112,105
105,112,113
105,113,106
106,113,114
106,114,107
107,114,115
107,115,108
116,77,78
80,116,78
117,83,84
85,118,84
84,118,117
86,119,85
85,119,118
77,116,86
116,119,86
116,120,119
87,121,80
121,116,80
121,120,116
88,122,87
87,122,121
90,122,88
124,123,93
93,123,92
93,83,117
125,93,117
124,93,125
125,117,118
125,118,126
126,118,119
126,119,127
127,119,120
127,120,128
128,120,121
128,121,129
129,121,122
129,122,130
122,90,130
90,131,130
90,94,131
133,132,97
97,132,96
97,92,123
97,123,133
101,134,102
134,135,102
135,94,102
135,131,94
138,137,136
132,138,136
104,132,136
96,132,104
108,139,109
140,110,109
140,109,139
141,111,110
141,110,140
141,142,111
111,142,101
142,143,101
143,134,101
134,143,135
136,137,144
144,137,145
146,112,104
136,146,104
144,146,136
147,113,112
147,112,146
148,114,113
148,113,147
149,115,114
149,114,148
149,150,115
115,150,108
150,151,108
151,139,108
139,151,140
140,151,152
140,152,141
141,152,153
141,153,142
145,154,144
144,154,146
146,154,155
146,155,147
147,155,156
147,156,148
148,156,157
148,157,149
149,157,158
149,158,150
159,123,124
159,124,160
124,161,160
124,125,161
162,125,126
162,161,125
163,126,127
163,162,126
165,163,164
163,128,164
163,127,128
129,166,128
128,166,164
130,167,129
129,167,166
131,167,130
170,169,168
132,133,168
133,170,168
133,171,170
133,123,159
172,133,159
171,133,172
172,159,160
173,165,164
173,164,166
173,166,174
174,166,167
174,167,175
167,131,175
131,176,175
131,135,176
168,169,138
169,137,138
169,177,137
168,138,132
142,178,143
178,179,143
179,135,143
179,176,135
182,181,180
177,182,180
145,177,180
137,177,145
150,183,151
184,152,151
184,151,183
152,184,185
186,152,185
153,152,186
142,153,178
153,187,178
153,186,187
178,187,179
181,188,180
188,190,189
188,189,154
180,188,154
145,180,154
191,155,154
191,154,189
192,156,155
192,155,191
156,192,193
194,156,193
157,156,194
157,195,158
194,195,157
150,158,183
158,196,183
158,195,196
183,196,184
184,196,197
184,197,185
190,198,189
189,198,191
191,198,199
191,199,192
192,199,200
192,200,193
203,202,201
205,204,201
201,204,203
207,206,205
205,206,204
207,160,206
160,161,206
209,208,206
209,206,161
162,210,161
161,210,209
163,211,162
162,211,210
165,211,163
201,202,170
202,169,170
202,212,169
201,170,171
201,171,205
205,171,172
205,172,207
209,213,208
160,207,172
213,209,210
213,210,214
214,210,211
214,211,215
215,211,165
173,215,165
216,215,173
218,216,217
216,174,217
216,173,174
175,219,174
174,219,217
176,219,175
222,221,220
212,222,220
177,212,220
169,212,177
223,218,217
223,217,219
223,219,224
219,176,224
176,225,224
176,179,225
220,221,182
221,181,182
221,226,181
220,182,177
185,227,186
186,227,228
229,186,228
187,186,229
179,187,225
225,187,229
188,181,230
181,231,230
181,226,231
230,190,188
193,232,194
233,195,194
233,194,232
195,233,234
235,195,234
196,195,235
196,236,197
235,236,196
185,197,227
197,237,227
197,236,237
227,237,228
231,238,230
230,238,190
238,198,190
238,239,198
198,240,199
239,240,198
199,241,200
240,241,199
193,200,232
200,242,232
200,241,242
232,242,233
233,242,243
233,243,234
246,245,244
202,203,244
203,246,244
203,247,246
248,203,204
248,247,203
250,248,249
248,206,249
248,204,206
208,249,206
244,245,251
251,245,252
251,212,202
251,202,244
253,250,249
253,249,208
213,253,208
254,253,213
255,213,214
255,254,213
256,214,215
256,255,214
258,256,257
256,216,257
256,215,216
218,257,216
251,252,222
252,221,222
252,259,221
251,222,212
260,258,257
262,260,261
261,260,223
260,257,223
257,218,223
224,263,223
223,263,261
225,263,224
266,265,264
259,266,264
226,259,264
221,259,226
267,262,261
267,269,268
267,270,269
270,267,228
261,228,267
228,261,229
269,229,261
261,263,269
269,263,268
270,229,269
268,263,271
263,225,271
229,270,271
229,271,225
264,265,272
272,265,273
272,231,226
272,226,264
234,274,235
275,236,235
275,235,274
236,275,276
277,236,276
237,236,277
228,237,270
237,278,270
237,277,278
270,278,271
273,279,272
279,281,280
279,280,238
272,279,238
231,272,238
282,239,238
282,238,280
283,240,239
283,239,282
284,241,240
284,240,283
285,242,241
285,241,284
242,285,286
287,242,286
243,242,287
234,243,274
243,288,274
243,287,288
274,288,275
275,288,289
275,289,276
281,290,280
280,290,282
282,290,291
282,291,283
283,291,292
283,292,284
284,292,293
284,293,285
285,293,294
285,294,286
295,245,246
247,296,246
246,296,295
296,247,297
247,298,297
247,248,298
300,299,250
299,248,250
299,298,248
300,301,299
303,302,295
302,245,295
302,252,245
303,295,296
303,296,304
304,296,297
253,300,250
305,301,300
253,305,300
254,305,253
306,254,255
306,305,254
307,255,256
307,306,255
256,258,307
307,258,308
311,310,309
302,311,309
259,302,309
252,302,259
312,308,258
312,258,260
260,262,312
312,262,313
309,310,266
310,265,266
310,314,265
309,266,259
315,313,262
315,262,267
317,315,316
315,268,316
315,267,268
271,316,268
314,273,265
318,273,314
276,319,277
320,317,316
277,320,316
278,277,316
320,277,319
278,316,271
279,273,321
273,322,321
273,318,322
321,281,279
286,323,287
324,288,287
324,287,323
288,324,325
326,288,325
289,288,326
276,289,319
289,327,319
289,326,327
319,327,320
322,328,321
321,328,281
328,290,281
328,329,290
329,331,330
291,329,330
290,329,291
332,292,291
332,291,330
333,293,292
333,292,332
293,333,334
335,293,334
294,293,335
286,294,323
294,336,323
294,335,336
323,336,324
324,336,337
324,337,325
331,338,330
330,338,332
332,338,339
332,339,333
333,339,340
333,340,334
343,342,341
297,298,341
298,343,341
298,344,343
345,298,299
345,344,298
347,346,301
346,299,301
346,345,299
349,348,347
347,348,346
351,350,349
349,350,348
351,352,350
354,353,303
303,353,302
304,341,342
354,304,342
303,304,354
341,304,297
305,347,301
347,305,306
347,306,349
349,306,307
349,307,351
356,355,308
308,355,307
355,352,307
352,351,307
356,357,355
359,358,311
311,358,310
311,302,353
311,353,359
312,356,308
361,360,313
313,360,312
360,357,312
357,356,312
361,362,360
358,314,310
363,314,358
315,361,313
315,317,361
317,362,361
317,364,362
367,366,365
363,367,365
318,363,365
314,363,318
320,364,317
320,368,364
365,366,369
369,366,370
369,322,318
369,318,365
325,371,326
372,327,326
372,326,371
372,373,327
373,320,327
373,368,320
369,370,374
374,370,375
376,328,322
369,376,322
374,376,369
377,329,328
377,328,376
377,331,329
334,378,335
379,336,335
379,335,378
380,337,336
380,336,379
380,381,337
337,381,325
381,382,325
382,371,325
371,382,372
372,382,383
372,383,373
375,384,374
386,385,384
385,374,384
385,376,374
376,387,377
376,385,387
388,338,331
377,388,331
387,388,377
389,339,338
389,338,388
390,340,339
390,339,389
390,391,340
340,391,334
391,392,334
392,378,334
378,392,379
379,392,393
379,393,380
380,393,394
380,394,381
386,395,385
385,395,387
387,395,396
387,396,388
388,396,397
388,397,389
389,397,398
389,398,390
390,398,399
390,399,391
402,401,400
400,403,402
406,405,404
406,404,401
404,400,401
404,407,400
403,400,408
408,400,407
411,410,409
411,409,405
409,404,405
409,412,404
404,413,407
404,412,413
408,407,414
414,407,413
417,416,415
419,418,415
415,418,417
418,419,410
419,409,410
419,420,409
409,421,412
409,420,421
412,422,413
412,421,422
414,413,423
423,413,422
426,425,424
428,427,424
424,427,426
430,429,428
428,429,427
432,431,430
430,431,429
434,433,432
432,433,431
436,435,434
434,435,433
438,437,436
436,437,435
438,439,437
415,416,440
440,416,441
415,442,419
415,440,442
419,443,420
419,442,443
420,444,421
420,443,444
446,422,445
422,444,445
422,421,444
422,446,423
449,448,447
449,447,425
447,424,425
447,450,424
424,451,428
424,450,451
428,452,430
428,451,452
430,453,432
430,452,453
432,454,434
432,453,454
434,455,436
434,454,455
436,456,438
436,455,456
439,438,457
438,458,457
438,456,458
458,459,457
462,461,460
462,460,441
460,440,441
460,463,440
440,464,442
440,463,464
442,465,443
442,464,465
443,466,444
443,465,466
445,444,467
467,444,466
470,469,468
470,468,448
468,447,448
468,471,447
447,472,450
447,471,472
450,473,451
450,472,473
451,474,452
451,473,474
452,475,453
452,474,475
453,476,454
453,475,476
454,477,455
454,476,477
455,478,456
455,477,478
456,479,458
456,478,479
459,458,480
458,481,480
458,479,481
481,482,480
460,461,483
483,461,484
460,485,463
460,483,485
463,486,464
463,485,486
464,487,465
464,486,487
465,488,466
465,487,488
467,466,489
489,466,488
469,490,468
492,491,490
491,468,490
491,471,468
471,493,472
471,491,493
472,494,473
472,493,494
473,495,474
473,494,495
474,496,475
474,495,496
475,497,476
475,496,497
476,498,477
476,497,498
477,499,478
477,498,499
478,500,479
478,499,500
479,501,481
479,500,501
482,481,502
502,481,501
505,504,503
505,503,484
503,483,484
503,506,483
483,507,485
483,506,507
485,508,486
485,507,508
486,509,487
486,508,509
487,510,488
487,509,510
489,488,511
511,488,510
491,492,512
512,492,513
491,514,493
491,512,514
493,515,494
493,514,515
494,516,495
494,515,516
495,517,496
495,516,517
496,518,497
496,517,518
497,519,498
497,518,519
498,520,499
498,519,520
499,521,500
499,520,521
500,522,501
500,521,522
502,501,523
501,524,523
501,522,524
524,525,523
528,527,526
528,526,504
526,503,504
526,529,503
503,530,506
503,529,530
506,531,507
506,530,531
507,532,508
507,531,532
508,533,509
508,532,533
509,534,510
509,533,534
511,510,535
510,536,535
510,534,536
536,537,535
513,538,512
512,538,514
514,538,539
514,539,515
515,539,540
515,540,516
516,540,541
516,541,517
517,541,542
517,542,518
518,542,543
518,543,519
519,543,544
546,545,544
545,519,544
545,520,519
520,547,521
520,545,547
521,548,522
521,547,548
550,524,549
524,548,549
524,522,548
524,550,525
552,551,343
343,551,342
344,526,527
552,344,527
343,344,552
526,344,345
526,345,529
529,345,346
529,346,530
530,346,348
530,348,531
531,348,350
531,350,532
532,350,352
553,532,352
533,532,553
533,554,534
533,553,554
534,555,536
534,554,555
537,536,556
556,536,555
546,557,545
545,557,547
547,557,558
547,558,548
548,558,559
548,559,549
560,353,354
561,560,354
342,561,354
551,561,342
355,553,352
553,355,357
562,553,357
554,553,562
554,563,555
554,562,563
556,555,564
564,555,563
565,358,359
566,565,359
566,359,353
567,566,353
560,567,353
567,560,561
360,562,357
562,360,362
568,562,362
563,562,568
564,563,569
569,563,568
571,570,565
570,358,565
570,363,358
571,565,566
364,572,568
364,568,362
569,568,573
573,568,572
574,366,367
575,574,367
363,575,367
570,575,363
368,576,572
368,572,364
573,572,577
577,572,576
579,578,574
578,366,574
578,370,366
579,574,575
581,580,576
368,581,576
373,581,368
576,580,577
578,375,370
582,375,578
381,583,382
584,383,382
584,382,583
584,585,383
585,373,383
585,581,373
384,375,586
375,587,586
375,582,587
586,386,384
391,588,392
589,393,392
589,392,588
590,394,393
590,393,589
583,381,394
590,583,394
591,583,590
593,584,592
584,591,592
584,583,591
584,593,585
586,587,594
594,587,595
596,395,386
586,596,386
594,596,586
597,396,395
597,395,596
598,397,396
598,396,597
599,398,397
599,397,598
600,399,398
600,398,599
588,391,399
600,588,399
601,588,600
588,602,589
588,601,602
604,590,603
590,602,603
590,589,602
590,604,591
591,604,605
591,605,592
595,606,594
608,607,606
607,594,606
607,596,594
596,609,597
596,607,609
597,610,598
597,609,610
598,611,599
598,610,611
599,612,600
599,611,612
614,601,613
601,612,613
601,600,612
601,614,602
602,614,615
602,615,603
608,616,607
607,616,609
609,616,617
609,617,610
610,617,618
610,618,611
611,618,619
611,619,612
612,619,620
612,620,613
623,622,621
625,624,621
621,624,623
401,402,625
402,624,625
402,626,624
628,627,403
627,402,403
627,626,402
628,629,627
632,631,630
634,633,630
630,633,632
633,634,622
634,621,622
634,635,621
635,405,406
625,635,406
621,635,625
625,406,401
408,636,628
408,628,403
629,628,637
628,638,637
628,636,638
638,639,637
642,641,640
642,640,631
640,630,631
640,643,630
630,644,634
630,643,644
644,410,411
635,644,411
634,644,635
635,411,405
414,645,636
414,636,408
636,646,638
636,645,646
639,638,647
638,648,647
638,646,648
648,649,647
640,641,650
650,641,651
650,416,417
643,650,417
640,650,643
643,417,418
643,418,644
644,418,410
423,652,645
423,645,414
645,653,646
645,652,653
646,654,648
646,653,654
649,648,655
655,648,654
657,656,426
426,656,425
658,426,427
658,657,426
659,427,429
659,658,427
660,429,431
660,659,429
662,660,661
660,433,661
660,431,433
435,663,433
433,663,661
437,664,435
435,664,663
439,664,437
667,666,665
667,665,651
665,650,651
665,668,650
668,441,416
668,416,650
445,669,446
652,423,446
669,652,446
670,652,669
652,671,653
652,670,671
653,672,654
653,671,672
655,654,673
673,654,672
675,674,449
449,674,448
449,425,656
449,656,675
676,662,661
676,661,663
676,663,677
677,663,664
677,664,678
678,664,439
457,678,439
679,678,457
457,459,679
679,459,680
665,666,681
681,666,682
681,461,462
668,681,462
665,681,668
668,462,441
467,683,669
467,669,445
669,684,670
669,683,684
670,685,671
670,684,685
671,686,672
671,685,686
673,672,687
687,672,686
689,688,470
470,688,469
470,448,674
470,674,689
690,680,459
690,459,480
692,691,482
691,480,482
691,690,480
692,693,691
681,682,694
694,682,695
694,484,461
694,461,681
489,696,683
489,683,467
683,697,684
683,696,697
684,698,685
684,697,698
685,699,686
685,698,699
687,686,700
700,686,699
703,702,701
701,704,490
688,701,490
469,688,490
701,688,703
704,492,490
502,705,692
502,692,482
693,692,706
692,707,706
692,705,707
707,708,706
711,710,709
711,709,695
695,709,694
709,504,694
504,505,694
694,505,484
511,712,696
511,696,489
696,713,697
696,712,713
697,714,698
697,713,714
716,699,715
699,714,715
699,698,714
699,716,700
701,702,717
717,702,718
701,719,704
701,717,719
719,513,492
719,492,704
523,705,502
707,705,720
705,525,720
525,721,720
525,705,523
707,720,708
709,710,528
710,527,528
710,722,527
709,528,504
535,712,511
712,535,537
723,712,537
713,712,723
713,724,714
713,723,724
715,714,725
725,714,724
717,718,726
726,718,727
717,728,719
717,726,728
729,538,513
719,729,513
728,729,719
730,539,538
730,538,729
731,540,539
731,539,730
732,541,540
732,540,731
733,542,541
733,541,732
734,543,542
734,542,733
735,544,543
735,543,734
735,546,544
549,736,550
736,737,550
737,525,550
737,721,525
739,738,552
552,738,551
552,527,722
552,722,739
556,740,723
556,723,537
723,741,724
723,740,741
725,724,742
742,724,741
727,743,726
745,744,743
744,726,743
744,728,726
728,746,729
728,744,746
729,747,730
729,746,747
730,748,731
730,747,748
731,749,732
731,748,749
732,750,733
732,749,750
733,751,734
733,750,751
734,752,735
734,751,752
753,557,546
735,753,546
752,753,735
754,558,557
754,557,753
755,559,558
755,558,754
736,549,559
755,736,559
756,736,755
737,736,757
757,736,756
738,561,551
758,561,738
564,759,740
564,740,556
740,760,741
740,759,760
742,741,761
761,741,760
745,762,744
744,762,746
746,762,763
746,763,747
747,763,764
747,764,748
748,764,765
748,765,749
749,765,766
749,766,750
750,766,767
750,767,751
751,767,768
770,769,768
769,751,768
769,752,751
752,771,753
752,769,771
753,772,754
753,771,772
754,773,755
754,772,773
775,756,774
756,773,774
756,755,773
756,775,757
776,566,567
777,776,567
561,777,567
758,777,561
569,778,759
569,759,564
780,760,779
760,778,779
760,759,778
760,780,761
770,781,769
769,781,771
771,781,782
771,782,772
772,782,783
772,783,773
773,783,784
773,784,774
785,570,571
786,785,571
786,571,566
787,786,566
776,787,566
787,776,777
573,788,778
573,778,569
779,778,789
789,778,788
791,790,785
790,570,785
790,575,570
791,785,786
577,792,788
577,788,573
789,788,793
793,788,792
795,794,579
579,794,578
579,575,790
579,790,795
581,796,580
796,797,580
580,797,577
797,798,577
798,792,577
792,798,793
801,800,799
794,801,799
582,794,799
578,794,582
585,802,796
585,796,581
797,796,803
803,796,802
799,800,804
804,800,805
804,587,582
804,582,799
592,806,593
806,807,593
593,807,585
807,808,585
808,802,585
802,808,803
804,805,809
809,805,810
809,595,587
809,587,804
603,811,604
812,605,604
812,604,811
812,813,605
605,813,592
813,814,592
814,806,592
806,814,807
809,810,815
815,810,816
817,606,595
809,817,595
815,817,809
817,608,606
613,818,614
819,615,614
819,614,818
811,603,615
819,811,615
820,811,819
811,821,812
811,820,821
813,812,822
822,812,821
816,823,815
825,824,823
824,815,823
824,817,815
826,616,608
817,826,608
824,826,817
827,617,616
827,616,826
828,618,617
828,617,827
829,619,618
829,618,828
830,620,619
830,619,829
818,613,620
830,818,620
831,818,830
818,832,819
818,831,832
819,833,820
819,832,833
835,821,834
821,833,834
821,820,833
821,835,822
824,825,836
836,825,837
824,838,826
824,836,838
826,839,827
826,838,839
827,840,828
827,839,840
828,841,829
828,840,841
829,842,830
829,841,842
830,843,831
830,842,843
831,844,832
831,843,844
846,833,845
833,844,845
833,832,844
833,846,834
837,847,836
849,848,847
848,836,847
848,838,836
838,850,839
838,848,850
839,851,840
839,850,851
840,852,841
840,851,852
854,842,853
842,852,853
842,841,852
842,854,843
843,854,855
843,855,844
844,855,856
844,856,845
849,857,848
848,857,850
850,857,858
850,858,851
851,858,859
851,859,852
852,859,860
852,860,853
863,862,861
861,864,863
867,866,865
867,865,862
865,861,862
865,868,861
864,861,869
869,861,868
872,871,870
874,873,870
870,873,872
874,875,873
865,866,876
876,866,877
865,878,868
865,876,878
869,868,879
868,880,879
868,878,880
880,881,879
870,871,882
882,871,883
870,884,874
870,882,884
875,874,885
885,874,884
876,877,886
886,877,887
876,888,878
876,886,888
878,889,880
878,888,889
881,880,890
890,880,889
882,883,891
891,883,892
882,893,884
882,891,893
885,884,894
884,895,894
884,893,895
895,896,894
899,898,897
899,897,887
897,886,887
897,900,886
886,901,888
886,900,901
888,902,889
888,901,902
890,889,903
889,904,903
889,902,904
904,905,903
891,892,906
906,892,907
891,908,893
891,906,908
893,909,895
893,908,909
896,895,910
910,895,909
897,898,911
911,898,912
897,913,900
897,911,913
900,914,901
900,913,914
901,915,902
901,914,915
902,916,904
902,915,916
905,904,917
917,904,916
906,907,918
918,907,919
906,920,908
906,918,920
908,921,909
908,920,921
910,909,922
922,909,921
911,912,923
923,912,924
911,925,913
911,923,925
913,926,914
913,925,926
914,927,915
914,926,927
915,928,916
915,927,928
917,916,929
929,916,928
918,919,930
930,919,931
918,932,920
918,930,932
920,933,921
920,932,933
922,921,934
934,921,933
923,924,935
935,924,936
923,937,925
923,935,937
925,938,926
925,937,938
926,939,927
926,938,939
927,940,928
927,939,940
929,928,941
941,928,940
931,942,930
944,943,942
943,930,942
943,932,930
946,933,945
933,943,945
933,932,943
933,946,934
936,947,935
949,948,947
948,935,947
948,937,935
937,950,938
937,948,950
938,951,939
938,950,951
939,952,940
939,951,952
941,940,953
953,940,952
944,954,943
943,954,945
948,949,955
955,949,956
948,957,950
948,955,957
950,958,951
950,957,958
960,952,959
952,958,959
952,951,958
952,960,953
955,956,961
961,956,962
955,963,957
955,961,963
957,964,958
957,963,964
959,958,965
965,958,964
962,966,961
968,967,966
967,961,966
967,963,961
963,969,964
963,967,969
965,964,970
970,964,969
968,971,967
967,971,969
969,971,972
969,972,970
973,622,623
973,623,974
623,975,974
623,624,975
976,624,626
976,975,624
977,626,627
977,976,626
627,629,977
977,629,978
979,631,632
979,632,980
632,981,980
632,633,981
633,622,973
982,633,973
981,633,982
982,973,974
983,978,629
983,629,637
985,984,639
984,637,639
984,983,637
985,986,984
987,641,642
988,987,642
988,642,631
989,988,631
979,989,631
989,979,980
647,985,639
647,649,985
649,986,985
649,990,986
992,991,987
991,641,987
991,651,641
992,987,988
655,994,993
990,655,993
649,655,990
994,995,993
996,656,657
658,997,657
657,997,996
659,998,658
658,998,997
660,999,659
659,999,998
662,999,660
1002,1001,1000
1004,1003,1000
1000,1003,1002
1004,1005,1003
1006,666,667
1007,1006,667
651,1007,667
991,1007,651
673,1008,994
673,994,655
995,994,1009
994,1010,1009
994,1008,1010
1010,1011,1009
1012,674,675
656,996,675
996,1012,675
996,1013,1012
1014,996,997
1013,996,1014
1015,997,998
1014,997,1015
999,1017,1016
1015,999,1016
998,999,1015
1017,999,662
676,1017,662
1018,1017,676
677,1000,1001
1018,677,1001
676,677,1018
1000,677,678
1000,678,1004
1019,1005,1004
678,1019,1004
679,1019,678
1021,1020,680
1020,679,680
1020,1019,679
1023,1022,1021
1021,1022,1020
1023,1024,1022
1026,1025,1006
1025,666,1006
1025,682,666
1026,1006,1007
687,1027,1008
687,1008,673
1008,1028,1010
1008,1027,1028
1011,1010,1029
1029,1010,1028
1030,688,689
674,1012,689
1012,1030,689
1012,1031,1030
1032,1012,1013
1031,1012,1032
1033,1013,1014
1032,1013,1033
1015,1035,1034
1033,1015,1034
1014,1015,1033
1035,1015,1016
690,1021,680
1021,690,691
1021,691,1023
1037,1036,693
693,1036,691
1036,1024,691
1024,1023,691
1037,1038,1036
1025,695,682
1039,695,1025
700,1040,1027
700,1027,687
1027,1041,1028
1027,1040,1041
1029,1028,1042
1042,1028,1041
1044,1043,703
703,1043,702
703,688,1030
1045,703,1030
1044,703,1045
1045,1030,1031
1045,1031,1046
1046,1031,1032
1046,1032,1047
1047,1032,1033
1047,1033,1048
1048,1033,1034
706,1037,693
1050,1049,708
708,1049,706
1049,1038,706
1038,1037,706
1050,1051,1049
1053,1052,711
711,1052,710
711,695,1039
711,1039,1053
715,1054,716
1040,700,716
1054,1040,716
1055,1040,1054
1040,1056,1041
1040,1055,1056
1042,1041,1057
1057,1041,1056
1060,1059,1058
1043,1060,1058
718,1043,1058
702,1043,718
721,1061,720
1050,708,720
1061,1050,720
1062,1050,1061
1051,1050,1063
1050,1064,1063
1050,1062,1064
1064,1065,1063
1068,1067,1066
1052,1068,1066
722,1052,1066
710,1052,722
725,1069,1054
725,1054,715
1054,1070,1055
1054,1069,1070
1055,1071,1056
1055,1070,1071
1057,1056,1072
1072,1056,1071
1075,1074,1073
1075,1073,1059
1073,1058,1059
1073,1076,1058
1076,727,718
1076,718,1058
737,1077,1061
737,1061,721
1061,1078,1062
1061,1077,1078
1062,1079,1064
1062,1078,1079
1065,1064,1080
1080,1064,1079
1083,1082,1081
1083,1081,1067
1067,1081,1066
1081,738,1066
738,739,1066
1066,739,722
742,1084,1069
742,1069,725
1069,1085,1070
1069,1084,1085
1070,1086,1071
1070,1085,1086
1072,1071,1087
1087,1071,1086
1073,1074,1088
1088,1074,1089
1073,1090,1076
1073,1088,1090
1091,743,727
1076,1091,727
1090,1091,1076
1091,745,743
757,1092,1077
757,1077,737
1077,1093,1078
1077,1092,1093
1078,1094,1079
1078,1093,1094
1080,1079,1095
1095,1079,1094
1081,1082,1096
1096,1082,1097
1096,758,738
1096,738,1081
761,1098,1084
761,1084,742
1084,1099,1085
1084,1098,1099
1101,1086,1100
1086,1099,1100
1086,1085,1099
1086,1101,1087
1089,1102,1088
1104,1103,1102
1103,1088,1102
1103,1090,1088
1090,1105,1091
1090,1103,1105
1106,762,745
1091,1106,745
1105,1106,1091
1107,763,762
1107,762,1106
1108,764,763
1108,763,1107
1109,765,764
1109,764,1108
1110,766,765
1110,765,1109
1111,767,766
1111,766,1110
1112,768,767
1112,767,1111
1112,770,768
774,1113,775
1092,757,775
1113,1092,775
1114,1092,1113
1092,1115,1093
1092,1114,1115
1117,1094,1116
1094,1115,1116
1094,1093,1115
1094,1117,1095
1120,1119,1118
1120,1118,1097
1118,1096,1097
1118,1121,1096
1121,777,758
1121,758,1096
779,1122,780
1098,761,780
1122,1098,780
1123,1098,1122
1098,1124,1099
1098,1123,1124
1100,1099,1125
1125,1099,1124
1104,1126,1103
1103,1126,1105
1105,1126,1127
1105,1127,1106
1106,1127,1128
1106,1128,1107
1107,1128,1129
1107,1129,1108
1108,1129,1130
1108,1130,1109
1109,1130,1131
1109,1131,1110
1110,1131,1132
1110,1132,1111
1111,1132,1133
1135,1134,1133
1134,1111,1133
1134,1112,1111
1136,781,770
1112,1136,770
1134,1136,1112
1137,782,781
1137,781,1136
1138,783,782
1138,782,1137
1139,784,783
1139,783,1138
1113,774,784
1139,1113,784
1140,1113,1139
1142,1114,1141
1114,1140,1141
1114,1113,1140
1114,1142,1115
1115,1142,1143
1115,1143,1116
1146,1145,1144
1146,1144,1119
1144,1118,1119
1144,1147,1118
1147,786,787
1121,1147,787
1118,1147,1121
1121,787,777
789,1148,1122
789,1122,779
1122,1149,1123
1122,1148,1149
1151,1124,1150
1124,1149,1150
1124,1123,1149
1124,1151,1125
1135,1152,1134
1134,1152,1136
1136,1152,1153
1136,1153,1137
1137,1153,1154
1137,1154,1138
1138,1154,1155
1138,1155,1139
1139,1155,1156
1139,1156,1140
1140,1156,1157
1140,1157,1141
1160,1159,1158
1160,1158,1145
1158,1144,1145
1158,1161,1144
1161,790,791
1147,1161,791
1144,1161,1147
1147,791,786
793,1162,1148
793,1148,789
1164,1149,1163
1149,1162,1163
1149,1148,1162
1149,1164,1150
1167,1166,1165
1167,1165,1159
1165,1158,1159
1165,1168,1158
1168,794,795
1161,1168,795
1158,1168,1161
1161,795,790
797,1169,798
1162,793,798
1169,1162,798
1170,1162,1169
1163,1162,1171
1171,1162,1170
1165,1166,1172
1172,1166,1173
1172,800,801
1168,1172,801
1165,1172,1168
1168,801,794
803,1174,1169
803,1169,797
1176,1170,1175
1170,1174,1175
1170,1169,1174
1170,1176,1171
1172,1173,1177
1177,1173,1178
1177,805,800
1177,800,1172
807,1179,808
1179,1180,808
808,1180,803
1180,1181,803
1181,1174,803
1174,1181,1175
1177,1178,1182
1182,1178,1183
1182,810,805
1182,805,1177
813,1184,814
1179,807,814
1184,1179,814
1185,1179,1184
1180,1179,1186
1186,1179,1185
1183,1187,1182
810,1182,1187
1188,810,1187
816,810,1188
822,1189,1184
822,1184,813
1191,1185,1190
1185,1189,1190
1185,1184,1189
1185,1191,1186
823,816,1192
816,1193,1192
816,1188,1193
1192,825,823
834,1194,835
1189,822,835
1194,1189,835
1195,1189,1194
1190,1189,1196
1196,1189,1195
1192,1193,1197
1197,1193,1198
1197,837,825
1197,825,1192
845,1199,846
1194,834,846
1199,1194,846
1200,1194,1199
1202,1195,1201
1195,1200,1201
1195,1194,1200
1195,1202,1196
1198,1203,1197
1203,1205,1204
1203,1204,847
1197,1203,847
837,1197,847
1204,849,847
853,1206,854
1207,855,854
1207,854,1206
1208,856,855
1208,855,1207
1199,845,856
1208,1199,856
1209,1199,1208
1199,1210,1200
1199,1209,1210
1201,1200,1211
1211,1200,1210
1204,1205,1212
1212,1205,1213
1214,857,849
1204,1214,849
1212,1214,1204
1215,858,857
1215,857,1214
1216,859,858
1216,858,1215
1217,860,859
1217,859,1216
1206,853,860
1217,1206,860
1218,1206,1217
1206,1219,1207
1206,1218,1219
1207,1220,1208
1207,1219,1220
1208,1221,1209
1208,1220,1221
1223,1210,1222
1210,1221,1222
1210,1209,1221
1210,1223,1211
1212,1213,1224
1224,1213,1225
1212,1226,1214
1212,1224,1226
1214,1227,1215
1214,1226,1227
1215,1228,1216
1215,1227,1228
1216,1229,1217
1216,1228,1229
1217,1230,1218
1217,1229,1230
1218,1231,1219
1218,1230,1231
1219,1232,1220
1219,1231,1232
1220,1233,1221
1220,1232,1233
1222,1221,1234
1234,1221,1233
1225,1235,1224
1237,1236,1235
1236,1224,1235
1236,1226,1224
1226,1238,1227
1226,1236,1238
1227,1239,1228
1227,1238,1239
1228,1240,1229
1228,1239,1240
1229,1241,1230
1229,1240,1241
1230,1242,1231
1230,1241,1242
1231,1243,1232
1231,1242,1243
1245,1233,1244
1233,1243,1244
1233,1232,1243
1233,1245,1234
1236,1237,1246
1246,1237,1247
1236,1248,1238
1236,1246,1248
1238,1249,1239
1238,1248,1249
1239,1250,1240
1239,1249,1250
1240,1251,1241
1240,1250,1251
1241,1252,1242
1241,1251,1252
1254,1243,1253
1243,1252,1253
1243,1242,1252
1243,1254,1244
1246,1247,1255
1255,1247,1256
1246,1257,1248
1246,1255,1257
1248,1258,1249
1248,1257,1258
1249,1259,1250
1249,1258,1259
1261,1251,1260
1251,1259,1260
1251,1250,1259
1251,1261,1252
1252,1261,1262
1252,1262,1253
1255,1256,1263
1263,1256,1264
1255,1265,1257
1255,1263,1265
1257,1266,1258
1257,1265,1266
1268,1259,1267
1259,1266,1267
1259,1258,1266
1259,1268,1260
1271,1270,1269
1273,1272,1269
1269,1272,1271
1273,1274,1272
1264,1275,1263
1277,1276,1275
1276,1263,1275
1276,1265,1263
1279,1266,1278
1266,1276,1278
1266,1265,1276
1266,1279,1267
1269,1270,1280
1280,1270,1281
1269,1282,1273
1269,1280,1282
1274,1273,1283
1283,1273,1282
1277,1284,1276
1276,1284,1278
1280,1281,1285
1285,1281,1286
1280,1287,1282
1280,1285,1287
1283,1282,1288
1282,1289,1288
1282,1287,1289
1289,1290,1288
1285,1286,1291
1291,1286,1292
1285,1293,1287
1285,1291,1293
1287,1294,1289
1287,1293,1294
1290,1289,1295
1289,1296,1295
1289,1294,1296
1296,1297,1295
1300,1299,1298
1302,1301,1298
1298,1301,1300
1302,1303,1301
1306,1305,1304
1306,1304,1292
1304,1291,1292
1304,1307,1291
1291,1308,1293
1291,1307,1308
1293,1309,1294
1293,1308,1309
1294,1310,1296
1294,1309,1310
1297,1296,1311
1296,1312,1311
1296,1310,1312
1312,1313,1311
1298,1299,1314
1314,1299,1315
1298,1316,1302
1298,1314,1316
1303,1302,1317
1302,1318,1317
1302,1316,1318
1320,1319,1318
1318,1319,1317
1320,1321,1319
1304,1305,1322
1322,1305,1323
1304,1324,1307
1304,1322,1324
1307,1325,1308
1307,1324,1325
1308,1326,1309
1308,1325,1326
1309,1327,1310
1309,1326,1327
1310,1328,1312
1310,1327,1328
1313,1312,1329
1329,1312,1328
1332,1331,1330
1332,1330,1315
1330,1314,1315
1330,1333,1314
1314,1334,1316
1314,1333,1334
1316,1335,1318
1316,1334,1335
1318,1336,1320
1318,1335,1336
1321,1320,1337
1320,1338,1337
1320,1336,1338
1338,1339,1337
1322,1323,1340
1340,1323,1341
1322,1342,1324
1322,1340,1342
1324,1343,1325
1324,1342,1343
1325,1344,1326
1325,1343,1344
1326,1345,1327
1326,1344,1345
1327,1346,1328
1327,1345,1346
1329,1328,1347
1347,1328,1346
1330,1331,1348
1348,1331,1349
1330,1350,1333
1330,1348,1350
1350,862,863
1334,1350,863
1333,1350,1334
1334,863,864
1351,1334,864
1335,1334,1351
1335,1352,1336
1335,1351,1352
1336,1353,1338
1336,1352,1353
1339,1338,1354
1338,1355,1354
1338,1353,1355
1355,1356,1354
1340,1341,1357
1357,1341,1358
1340,1359,1342
1340,1357,1359
1342,1360,1343
1342,1359,1360
1343,1361,1344
1343,1360,1361
1344,1362,1345
1344,1361,1362
1345,1363,1346
1345,1362,1363
1347,1346,1364
1346,1365,1364
1346,1363,1365
1365,1366,1364
1348,1349,1367
1367,1349,1368
1367,866,867
1350,1367,867
1348,1367,1350
1350,867,862
869,1369,1351
869,1351,864
1351,1370,1352
1351,1369,1370
1352,1371,1353
1352,1370,1371
1353,1372,1355
1353,1371,1372
1356,1355,1373
1373,1355,1372
1357,1358,1374
1374,1358,1375
1357,1376,1359
1357,1374,1376
1359,1377,1360
1359,1376,1377
1377,871,872
1361,1377,872
1360,1377,1361
1361,872,873
1361,873,1362
1362,873,875
1378,1362,875
1363,1362,1378
1363,1379,1365
1363,1378,1379
1366,1365,1380
1380,1365,1379
1367,1368,1381
1381,1368,1382
1381,877,866
1381,866,1367
879,1369,869
1369,879,881
1383,1369,881
1370,1369,1383
1370,1384,1371
1370,1383,1384
1371,1385,1372
1371,1384,1385
1373,1372,1386
1372,1387,1386
1372,1385,1387
1387,1388,1386
1374,1375,1389
1389,1375,1390
1374,1391,1376
1374,1389,1391
1376,1392,1377
1376,1391,1392
1392,883,871
1392,871,1377
885,1393,1378
885,1378,875
1378,1394,1379
1378,1393,1394
1380,1379,1395
1395,1379,1394
1381,1382,1396
1396,1382,1397
1396,887,877
1396,877,1381
890,1398,1383
890,1383,881
1383,1399,1384
1383,1398,1399
1384,1400,1385
1384,1399,1400
1385,1401,1387
1385,1400,1401
1388,1387,1402
1402,1387,1401
1389,1390,1403
1403,1390,1404
1389,1405,1391
1389,1403,1405
1391,1406,1392
1391,1405,1406
1406,892,883
1406,883,1392
894,1393,885
1393,894,896
1407,1393,896
1394,1393,1407
1395,1394,1408
1408,1394,1407
1396,1397,899
1397,898,899
1397,1409,898
1396,899,887
903,1398,890
1398,903,905
1410,1398,905
1399,1398,1410
1399,1411,1400
1399,1410,1411
1400,1412,1401
1400,1411,1412
1402,1401,1413
1413,1401,1412
1403,1404,1414
1414,1404,1415
1403,1416,1405
1403,1414,1416
1405,1417,1406
1405,1416,1417
1417,907,892
1417,892,1406
910,1418,1407
910,1407,896
1408,1407,1419
1419,1407,1418
1409,912,898
1420,912,1409
917,1421,1410
917,1410,905
1410,1422,1411
1410,1421,1422
1411,1423,1412
1411,1422,1423
1413,1412,1424
1424,1412,1423
1415,1425,1414
1427,1426,1425
1426,1414,1425
1426,1416,1414
1416,1428,1417
1416,1426,1428
1428,919,907
1428,907,1417
922,1429,1418
922,1418,910
1419,1418,1430
1430,1418,1429
1420,924,912
1431,924,1420
929,1432,1421
929,1421,917
1421,1433,1422
1421,1432,1433
1422,1434,1423
1422,1433,1434
1424,1423,1435
1435,1423,1434
1426,1427,1436
1436,1427,1437
1426,1438,1428
1426,1436,1438
1438,931,919
1438,919,1428
934,1439,1429
934,1429,922
1430,1429,1440
1440,1429,1439
1431,936,924
1441,936,1431
941,1442,1432
941,1432,929
1432,1443,1433
1432,1442,1443
1433,1444,1434
1433,1443,1444
1435,1434,1445
1445,1434,1444
1436,1437,1446
1446,1437,1447
1436,1448,1438
1436,1446,1448
1449,942,931
1438,1449,931
1448,1449,1438
1449,944,942
945,1450,946
1439,934,946
1450,1439,946
1451,1439,1450
1440,1439,1452
1452,1439,1451
947,936,1453
936,1454,1453
936,1441,1454
1453,949,947
953,1455,1442
953,1442,941
1442,1456,1443
1442,1455,1456
1443,1457,1444
1443,1456,1457
1445,1444,1458
1458,1444,1457
1447,1459,1446
1461,1460,1459
1460,1446,1459
1460,1448,1446
1448,1462,1449
1448,1460,1462
1463,954,944
1449,1463,944
1462,1463,1449
1450,945,954
1463,1450,954
1464,1450,1463
1450,1465,1451
1450,1464,1465
1452,1451,1466
1466,1451,1465
1453,1454,1467
1467,1454,1468
1467,956,949
1467,949,1453
959,1469,960
1455,953,960
1469,1455,960
1470,1455,1469
1455,1471,1456
1455,1470,1471
1473,1457,1472
1457,1471,1472
1457,1456,1471
1457,1473,1458
1461,1474,1460
1476,1475,1474
1475,1460,1474
1475,1462,1460
1462,1477,1463
1462,1475,1477
1463,1478,1464
1463,1477,1478
1464,1479,1465
1464,1478,1479
1466,1465,1480
1480,1465,1479
1467,1468,1481
1481,1468,1482
1481,962,956
1481,956,1467
965,1483,1469
965,1469,959
1469,1484,1470
1469,1483,1484
1470,1485,1471
1470,1484,1485
1472,1471,1486
1486,1471,1485
1476,1487,1475
1489,1488,1487
1488,1475,1487
1488,1477,1475
1477,1490,1478
1477,1488,1490
1492,1479,1491
1479,1490,1491
1479,1478,1490
1479,1492,1480
1481,1482,1493
1493,1482,1494
1495,966,962
1481,1495,962
1493,1495,1481
1495,968,966
970,1496,1483
970,1483,965
1483,1497,1484
1483,1496,1497
1499,1485,1498
1485,1497,1498
1485,1484,1497
1485,1499,1486
1489,1500,1488
1488,1500,1490
1490,1500,1501
1490,1501,1491
1494,1502,1493
1504,1503,1502
1503,1493,1502
1503,1495,1493
1505,971,968
1495,1505,968
1503,1505,1495
1506,972,971
1506,971,1505
1496,970,972
1506,1496,972
1507,1496,1506
1496,1508,1497
1496,1507,1508
1498,1497,1509
1509,1497,1508
1503,1504,1510
1510,1504,1511
1503,1512,1505
1503,1510,1512
1505,1513,1506
1505,1512,1513
1506,1514,1507
1506,1513,1514
1516,1508,1515
1508,1514,1515
1508,1507,1514
1508,1516,1509
1510,1511,1517
1517,1511,1518
1510,1519,1512
1510,1517,1519
1512,1520,1513
1512,1519,1520
1513,1521,1514
1513,1520,1521
1515,1514,1522
1522,1514,1521
1518,1523,1517
1525,1524,1523
1524,1517,1523
1524,1519,1517
1519,1526,1520
1519,1524,1526
1520,1527,1521
1520,1526,1527
1522,1521,1528
1528,1521,1527
1525,1529,1524
1531,1530,1529
1530,1524,1529
1530,1526,1524
1533,1527,1532
1527,1530,1532
1527,1526,1530
1527,1533,1528
1531,1534,1530
1530,1534,1532
1535,974,975
976,1536,975
975,1536,1535
977,1537,976
976,1537,1536
978,1537,977
1538,980,981
982,1539,981
981,1539,1538
974,1535,982
1535,1539,982
1535,1540,1539
1541,1535,1536
1540,1535,1541
1542,1536,1537
1541,1536,1542
983,1543,978
1543,1537,978
1543,1542,1537
984,1544,983
983,1544,1543
986,1544,984
1545,988,989
980,1538,989
1538,1545,989
1538,1546,1545
1547,1538,1539
1546,1538,1547
1548,1539,1540
1547,1539,1548
1549,1540,1541
1548,1540,1549
1550,1541,1542
1549,1541,1550
1551,1542,1543
1550,1542,1551
1552,1543,1544
1551,1543,1552
990,1552,986
986,1552,1544
1553,991,992
988,1545,992
1545,1553,992
1545,1554,1553
1555,1545,1546
1554,1545,1555
1556,1546,1547
1555,1546,1556
1557,1547,1548
1556,1547,1557
1558,1548,1549
1557,1548,1558
1559,1549,1550
1558,1549,1559
1560,1550,1551
1559,1550,1560
1561,1551,1552
1560,1551,1561
993,1562,990
1562,1552,990
1562,1561,1552
995,1562,993
1565,1564,1563
1567,1566,1563
1563,1566,1565
1569,1568,1567
1567,1568,1566
1571,1570,1569
1569,1570,1568
1001,1002,1571
1002,1570,1571
1002,1572,1570
1573,1002,1003
1573,1572,1002
1575,1574,1005
1574,1003,1005
1574,1573,1003
1577,1576,1575
1575,1576,1574
1579,1578,1577
1577,1578,1576
1579,1580,1578
1581,1007,1553
1553,1007,991
1582,1553,1554
1581,1553,1582
1583,1554,1555
1582,1554,1583
1584,1555,1556
1583,1555,1584
1585,1556,1557
1584,1556,1585
1586,1557,1558
1585,1557,1586
1587,1558,1559
1586,1558,1587
1588,1559,1560
1587,1559,1588
1589,1560,1561
1588,1560,1589
1590,1561,1562
1589,1561,1590
1009,1591,995
1591,1562,995
1591,1590,1562
1011,1591,1009
1594,1593,1592
1594,1592,1564
1592,1563,1564
1592,1595,1563
1563,1596,1567
1563,1595,1596
1596,1016,1017
1569,1596,1017
1567,1596,1569
1569,1017,1018
1569,1018,1571
1571,1018,1001
1019,1575,1005
1575,1019,1020
1575,1020,1577
1577,1020,1022
1577,1022,1579
1598,1597,1024
1024,1597,1022
1597,1580,1022
1580,1579,1022
1598,1599,1597
1600,1025,1026
1601,1600,1026
1601,1026,1007
1602,1601,1007
1581,1602,1007
1602,1581,1582
1602,1582,1603
1603,1582,1583
1603,1583,1604
1604,1583,1584
1604,1584,1605
1605,1584,1585
1605,1585,1606
1606,1585,1586
1606,1586,1607
1607,1586,1587
1607,1587,1608
1608,1587,1588
1608,1588,1609
1609,1588,1589
1609,1589,1610
1610,1589,1590
1610,1590,1611
1611,1590,1591
1611,1591,1612
1591,1011,1612
1011,1613,1612
1011,1029,1613
1616,1615,1614
1616,1614,1593
1614,1592,1593
1614,1617,1592
1592,1618,1595
1592,1617,1618
1618,1034,1035
1596,1618,1035
1595,1618,1596
1596,1035,1016
1036,1598,1024
1620,1619,1038
1038,1619,1036
1619,1599,1036
1599,1598,1036
1622,1621,1620
1620,1621,1619
1622,1623,1621
1625,1624,1600
1624,1025,1600
1624,1039,1025
1625,1600,1601
1042,1627,1626
1613,1042,1626
1029,1042,1613
1627,1628,1626
1630,1629,1044
1044,1629,1043
1631,1044,1045
1631,1630,1044
1046,1614,1615
1631,1046,1615
1045,1046,1631
1614,1046,1047
1614,1047,1617
1617,1047,1048
1617,1048,1618
1618,1048,1034
1049,1620,1038
1620,1049,1051
1632,1620,1051
1622,1620,1632
1623,1622,1633
1622,1634,1633
1622,1632,1634
1634,1635,1633
1637,1636,1053
1053,1636,1052
1053,1039,1624
1053,1624,1637
1057,1638,1627
1057,1627,1042
1628,1627,1639
1627,1640,1639
1627,1638,1640
1640,1641,1639
1643,1642,1060
1060,1642,1059
1060,1043,1629
1060,1629,1643
1063,1632,1051
1632,1063,1065
1644,1632,1065
1634,1632,1644
1635,1634,1645
1634,1646,1645
1634,1644,1646
1648,1647,1646
1646,1647,1645
1648,1649,1647
1652,1651,1650
1067,1068,1650
1068,1652,1650
1068,1653,1652
1068,1052,1636
1068,1636,1653
1072,1654,1638
1072,1638,1057
1638,1655,1640
1638,1654,1655
1641,1640,1656
1656,1640,1655
1658,1657,1075
1075,1657,1074
1075,1059,1642
1075,1642,1658
1080,1659,1644
1080,1644,1065
1644,1660,1646
1644,1659,1660
1646,1661,1648
1646,1660,1661
1649,1648,1662
1648,1663,1662
1648,1661,1663
1665,1664,1663
1663,1664,1662
1667,1666,1665
1665,1666,1664
1669,1668,1667
1667,1668,1666
1671,1670,1669
1669,1670,1668
1673,1672,1671
1671,1672,1670
1672,1673,1651
1651,1673,1650
1673,1082,1650
1082,1083,1650
1650,1083,1067
1087,1674,1654
1087,1654,1072
1654,1675,1655
1654,1674,1675
1656,1655,1676
1676,1655,1675
1657,1089,1074
1677,1089,1657
1095,1678,1659
1095,1659,1080
1659,1679,1660
1659,1678,1679
1660,1680,1661
1660,1679,1680
1661,1681,1663
1661,1680,1681
1663,1682,1665
1663,1681,1682
1665,1683,1667
1665,1682,1683
1667,1684,1669
1667,1683,1684
1669,1685,1671
1669,1684,1685
1671,1686,1673
1671,1685,1686
1686,1097,1082
1686,1082,1673
1100,1687,1101
1674,1087,1101
1687,1674,1101
1688,1674,1687
1674,1689,1675
1674,1688,1689
1676,1675,1690
1690,1675,1689
1102,1089,1691
1089,1692,1691
1089,1677,1692
1691,1104,1102
1116,1693,1117
1678,1095,1117
1693,1678,1117
1694,1678,1693
1678,1695,1679
1678,1694,1695
1679,1696,1680
1679,1695,1696
1680,1697,1681
1680,1696,1697
1681,1698,1682
1681,1697,1698
1682,1699,1683
1682,1698,1699
1683,1700,1684
1683,1699,1700
1684,1701,1685
1684,1700,1701
1701,1119,1120
1686,1701,1120
1685,1701,1686
1686,1120,1097
1125,1702,1687
1125,1687,1100
1687,1703,1688
1687,1702,1703
1688,1704,1689
1688,1703,1704
1690,1689,1705
1705,1689,1704
1692,1706,1691
1706,1708,1707
1706,1707,1126
1691,1706,1126
1104,1691,1126
1709,1127,1126
1709,1126,1707
1710,1128,1127
1710,1127,1709
1711,1129,1128
1711,1128,1710
1712,1130,1129
1712,1129,1711
1713,1131,1130
1713,1130,1712
1714,1132,1131
1714,1131,1713
1715,1133,1132
1715,1132,1714
1715,1135,1133
1141,1716,1142
1717,1143,1142
1717,1142,1716
1693,1116,1143
1717,1693,1143
1718,1693,1717
1693,1719,1694
1693,1718,1719
1694,1720,1695
1694,1719,1720
1695,1721,1696
1695,1720,1721
1696,1722,1697
1696,1721,1722
1697,1723,1698
1697,1722,1723
1698,1724,1699
1698,1723,1724
1699,1725,1700
1699,1724,1725
1725,1145,1146
1701,1725,1146
1700,1725,1701
1701,1146,1119
1150,1726,1151
1702,1125,1151
1726,1702,1151
1727,1702,1726
1702,1728,1703
1702,1727,1728
1730,1704,1729
1704,1728,1729
1704,1703,1728
1704,1730,1705
1708,1731,1707
1707,1731,1709
1709,1731,1732
1709,1732,1710
1710,1732,1733
1710,1733,1711
1711,1733,1734
1711,1734,1712
1712,1734,1735
1712,1735,1713
1713,1735,1736
1713,1736,1714
1714,1736,1737
1714,1737,1715
1715,1737,1738
1715,1738,1135
1738,1152,1135
1738,1739,1152
1152,1740,1153
1739,1740,1152
1740,1742,1741
1154,1740,1741
1153,1740,1154
1743,1155,1154
1743,1154,1741
1744,1156,1155
1744,1155,1743
1745,1157,1156
1745,1156,1744
1716,1141,1157
1745,1716,1157
1746,1716,1745
1716,1747,1717
1716,1746,1747
1717,1748,1718
1717,1747,1748
1718,1749,1719
1718,1748,1749
1719,1750,1720
1719,1749,1750
1720,1751,1721
1720,1750,1751
1721,1752,1722
1721,1751,1752
1722,1753,1723
1722,1752,1753
1723,1754,1724
1723,1753,1754
1754,1159,1160
1725,1754,1160
1724,1754,1725
1725,1160,1145
1163,1755,1164
1726,1150,1164
1755,1726,1164
1756,1726,1755
1758,1727,1757
1727,1756,1757
1727,1726,1756
1727,1758,1728
1728,1758,1759
1728,1759,1729
1742,1760,1741
1741,1760,1743
1743,1760,1761
1743,1761,1744
1744,1761,1762
1744,1762,1745
1745,1762,1763
1765,1764,1763
1764,1745,1763
1764,1746,1745
1746,1766,1747
1746,1764,1766
1747,1767,1748
1747,1766,1767
1748,1768,1749
1748,1767,1768
1749,1769,1750
1749,1768,1769
1750,1770,1751
1750,1769,1770
1751,1771,1752
1751,1770,1771
1752,1772,1753
1752,1771,1772
1772,1166,1167
1754,1772,1167
1753,1772,1754
1754,1167,1159
1171,1773,1755
1171,1755,1163
1775,1756,1774
1756,1773,1774
1756,1755,1773
1756,1775,1757
1765,1776,1764
1764,1776,1766
1766,1776,1777
1766,1777,1767
1767,1777,1778
1767,1778,1768
1768,1778,1779
1768,1779,1769
1769,1779,1780
1769,1780,1770
1770,1780,1781
1783,1782,1781
1782,1770,1781
1782,1771,1770
1771,1784,1772
1771,1782,1784
1784,1173,1166
1784,1166,1772
1175,1785,1176
1785,1786,1176
1176,1786,1171
1786,1787,1171
1787,1773,1171
1773,1787,1774
1783,1788,1782
1790,1789,1788
1789,1782,1788
1789,1784,1782
1789,1178,1173
1789,1173,1784
1180,1791,1181
1791,1792,1181
1181,1792,1175
1792,1793,1175
1793,1785,1175
1785,1793,1786
1789,1790,1794
1794,1790,1795
1794,1183,1178
1794,1178,1789
1797,1796,1791
1180,1797,1791
1186,1797,1180
1791,1796,1792
1795,1798,1794
1798,1800,1799
1798,1799,1187
1794,1798,1187
1183,1794,1187
1799,1188,1187
1190,1801,1191
1801,1802,1191
1802,1186,1191
1802,1797,1186
1799,1800,1803
1803,1800,1804
1803,1193,1188
1803,1188,1799
1196,1805,1801
1196,1801,1190
1802,1801,1806
1806,1801,1805
1804,1807,1803
1193,1803,1807
1808,1193,1807
1198,1193,1808
1201,1809,1202
1809,1810,1202
1202,1810,1196
1810,1811,1196
1811,1805,1196
1805,1811,1806
1203,1198,1812
1198,1813,1812
1198,1808,1813
1812,1205,1203
1211,1814,1809
1211,1809,1201
1810,1809,1815
1815,1809,1814
1812,1813,1816
1816,1813,1817
1816,1213,1205
1816,1205,1812
1222,1818,1223
1814,1211,1223
1818,1814,1223
1819,1814,1818
1815,1814,1820
1820,1814,1819
1817,1821,1816
1213,1816,1821
1822,1213,1821
1225,1213,1822
1234,1823,1818
1234,1818,1222
1818,1824,1819
1818,1823,1824
1820,1819,1825
1825,1819,1824
1235,1225,1826
1225,1827,1826
1225,1822,1827
1826,1237,1235
1244,1828,1245
1823,1234,1245
1828,1823,1245
1829,1823,1828
1823,1830,1824
1823,1829,1830
1825,1824,1831
1831,1824,1830
1826,1827,1832
1832,1827,1833
1832,1247,1237
1832,1237,1826
1253,1834,1254
1828,1244,1254
1834,1828,1254
1835,1828,1834
1828,1836,1829
1828,1835,1836
1829,1837,1830
1829,1836,1837
1831,1830,1838
1838,1830,1837
1841,1840,1839
1841,1839,1833
1839,1832,1833
1839,1842,1832
1842,1256,1247
1842,1247,1832
1260,1843,1261
1844,1262,1261
1844,1261,1843
1834,1253,1262
1844,1834,1262
1845,1834,1844
1834,1846,1835
1834,1845,1846
1835,1847,1836
1835,1846,1847
1836,1848,1837
1836,1847,1848
1838,1837,1849
1837,1850,1849
1837,1848,1850
1850,1851,1849
1839,1840,1852
1852,1840,1853
1839,1854,1842
1839,1852,1854
1854,1264,1256
1854,1256,1842
1267,1855,1268
1843,1260,1268
1855,1843,1268
1856,1843,1855
1843,1857,1844
1843,1856,1857
1844,1858,1845
1844,1857,1858
1845,1859,1846
1845,1858,1859
1859,1270,1271
1847,1859,1271
1846,1859,1847
1847,1271,1272
1847,1272,1848
1848,1272,1274
1860,1848,1274
1850,1848,1860
1851,1850,1861
1850,1862,1861
1850,1860,1862
1862,1863,1861
1852,1853,1864
1864,1853,1865
1852,1866,1854
1852,1864,1866
1867,1275,1264
1854,1867,1264
1866,1867,1854
1867,1277,1275
1278,1868,1279
1855,1267,1279
1868,1855,1279
1869,1855,1868
1855,1870,1856
1855,1869,1870
1856,1871,1857
1856,1870,1871
1857,1872,1858
1857,1871,1872
1858,1873,1859
1858,1872,1873
1873,1281,1270
1873,1270,1859
1283,1874,1860
1283,1860,1274
1860,1875,1862
1860,1874,1875
1863,1862,1876
1862,1877,1876
1862,1875,1877
1877,1878,1876
1881,1880,1879
1881,1879,1865
1879,1864,1865
1879,1882,1864
1864,1883,1866
1864,1882,1883
1866,1884,1867
1866,1883,1884
1885,1284,1277
1867,1885,1277
1884,1885,1867
1868,1278,1284
1885,1868,1284
1886,1868,1885
1868,1887,1869
1868,1886,1887
1869,1888,1870
1869,1887,1888
1870,1889,1871
1870,1888,1889
1871,1890,1872
1871,1889,1890
1872,1891,1873
1872,1890,1891
1891,1286,1281
1891,1281,1873
1288,1874,1283
1874,1288,1290
1892,1874,1290
1875,1874,1892
1875,1893,1877
1875,1892,1893
1878,1877,1894
1877,1895,1894
1877,1893,1895
1895,1896,1894
1899,1898,1897
1901,1900,1897
1897,1900,1899
1903,1902,1901
1901,1902,1900
1905,1904,1903
1903,1904,1902
1905,1906,1904
1909,1908,1907
1909,1907,1880
1907,1879,1880
1907,1910,1879
1879,1911,1882
1879,1910,1911
1882,1912,1883
1882,1911,1912
1883,1913,1884
1883,1912,1913
1884,1914,1885
1884,1913,1914
1885,1915,1886
1885,1914,1915
1886,1916,1887
1886,1915,1916
1887,1917,1888
1887,1916,1917
1888,1918,1889
1888,1917,1918
1889,1919,1890
1889,1918,1919
1890,1920,1891
1890,1919,1920
1920,1292,1286
1920,1286,1891
1295,1892,1290
1892,1295,1297
1921,1892,1297
1893,1892,1921
1893,1922,1895
1893,1921,1922
1896,1895,1923
1923,1895,1922
1926,1925,1924
1926,1924,1898
1898,1924,1897
1924,1299,1897
1299,1300,1897
1897,1300,1301
1897,1301,1901
1901,1301,1303
1927,1901,1303
1903,1901,1927
1903,1928,1905
1903,1927,1928
1906,1905,1929
1905,1930,1929
1905,1928,1930
1932,1931,1930
1930,1931,1929
1934,1933,1932
1932,1933,1931
1933,1934,1908
1934,1907,1908
1934,1935,1907
1907,1936,1910
1907,1935,1936
1910,1937,1911
1910,1936,1937
1911,1938,1912
1911,1937,1938
1912,1939,1913
1912,1938,1939
1913,1940,1914
1913,1939,1940
1914,1941,1915
1914,1940,1941
1915,1942,1916
1915,1941,1942
1916,1943,1917
1916,1942,1943
1917,1944,1918
1917,1943,1944
1918,1945,1919
1918,1944,1945
1945,1305,1306
1920,1945,1306
1919,1945,1920
1920,1306,1292
1311,1921,1297
1921,1311,1313
1946,1921,1313
1922,1921,1946
1923,1922,1947
1947,1922,1946
1924,1925,1948
1948,1925,1949
1948,1315,1299
1948,1299,1924
1317,1927,1303
1927,1317,1319
1927,1319,1928
1928,1319,1321
1950,1928,1321
1930,1928,1950
1930,1951,1932
1930,1950,1951
1932,1952,1934
1932,1951,1952
1934,1953,1935
1934,1952,1953
1935,1954,1936
1935,1953,1954
1936,1955,1937
1936,1954,1955
1937,1956,1938
1937,1955,1956
1938,1957,1939
1938,1956,1957
1939,1958,1940
1939,1957,1958
1940,1959,1941
1940,1958,1959
1941,1960,1942
1941,1959,1960
1942,1961,1943
1942,1960,1961
1943,1962,1944
1943,1961,1962
1944,1963,1945
1944,1962,1963
1963,1323,1305
1963,1305,1945
1329,1964,1946
1329,1946,1313
1947,1946,1965
1965,1946,1964
1948,1949,1332
1949,1331,1332
1949,1966,1331
1948,1332,1315
1337,1950,1321
1950,1337,1339
1967,1950,1339
1951,1950,1967
1951,1968,1952
1951,1967,1968
1952,1969,1953
1952,1968,1969
1953,1970,1954
1953,1969,1970
1954,1971,1955
1954,1970,1971
1955,1972,1956
1955,1971,1972
1956,1973,1957
1956,1972,1973
1957,1974,1958
1957,1973,1974
1958,1975,1959
1958,1974,1975
1959,1976,1960
1959,1975,1976
1960,1977,1961
1960,1976,1977
1961,1978,1962
1961,1977,1978
1962,1979,1963
1962,1978,1979
1979,1341,1323
1979,1323,1963
1347,1980,1964
1347,1964,1329
1965,1964,1981
1981,1964,1980
1966,1349,1331
1982,1349,1966
1354,1967,1339
1967,1354,1356
1983,1967,1356
1968,1967,1983
1968,1984,1969
1968,1983,1984
1969,1985,1970
1969,1984,1985
1970,1986,1971
1970,1985,1986
1971,1987,1972
1971,1986,1987
1972,1988,1973
1972,1987,1988
1973,1989,1974
1973,1988,1989
1974,1990,1975
1974,1989,1990
1975,1991,1976
1975,1990,1991
1976,1992,1977
1976,1991,1992
1977,1993,1978
1977,1992,1993
1978,1994,1979
1978,1993,1994
1994,1358,1341
1994,1341,1979
1364,1980,1347
1364,1366,1980
1366,1981,1980
1366,1995,1981
1982,1368,1349
1996,1368,1982
1373,1997,1983
1373,1983,1356
1983,1998,1984
1983,1997,1998
1984,1999,1985
1984,1998,1999
1985,2000,1986
1985,1999,2000
1986,2001,1987
1986,2000,2001
1987,2002,1988
1987,2001,2002
1988,2003,1989
1988,2002,2003
1989,2004,1990
1989,2003,2004
1990,2005,1991
1990,2004,2005
1991,2006,1992
1991,2005,2006
1992,2007,1993
1992,2006,2007
1993,2008,1994
1993,2007,2008
2008,1375,1358
2008,1358,1994
1380,1995,1366
1380,2009,1995
1996,1382,1368
2010,1382,1996
1386,1997,1373
1997,1386,1388
2011,1997,1388
1998,1997,2011
1998,2012,1999
1998,2011,2012
1999,2013,2000
1999,2012,2013
2000,2014,2001
2000,2013,2014
2001,2015,2002
2001,2014,2015
2002,2016,2003
2002,2015,2016
2003,2017,2004
2003,2016,2017
2004,2018,2005
2004,2017,2018
2005,2019,2006
2005,2018,2019
2006,2020,2007
2006,2019,2020
2007,2021,2008
2007,2020,2021
2021,1390,1375
2021,1375,2008
1395,2009,1380
1395,2022,2009
2010,1397,1382
2023,1397,2010
1402,2024,2011
1402,2011,1388
2011,2025,2012
2011,2024,2025
2012,2026,2013
2012,2025,2026
2013,2027,2014
2013,2026,2027
2014,2028,2015
2014,2027,2028
2015,2029,2016
2015,2028,2029
2016,2030,2017
2016,2029,2030
2017,2031,2018
2017,2030,2031
2018,2032,2019
2018,2031,2032
2019,2033,2020
2019,2032,2033
2020,2034,2021
2020,2033,2034
2034,1404,1390
2034,1390,2021
1408,2022,1395
1408,2035,2022
2023,1409,1397
2036,1409,2023
1413,2037,2024
1413,2024,1402
2024,2038,2025
2024,2037,2038
2025,2039,2026
2025,2038,2039
2026,2040,2027
2026,2039,2040
2027,2041,2028
2027,2040,2041
2028,2042,2029
2028,2041,2042
2029,2043,2030
2029,2042,2043
2030,2044,2031
2030,2043,2044
2031,2045,2032
2031,2044,2045
2032,2046,2033
2032,2045,2046
2033,2047,2034
2033,2046,2047
2047,1415,1404
2047,1404,2034
1419,2035,1408
1419,2048,2035
2036,1420,1409
2049,1420,2036
1424,2050,2037
1424,2037,1413
2037,2051,2038
2037,2050,2051
2038,2052,2039
2038,2051,2052
2039,2053,2040
2039,2052,2053
2040,2054,2041
2040,2053,2054
2041,2055,2042
2041,2054,2055
2042,2056,2043
2042,2055,2056
2043,2057,2044
2043,2056,2057
2044,2058,2045
2044,2057,2058
2045,2059,2046
2045,2058,2059
2046,2060,2047
2046,2059,2060
2061,1425,1415
2047,2061,1415
2060,2061,2047
2061,1427,1425
1430,2048,1419
1430,2062,2048
2049,1431,1420
2063,1431,2049
1435,2064,2050
1435,2050,1424
2050,2065,2051
2050,2064,2065
2051,2066,2052
2051,2065,2066
2052,2067,2053
2052,2066,2067
2053,2068,2054
2053,2067,2068
2054,2069,2055
2054,2068,2069
2055,2070,2056
2055,2069,2070
2056,2071,2057
2056,2070,2071
2057,2072,2058
2057,2071,2072
2058,2073,2059
2058,2072,2073
2059,2074,2060
2059,2073,2074
2060,2075,2061
2060,2074,2075
2075,1437,1427
2075,1427,2061
1440,2062,1430
1440,2076,2062
2063,1441,1431
2077,1441,2063
1445,2078,2064
1445,2064,1435
2064,2079,2065
2064,2078,2079
2065,2080,2066
2065,2079,2080
2066,2081,2067
2066,2080,2081
2067,2082,2068
2067,2081,2082
2084,2069,2083
2069,2082,2083
2069,2068,2082
2069,2084,2070
2070,2084,2085
2087,2086,2085
2086,2070,2085
2086,2071,2070
2071,2088,2072
2071,2086,2088
2072,2089,2073
2072,2088,2089
2073,2090,2074
2073,2089,2090
2074,2091,2075
2074,2090,2091
2091,1447,1437
2091,1437,2075
1452,2076,1440
1452,2092,2076
2077,1454,1441
2093,1454,2077
1458,2094,2078
1458,2078,1445
2078,2095,2079
2078,2094,2095
2079,2096,2080
2079,2095,2096
2080,2097,2081
2080,2096,2097
2099,2082,2098
2082,2097,2098
2082,2081,2097
2082,2099,2083
2087,2100,2086
2086,2100,2088
2088,2100,2101
2103,2102,2101
2102,2088,2101
2102,2089,2088
2089,2104,2090
2089,2102,2104
2090,2105,2091
2090,2104,2105
2106,1459,1447
2091,2106,1447
2105,2106,2091
2106,1461,1459
1466,2092,1452
1466,2107,2092
2093,1468,1454
2108,1468,2093
1472,2109,1473
2094,1458,1473
2109,2094,1473
2110,2094,2109
2094,2111,2095
2094,2110,2111
2095,2112,2096
2095,2111,2112
2114,2097,2113
2097,2112,2113
2097,2096,2112
2097,2114,2098
2103,2115,2102
2117,2116,2115
2116,2102,2115
2116,2104,2102
2104,2118,2105
2104,2116,2118
2105,2119,2106
2105,2118,2119
2120,1474,1461
2106,2120,1461
2119,2120,2106
2120,1476,1474
1480,2107,1466
1480,2121,2107
2108,1482,1468
2122,1482,2108
1486,2123,2109
1486,2109,1472
2109,2124,2110
2109,2123,2124
2110,2125,2111
2110,2124,2125
2127,2112,2126
2112,2125,2126
2112,2111,2125
2112,2127,2113
2117,2128,2116
2130,2129,2128
2129,2116,2128
2129,2118,2116
2118,2131,2119
2118,2129,2131
2119,2132,2120
2119,2131,2132
2133,1487,1476
2120,2133,1476
2132,2133,2120
2133,1489,1487
1491,2134,1492
2134,2135,1492
2135,1480,1492
2135,2121,1480
2122,1494,1482
2136,1494,2122
1498,2137,1499
2123,1486,1499
2137,2123,1499
2138,2123,2137
2123,2139,2124
2123,2138,2139
2124,2140,2125
2124,2139,2140
2126,2125,2141
2141,2125,2140
2130,2142,2129
2144,2143,2142
2143,2129,2142
2143,2131,2129
2131,2145,2132
2131,2143,2145
2132,2146,2133
2132,2145,2146
2147,1500,1489
2133,2147,1489
2146,2147,2133
2148,1501,1500
2148,1500,2147
2134,1491,1501
2148,2134,1501
2149,2134,2148
2135,2134,2150
2150,2134,2149
1502,1494,2151
1494,2152,2151
1494,2136,2152
2151,1504,1502
1509,2153,2137
1509,2137,1498
2137,2154,2138
2137,2153,2154
2138,2155,2139
2138,2154,2155
2157,2140,2156
2140,2155,2156
2140,2139,2155
2140,2157,2141
2144,2158,2143
2143,2158,2145
2145,2158,2159
2161,2160,2159
2160,2145,2159
2160,2146,2145
2146,2162,2147
2146,2160,2162
2147,2163,2148
2147,2162,2163
2148,2164,2149
2148,2163,2164
2150,2149,2165
2165,2149,2164
2151,2152,2166
2166,2152,2167
2166,1511,1504
2166,1504,2151
1515,2168,1516
2153,1509,1516
2168,2153,1516
2169,2153,2168
2153,2170,2154
2153,2169,2170
2154,2171,2155
2154,2170,2171
2156,2155,2172
2172,2155,2171
2161,2173,2160
2175,2174,2173
2174,2160,2173
2174,2162,2160
2162,2176,2163
2162,2174,2176
2163,2177,2164
2163,2176,2177
2165,2164,2178
2178,2164,2177
2167,2179,2166
1511,2166,2179
2180,1511,2179
1518,1511,2180
1522,2181,2168
1522,2168,1515
2168,2182,2169
2168,2181,2182
2169,2183,2170
2169,2182,2183
2185,2171,2184
2171,2183,2184
2171,2170,2183
2171,2185,2172
2175,2186,2174
2188,2187,2186
2187,2174,2186
2187,2176,2174
2190,2177,2189
2177,2187,2189
2177,2176,2187
2177,2190,2178
1523,1518,2191
1518,2192,2191
1518,2180,2192
2191,1525,1523
1528,2193,2181
1528,2181,1522
2181,2194,2182
2181,2193,2194
2196,2183,2195
2183,2194,2195
2183,2182,2194
2183,2196,2184
2188,2197,2187
2187,2197,2189
2191,2192,2198
2198,2192,2199
2200,1529,1525
2191,2200,1525
2198,2200,2191
2200,1531,1529
1532,2201,1533
2193,1528,1533
2201,2193,1533
2202,2193,2201
2193,2203,2194
2193,2202,2203
2195,2194,2204
2204,2194,2203
2198,2199,2205
2205,2199,2206
2198,2207,2200
2198,2205,2207
2208,1534,1531
2200,2208,1531
2207,2208,2200
2201,1532,1534
2208,2201,1534
2209,2201,2208
2201,2210,2202
2201,2209,2210
2212,2203,2211
2203,2210,2211
2203,2202,2210
2203,2212,2204
2206,2213,2205
2215,2214,2213
2214,2205,2213
2214,2207,2205
2207,2216,2208
2207,2214,2216
2208,2217,2209
2208,2216,2217
2209,2218,2210
2209,2217,2218
2211,2210,2219
2219,2210,2218
2214,2215,2220
2220,2215,2221
2214,2222,2216
2214,2220,2222
2216,2223,2217
2216,2222,2223
2225,2218,2224
2218,2223,2224
2218,2217,2223
2218,2225,2219
2221,2226,2220
2220,2226,2222
2222,2226,2227
2222,2227,2223
2223,2227,2228
2223,2228,2224
2231,2230,2229
2233,2232,2229
2229,2232,2231
2235,2234,2233
2233,2234,2232
2237,2236,2235
2235,2236,2234
2239,2238,2237
2237,2238,2236
2241,2240,2239
2239,2240,2238
2243,2242,2241
2241,2242,2240
2243,2244,2242
2247,2246,2245
2247,2245,2230
2230,2245,2229
2245,1564,2229
1564,1565,2229
2229,1565,1566
2229,1566,2233
2233,1566,1568
2233,1568,2235
2235,1568,1570
2235,1570,2237
2237,1570,1572
2237,1572,2239
2239,1572,1573
2239,1573,2241
2241,1573,1574
2241,1574,2243
2248,2244,2243
1574,2248,2243
1576,2248,1574
2249,1576,1578
2249,2248,1576
1578,1580,2249
2249,1580,2250
2253,2252,2251
2253,2251,2246
2246,2251,2245
2251,1593,2245
1593,1594,2245
2245,1594,1564
2254,2250,1580
2254,1580,1597
2256,2255,1599
2255,1597,1599
2255,2254,1597
2256,2257,2255
2258,1601,1602
1603,2259,1602
1602,2259,2258
1604,2260,1603
1603,2260,2259
1605,2261,1604
1604,2261,2260
1606,2262,1605
1605,2262,2261
1607,2263,1606
1606,2263,2262
1608,2264,1607
1607,2264,2263
1609,2265,1608
1608,2265,2264
1610,2266,1609
1609,2266,2265
1611,2267,1610
1610,2267,2266
1612,2268,1611
1611,2268,2267
1613,2268,1612
2271,2270,2269
2271,2269,2252
2252,2269,2251
2269,1615,2251
1615,1616,2251
2251,1616,1593
1619,2256,1599
2272,2257,2256
1619,2272,2256
1621,2272,1619
2274,2273,1623
2273,1621,1623
2273,2272,1621
2274,2275,2273
2276,1624,1625
1601,2258,1625
2258,2276,1625
2258,2277,2276
2278,2258,2259
2277,2258,2278
2279,2259,2260
2278,2259,2279
2280,2260,2261
2279,2260,2280
2281,2261,2262
2280,2261,2281
2282,2262,2263
2281,2262,2282
2283,2263,2264
2282,2263,2283
2284,2264,2265
2283,2264,2284
2285,2265,2266
2284,2265,2285
2286,2266,2267
2285,2266,2286
2287,2267,2268
2286,2267,2287
1626,2288,1613
2288,2268,1613
2288,2287,2268
1628,2288,1626
2289,1629,1630
2270,2290,2269
2290,1630,2269
1630,1631,2269
1630,2290,2289
2269,1631,1615
1633,2274,1623
2292,2291,1635
1635,2291,1633
2291,2275,1633
2275,2274,1633
2294,2293,2292
2292,2293,2291
2294,2295,2293
2296,1636,1637
1624,2276,1637
2276,2296,1637
2276,2297,2296
2298,2276,2277
2297,2276,2298
2299,2277,2278
2298,2277,2299
2300,2278,2279
2299,2278,2300
2301,2279,2280
2300,2279,2301
2302,2280,2281
2301,2280,2302
2303,2281,2282
2302,2281,2303
2304,2282,2283
2303,2282,2304
2305,2283,2284
2304,2283,2305
2306,2284,2285
2305,2284,2306
2307,2285,2286
2306,2285,2307
2308,2286,2287
2307,2286,2308
2309,2287,2288
2308,2287,2309
1639,2310,1628
2310,2288,1628
2310,2309,2288
1641,2310,1639
2311,1642,1643
2312,2311,1643
2312,1643,1629
2313,2312,1629
2289,2313,1629
2313,2289,2290
1645,2292,1635
2292,1645,1647
2292,1647,2294
2315,2314,1649
1649,2314,1647
2314,2295,1647
2295,2294,1647
2317,2316,2315
2315,2316,2314
2319,2318,2317
2317,2318,2316
2321,2320,2319
2319,2320,2318
2323,2322,2321
2321,2322,2320
2323,2324,2322
2325,1651,1652
1653,2326,1652
1652,2326,2325
1636,2296,1653
2296,2326,1653
2296,2327,2326
2297,2329,2328
2327,2297,2328
2296,2297,2327
2329,2297,2298
2329,2298,2330
2330,2298,2299
2330,2299,2331
2331,2299,2300
2331,2300,2332
2332,2300,2301
2332,2301,2333
2333,2301,2302
2333,2302,2334
2334,2302,2303
2334,2303,2335
2335,2303,2304
2335,2304,2336
2338,2337,2336
2304,2338,2336
2305,2338,2304
2339,2305,2306
2338,2305,2339
2340,2306,2307
2339,2306,2340
2341,2307,2308
2340,2307,2341
2342,2308,2309
2341,2308,2342
2343,2309,2310
2342,2309,2343
1656,2343,1641
1641,2343,2310
2344,1657,1658
2345,2344,1658
2345,1658,1642
2346,2345,1642
2311,2346,1642
2346,2311,2312
1662,2315,1649
2315,1662,1664
2315,1664,2317
2317,1664,1666
2317,1666,2319
2319,1666,1668
2319,1668,2321
2321,1668,1670
2321,1670,2323
2347,2324,2323
1670,2347,2323
1672,2347,1670
1672,1651,2325
2348,1672,2325
2347,1672,2348
2348,2325,2326
2348,2326,2349
2349,2326,2327
2349,2327,2350
2350,2327,2328
2351,2337,2338
2351,2338,2339
2351,2339,2352
2352,2339,2340
2352,2340,2353
2353,2340,2341
2353,2341,2354
2354,2341,2342
2354,2342,2355
2355,2342,2343
2355,2343,2356
2343,1656,2356
1656,2357,2356
1656,1676,2357
2358,1677,2344
2344,1677,1657
2344,2345,2359
2360,2344,2359
2358,2344,2360
2362,2361,2360
2362,2360,2359
2363,2361,2362
1690,2357,1676
1690,2364,2357
2365,1692,2358
2358,1692,1677
2360,2367,2366
2365,2360,2366
2358,2360,2365
2367,2360,2361
2367,2361,2368
2368,2361,2363
1705,2364,1690
1705,2369,2364
2365,1706,1692
2371,2370,1708
2371,1708,1706
2366,2371,1706
2365,2366,1706
2373,2372,2370
2373,2370,2371
2375,2374,2372
2375,2372,2373
2377,2376,2374
2377,2374,2375
2379,2378,2376
2379,2376,2377
2380,2378,2379
1729,2381,1730
2381,2382,1730
2382,1705,1730
2382,2369,1705
2370,1731,1708
1731,2370,1732
1732,2370,2372
1732,2372,1733
1733,2372,2374
1733,2374,1734
1734,2374,2376
1734,2376,1735
1735,2376,2378
2380,2383,2378
2383,1735,2378
2383,1736,1735
1736,2384,1737
2383,2384,1736
1737,2385,1738
2384,2385,1737
1738,2386,1739
2385,2386,1738
1739,2387,1740
2386,2387,1739
1742,1740,2387
1742,2387,2388
1757,2389,1758
2390,1759,1758
2390,1758,2389
2390,2391,1759
1759,2391,1729
2391,2392,1729
2392,2381,1729
2381,2392,2382
2388,2393,1742
1742,2393,1760
1760,2394,1761
2393,2394,1760
1761,2395,1762
2394,2395,1761
1762,2396,1763
2395,2396,1762
2398,2397,1765
1763,2398,1765
2396,2398,1763
2399,2397,2398
1774,2400,1775
2389,1757,1775
2400,2389,1775
2401,2389,2400
2403,2390,2402
2390,2401,2402
2390,2389,2401
2390,2403,2391
2397,1776,1765
2399,2404,2397
2404,1776,2397
2404,1777,1776
1777,2405,1778
2404,2405,1777
1778,2406,1779
2405,2406,1778
2406,2408,2407
1780,2406,2407
1779,2406,1780
2409,1781,1780
2409,1780,2407
2409,1783,1781
1786,2410,1787
2410,2411,1787
1787,2411,1774
2411,2412,1774
2412,2400,1774
2400,2412,2401
2401,2412,2413
2401,2413,2402
2408,2414,2407
2407,2414,2409
2409,2414,2415
2415,2417,2416
2415,2416,1788
2409,2415,1788
1783,2409,1788
2416,1790,1788
1792,2418,1793
2418,2419,1793
1793,2419,1786
2419,2420,1786
2420,2410,1786
2410,2420,2411
2417,2421,2416
1790,2416,2421
2422,1790,2421
1795,1790,2422
1797,2423,1796
2423,2424,1796
1796,2424,1792
2424,2425,1792
2425,2418,1792
2418,2425,2419
1798,1795,2426
1795,2427,2426
1795,2422,2427
2426,1800,1798
2429,2428,2423
1797,2429,2423
1802,2429,1797
2423,2428,2424
2427,2430,2426
1800,2426,2430
2431,1800,2430
1804,1800,2431
1806,2429,1802
1806,2432,2429
2431,2433,1804
1804,2433,1807
1808,1807,2433
1808,2433,2434
1810,2435,1811
2435,2436,1811
2436,1806,1811
2436,2432,1806
2434,1813,1808
2437,1813,2434
1815,2438,2435
1815,2435,1810
2436,2435,2439
2439,2435,2438
2441,1817,2440
1817,2437,2440
1817,1813,2437
2442,2441,2440
1820,2443,2438
1820,2438,1815
2439,2438,2444
2444,2438,2443
2441,1821,1817
1822,1821,2441
2442,1822,2441
2445,1822,2442
1825,2446,2443
1825,2443,1820
2444,2443,2447
2447,2443,2446
2445,1827,1822
2448,1827,2445
1831,2449,2446
1831,2446,1825
2447,2446,2450
2450,2446,2449
2448,1833,1827
2451,1833,2448
1838,2452,2449
1838,2449,1831
2450,2449,2453
2449,2454,2453
2449,2452,2454
2454,2455,2453
2457,2456,1841
1841,2456,1840
1841,1833,2451
1841,2451,2457
1849,2452,1838
2452,1849,1851
2458,2452,1851
2454,2452,2458
2455,2454,2459
2454,2460,2459
2454,2458,2460
2460,2461,2459
2456,1853,1840
2462,1853,2456
1861,2458,1851
2458,1861,1863
2463,2458,1863
2460,2458,2463
2461,2460,2464
2460,2465,2464
2460,2463,2465
2465,2466,2464
2469,2468,2467
2462,2469,2467
1865,2462,2467
1853,2462,1865
1876,2463,1863
2463,1876,1878
2470,2463,1878
2465,2463,2470
2466,2465,2471
2471,2465,2470
2474,2473,2472
2476,2475,2472
2472,2475,2474
2478,2477,2476
2476,2477,2475
2480,2479,2478
2478,2479,2477
2480,2481,2479
2484,2483,2482
2484,2482,2468
2468,2482,2467
2482,1880,2467
1880,1881,2467
2467,1881,1865
1894,2470,1878
1894,1896,2470
1896,2471,2470
1896,2485,2471
2488,2487,2486
2488,2486,2473
2473,2486,2472
2486,1898,2472
1898,1899,2472
2472,1899,1900
2472,1900,2476
2476,1900,1902
2476,1902,2478
2478,1902,1904
2478,1904,2480
2490,2489,1906
1906,2489,1904
2489,2481,1904
2481,2480,1904
2492,2491,2490
2490,2491,2489
2494,2493,2492
2492,2493,2491
2493,2494,2483
2483,2494,2482
2494,1908,2482
1908,1909,2482
2482,1909,1880
1923,2496,2495
2485,1923,2495
1896,1923,2485
2496,2497,2495
2486,2487,1926
2487,1925,1926
2487,2498,1925
2486,1926,1898
1929,2490,1906
2490,1929,1931
2490,1931,2492
2492,1931,1933
2492,1933,2494
2494,1933,1908
2500,2499,2496
1923,2500,2496
1947,2500,1923
2496,2499,2497
2498,1949,1925
2501,1949,2498
1965,2500,1947
1965,2502,2500
2501,1966,1949
2503,1966,2501
1981,2502,1965
1981,2504,2502
2503,1982,1966
2505,1982,2503
1995,2504,1981
1995,2506,2504
2505,1996,1982
2507,1996,2505
2009,2506,1995
2009,2508,2506
2507,2010,1996
2509,2010,2507
2022,2508,2009
2022,2510,2508
2509,2023,2010
2511,2023,2509
2035,2510,2022
2035,2512,2510
2511,2036,2023
2513,2036,2511
2048,2512,2035
2048,2514,2512
2513,2049,2036
2515,2049,2513
2062,2514,2048
2062,2516,2514
2515,2063,2049
2517,2063,2515
2076,2519,2518
2516,2076,2518
2062,2076,2516
2519,2520,2518
2517,2077,2063
2521,2077,2517
2083,2522,2084
2523,2085,2084
2523,2084,2522
2523,2087,2085
2092,2524,2519
2092,2519,2076
2520,2519,2525
2525,2519,2524
2521,2093,2077
2526,2093,2521
2098,2527,2099
2522,2083,2099
2527,2522,2099
2528,2522,2527
2522,2529,2523
2522,2528,2529
2530,2100,2087
2523,2530,2087
2529,2530,2523
2531,2101,2100
2531,2100,2530
2531,2103,2101
2107,2532,2524
2107,2524,2092
2525,2524,2533
2533,2524,2532
2526,2108,2093
2534,2108,2526
2113,2535,2114
2527,2098,2114
2535,2527,2114
2536,2527,2535
2527,2537,2528
2527,2536,2537
2528,2538,2529
2528,2537,2538
2529,2539,2530
2529,2538,2539
2530,2540,2531
2530,2539,2540
2541,2115,2103
2531,2541,2103
2540,2541,2531
2541,2117,2115
2121,2542,2532
2121,2532,2107
2533,2532,2543
2543,2532,2542
2534,2122,2108
2544,2122,2534
2126,2545,2127
2535,2113,2127
2545,2535,2127
2546,2535,2545
2535,2547,2536
2535,2546,2547
2536,2548,2537
2536,2547,2548
2537,2549,2538
2537,2548,2549
2538,2550,2539
2538,2549,2550
2539,2551,2540
2539,2550,2551
2540,2552,2541
2540,2551,2552
2553,2128,2117
2541,2553,2117
2552,2553,2541
2553,2130,2128
2135,2554,2542
2135,2542,2121
2543,2542,2555
2555,2542,2554
2544,2136,2122
2556,2136,2544
2141,2557,2545
2141,2545,2126
2545,2558,2546
2545,2557,2558
2546,2559,2547
2546,2558,2559
2547,2560,2548
2547,2559,2560
2548,2561,2549
2548,2560,2561
2549,2562,2550
2549,2561,2562
2550,2563,2551
2550,2562,2563
2551,2564,2552
2551,2563,2564
2552,2565,2553
2552,2564,2565
2566,2142,2130
2553,2566,2130
2565,2566,2553
2566,2144,2142
2150,2567,2554
2150,2554,2135
2555,2554,2568
2568,2554,2567
2556,2152,2136
2569,2152,2556
2156,2570,2157
2557,2141,2157
2570,2557,2157
2571,2557,2570
2557,2572,2558
2557,2571,2572
2558,2573,2559
2558,2572,2573
2559,2574,2560
2559,2573,2574
2560,2575,2561
2560,2574,2575
2561,2576,2562
2561,2575,2576
2562,2577,2563
2562,2576,2577
2563,2578,2564
2563,2577,2578
2564,2579,2565
2564,2578,2579
2565,2580,2566
2565,2579,2580
2581,2158,2144
2566,2581,2144
2580,2581,2566
2582,2159,2158
2582,2158,2581
2582,2161,2159
2165,2583,2567
2165,2567,2150
2568,2567,2584
2584,2567,2583
2569,2167,2152
2585,2167,2569
2172,2586,2570
2172,2570,2156
2570,2587,2571
2570,2586,2587
2571,2588,2572
2571,2587,2588
2572,2589,2573
2572,2588,2589
2573,2590,2574
2573,2589,2590
2592,2575,2591
2575,2590,2591
2575,2574,2590
2575,2592,2576
2576,2592,2593
2576,2593,2577
2577,2593,2594
2596,2595,2594
2595,2577,2594
2595,2578,2577
2578,2597,2579
2578,2595,2597
2579,2598,2580
2579,2597,2598
2580,2599,2581
2580,2598,2599
2581,2600,2582
2581,2599,2600
2601,2173,2161
2582,2601,2161
2600,2601,2582
2601,2175,2173
2178,2602,2583
2178,2583,2165
2584,2583,2603
2603,2583,2602
2179,2167,2604
2167,2605,2604
2167,2585,2605
2604,2180,2179
2184,2606,2185
2586,2172,2185
2606,2586,2185
2607,2586,2606
2586,2608,2587
2586,2607,2608
2587,2609,2588
2587,2608,2609
2588,2610,2589
2588,2609,2610
2612,2590,2611
2590,2610,2611
2590,2589,2610
2590,2612,2591
2596,2613,2595
2595,2613,2597
2597,2613,2614
2616,2615,2614
2615,2597,2614
2615,2598,2597
2598,2617,2599
2598,2615,2617
2599,2618,2600
2599,2617,2618
2600,2619,2601
2600,2618,2619
2620,2186,2175
2601,2620,2175
2619,2620,2601
2620,2188,2186
2189,2621,2190
2602,2178,2190
2621,2602,2190
2622,2602,2621
2603,2602,2623
2623,2602,2622
2604,2605,2624
2624,2605,2625
2624,2192,2180
2624,2180,2604
2195,2626,2196
2606,2184,2196
2626,2606,2196
2627,2606,2626
2606,2628,2607
2606,2627,2628
2607,2629,2608
2607,2628,2629
2608,2630,2609
2608,2629,2630
2632,2610,2631
2610,2630,2631
2610,2609,2630
2610,2632,2611
2616,2633,2615
2615,2633,2617
2617,2633,2634
2636,2635,2634
2635,2617,2634
2635,2618,2617
2618,2637,2619
2618,2635,2637
2619,2638,2620
2619,2637,2638
2639,2197,2188
2620,2639,2188
2638,2639,2620
2621,2189,2197
2639,2621,2197
2640,2621,2639
2621,2641,2622
2621,2640,2641
2623,2622,2642
2642,2622,2641
2625,2643,2624
2192,2624,2643
2644,2192,2643
2199,2192,2644
2204,2645,2626
2204,2626,2195
2626,2646,2627
2626,2645,2646
2627,2647,2628
2627,2646,2647
2628,2648,2629
2628,2647,2648
2650,2630,2649
2630,2648,2649
2630,2629,2648
2630,2650,2631
2636,2651,2635
2653,2652,2651
2652,2635,2651
2652,2637,2635
2637,2654,2638
2637,2652,2654
2638,2655,2639
2638,2654,2655
2639,2656,2640
2639,2655,2656
2640,2657,2641
2640,2656,2657
2642,2641,2658
2658,2641,2657
2644,2206,2199
2659,2206,2644
2211,2660,2212
2645,2204,2212
2660,2645,2212
2661,2645,2660
2645,2662,2646
2645,2661,2662
2664,2647,2663
2647,2662,2663
2647,2646,2662
2647,2664,2648
2648,2664,2665
2648,2665,2649
2653,2666,2652
2652,2666,2654
2654,2666,2667
2654,2667,2655
2655,2667,2668
2670,2669,2668
2669,2655,2668
2669,2656,2655
2672,2657,2671
2657,2669,2671
2657,2656,2669
2657,2672,2658
2213,2206,2673
2206,2674,2673
2206,2659,2674
2673,2215,2213
2219,2675,2660
2219,2660,2211
2660,2676,2661
2660,2675,2676
2678,2662,2677
2662,2676,2677
2662,2661,2676
2662,2678,2663
2670,2679,2669
2669,2679,2671
2673,2674,2680
2680,2674,2681
2680,2221,2215
2680,2215,2673
2224,2682,2225
2675,2219,2225
2682,2675,2225
2683,2675,2682
2685,2676,2684
2676,2683,2684
2676,2675,2683
2676,2685,2677
2681,2686,2680
2686,2688,2687
2686,2687,2226
2680,2686,2226
2221,2680,2226
2689,2227,2226
2689,2226,2687
2690,2228,2227
2690,2227,2689
2690,2691,2228
2228,2691,2224
2691,2692,2224
2692,2682,2224
2682,2692,2683
2683,2692,2693
2683,2693,2684
2688,2694,2687
2687,2694,2689
2689,2694,2695
2689,2695,2690
2690,2695,2696
2690,2696,2691
2699,2698,2697
2701,2700,2697
2697,2700,2699
2703,2702,2701
2701,2702,2700
2705,2704,2703
2703,2704,2702
2707,2706,2705
2705,2706,2704
2707,2708,2706
2711,2710,2709
2230,2231,2709
2231,2711,2709
2231,2712,2711
2232,2697,2698
2712,2232,2698
2231,2232,2712
2697,2232,2234
2697,2234,2701
2701,2234,2236
2701,2236,2703
2703,2236,2238
2703,2238,2705
2705,2238,2240
2705,2240,2707
2713,2708,2707
2240,2713,2707
2242,2713,2240
2715,2714,2244
2714,2242,2244
2714,2713,2242
2715,2716,2714
2719,2718,2717
2719,2717,2710
2710,2717,2709
2717,2246,2709
2246,2247,2709
2709,2247,2230
2248,2715,2244
2720,2716,2715
2248,2720,2715
2249,2720,2248
2722,2721,2250
2721,2249,2250
2721,2720,2249
2722,2723,2721
2717,2718,2253
2718,2252,2253
2718,2724,2252
2717,2253,2246
2254,2722,2250
2725,2723,2722
2254,2725,2722
2255,2725,2254
2255,2257,2725
2725,2257,2726
2728,2727,2271
2271,2727,2270
2271,2252,2724
2271,2724,2728
2729,2726,2257
2729,2257,2272
2730,2272,2273
2730,2729,2272
2732,2731,2275
2731,2273,2275
2731,2730,2273
2732,2733,2731
2727,2290,2270
2734,2290,2727
2291,2732,2275
2735,2733,2732
2291,2735,2732
2293,2735,2291
2737,2736,2295
2736,2293,2295
2736,2735,2293
2737,2738,2736
2740,2739,2313
2313,2739,2312
2313,2290,2734
2313,2734,2740
2314,2737,2295
2741,2738,2737
2314,2741,2737
2316,2741,2314
2742,2316,2318
2742,2741,2316
2743,2318,2320
2743,2742,2318
2745,2743,2744
2743,2322,2744
2743,2320,2322
2324,2744,2322
2746,2328,2329
2330,2747,2329
2329,2747,2746
2331,2748,2330
2330,2748,2747
2332,2749,2331
2331,2749,2748
2333,2750,2332
2332,2750,2749
2334,2751,2333
2333,2751,2750
2335,2752,2334
2334,2752,2751
2752,2335,2753
2335,2754,2753
2335,2336,2754
2756,2755,2337
2755,2336,2337
2755,2754,2336
2758,2757,2756
2756,2757,2755
2760,2759,2758
2758,2759,2757
2762,2761,2760
2760,2761,2759
2762,2763,2761
2764,2345,2346
2765,2764,2346
2312,2765,2346
2739,2765,2312
2766,2745,2744
2766,2744,2324
2347,2766,2324
2767,2766,2347
2769,2767,2768
2767,2348,2768
2767,2347,2348
2349,2770,2348
2348,2770,2768
2350,2771,2349
2349,2771,2770
2328,2746,2350
2746,2771,2350
2746,2772,2771
2747,2774,2773
2772,2747,2773
2746,2747,2772
2774,2747,2748
2774,2748,2775
2775,2748,2749
2775,2749,2776
2776,2749,2750
2776,2750,2777
2777,2750,2751
2777,2751,2778
2778,2751,2752
2778,2752,2779
2779,2752,2753
2351,2756,2337
2756,2351,2352
2756,2352,2758
2758,2352,2353
2758,2353,2760
2760,2353,2354
2760,2354,2762
2780,2763,2762
2354,2780,2762
2355,2780,2354
2782,2780,2781
2780,2356,2781
2780,2355,2356
2357,2781,2356
2764,2359,2345
2765,2783,2764
2783,2359,2764
2783,2362,2359
2363,2362,2783
2363,2783,2784
2785,2769,2768
2785,2768,2770
2785,2770,2786
2786,2770,2771
2786,2771,2787
2787,2771,2772
2787,2772,2788
2788,2772,2773
2789,2782,2781
2781,2357,2789
2357,2790,2789
2357,2364,2790
2791,2366,2367
2368,2792,2367
2367,2792,2791
2363,2784,2793
2792,2363,2793
2794,2792,2793
2368,2363,2792
2795,2794,2793
2369,2790,2364
2369,2796,2790
2791,2371,2366
2371,2791,2373
2373,2791,2792
2373,2792,2375
2375,2792,2794
2795,2797,2794
2797,2375,2794
2797,2377,2375
2377,2798,2379
2797,2798,2377
2380,2379,2798
2380,2798,2799
2382,2796,2369
2382,2800,2796
2799,2801,2380
2380,2801,2383
2383,2802,2384
2801,2802,2383
2384,2803,2385
2802,2803,2384
2385,2804,2386
2803,2804,2385
2804,2806,2805
2387,2804,2805
2386,2804,2387
2805,2388,2387
2808,2807,2392
2808,2392,2391
2382,2392,2800
2800,2392,2807
2806,2809,2805
2805,2809,2388
2809,2393,2388
2809,2810,2393
2393,2811,2394
2810,2811,2393
2394,2812,2395
2811,2812,2394
2395,2813,2396
2812,2813,2395
2396,2814,2398
2813,2814,2396
2816,2815,2399
2398,2816,2399
2814,2816,2398
2818,2817,2815
2818,2815,2816
2819,2817,2818
2821,2820,2403
2821,2403,2402
2391,2403,2808
2808,2403,2820
2815,2404,2399
2404,2815,2405
2405,2815,2817
2819,2822,2817
2822,2405,2817
2822,2406,2405
2408,2406,2822
2408,2822,2823
2411,2824,2412
2412,2824,2825
2826,2412,2825
2413,2412,2826
2402,2413,2821
2821,2413,2826
2823,2827,2408
2408,2827,2414
2414,2828,2415
2827,2828,2414
2417,2415,2828
2417,2828,2829
2831,2830,2420
2831,2420,2419
2411,2420,2824
2420,2832,2824
2420,2830,2832
2824,2832,2825
2829,2833,2417
2417,2833,2421
2422,2421,2833
2422,2833,2834
2836,2835,2425
2836,2425,2424
2419,2425,2831
2831,2425,2835
2838,2427,2837
2427,2834,2837
2427,2422,2834
2839,2838,2837
2841,2840,2428
2841,2428,2429
2424,2428,2836
2836,2428,2840
2838,2430,2427
2843,2842,2431
2843,2431,2430
2839,2843,2430
2838,2839,2430
2844,2842,2843
2432,2841,2429
2432,2845,2841
2842,2433,2431
2847,2846,2434
2847,2434,2433
2844,2847,2433
2842,2844,2433
2848,2846,2847
2436,2845,2432
2436,2849,2845
2850,2437,2846
2846,2437,2434
2846,2848,2851
2852,2846,2851
2850,2846,2852
2853,2852,2851
2439,2849,2436
2439,2854,2849
2850,2440,2437
2440,2850,2442
2850,2855,2442
2850,2852,2855
2852,2853,2856
2852,2856,2855
2444,2854,2439
2444,2857,2854
2858,2445,2855
2855,2445,2442
2855,2856,2859
2855,2859,2858
2447,2861,2860
2857,2447,2860
2444,2447,2857
2861,2862,2860
2863,2448,2858
2858,2448,2445
2858,2859,2864
2858,2864,2863
2450,2865,2861
2450,2861,2447
2862,2861,2866
2866,2861,2865
2868,2867,2863
2867,2448,2863
2867,2451,2448
2868,2863,2864
2453,2865,2450
2870,2869,2455
2455,2869,2453
2869,2866,2453
2866,2865,2453
2870,2871,2869
2872,2456,2457
2873,2872,2457
2451,2873,2457
2867,2873,2451
2459,2870,2455
2875,2874,2461
2461,2874,2459
2874,2871,2459
2871,2870,2459
2875,2876,2874
2879,2878,2877
2880,2879,2872
2879,2462,2872
2462,2456,2872
2879,2877,2462
2880,2872,2873
2464,2875,2461
2882,2881,2466
2466,2881,2464
2881,2876,2464
2876,2875,2464
2882,2883,2881
2886,2885,2884
2888,2887,2884
2884,2887,2886
2888,2889,2887
2892,2891,2890
2892,2890,2878
2878,2890,2877
2890,2468,2877
2468,2469,2877
2877,2469,2462
2471,2893,2882
2471,2882,2466
2883,2882,2894
2894,2882,2893
2897,2896,2895
2473,2474,2895
2474,2897,2895
2474,2898,2897
2475,2884,2885
2898,2475,2885
2474,2475,2898
2884,2475,2477
2884,2477,2888
2899,2889,2888
2477,2899,2888
2479,2899,2477
2901,2900,2481
2900,2479,2481
2900,2899,2479
2903,2902,2901
2901,2902,2900
2905,2904,2903
2903,2904,2902
2904,2905,2891
2891,2905,2890
2905,2483,2890
2483,2484,2890
2890,2484,2468
2485,2906,2893
2485,2893,2471
2894,2893,2907
2907,2893,2906
2895,2896,2488
2896,2487,2488
2896,2908,2487
2895,2488,2473
2489,2901,2481
2901,2489,2491
2901,2491,2903
2903,2491,2493
2903,2493,2905
2905,2493,2483
2495,2906,2485
2495,2497,2906
2497,2907,2906
2497,2909,2907
2908,2498,2487
2910,2498,2908
2500,2911,2499
2911,2912,2499
2912,2497,2499
2912,2909,2497
2910,2501,2498
2913,2501,2910
2502,2914,2911
2502,2911,2500
2912,2911,2915
2915,2911,2914
2913,2503,2501
2916,2503,2913
2918,2917,2914
2502,2918,2914
2504,2918,2502
2914,2917,2915
2916,2505,2503
2919,2505,2916
2506,2918,2504
2506,2920,2918
2919,2507,2505
2921,2507,2919
2508,2920,2506
2508,2922,2920
2921,2509,2507
2923,2509,2921
2510,2922,2508
2510,2924,2922
2923,2511,2509
2925,2511,2923
2512,2924,2510
2512,2926,2924
2925,2513,2511
2927,2513,2925
2514,2926,2512
2514,2928,2926
2927,2515,2513
2929,2515,2927
2516,2928,2514
2516,2930,2928
2929,2517,2515
2931,2517,2929
2516,2518,2932
2933,2516,2932
2930,2516,2933
2520,2932,2518
2931,2521,2517
2934,2521,2931
2935,2933,2932
2932,2520,2935
2520,2936,2935
2520,2525,2936
2934,2526,2521
2937,2526,2934
2533,2936,2525
2533,2938,2936
2937,2534,2526
2939,2534,2937
2543,2938,2533
2543,2940,2938
2939,2544,2534
2941,2544,2939
2555,2940,2543
2555,2942,2940
2941,2556,2544
2943,2556,2941
2568,2942,2555
2568,2944,2942
2943,2569,2556
2945,2569,2943
2584,2944,2568
2584,2946,2944
2945,2585,2569
2947,2585,2945
2591,2948,2592
2949,2593,2592
2949,2592,2948
2950,2594,2593
2950,2593,2949
2950,2596,2594
2603,2946,2584
2603,2951,2946
2947,2605,2585
2952,2605,2947
2611,2953,2612
2948,2591,2612
2953,2948,2612
2954,2948,2953
2948,2955,2949
2948,2954,2955
2949,2956,2950
2949,2955,2956
2957,2613,2596
2950,2957,2596
2956,2957,2950
2958,2614,2613
2958,2613,2957
2958,2616,2614
2623,2960,2959
2951,2623,2959
2603,2623,2951
2960,2961,2959
2952,2625,2605
2962,2625,2952
2631,2963,2632
2953,2611,2632
2963,2953,2632
2964,2953,2963
2953,2965,2954
2953,2964,2965
2954,2966,2955
2954,2965,2966
2955,2967,2956
2955,2966,2967
2956,2968,2957
2956,2967,2968
2957,2969,2958
2957,2968,2969
2970,2633,2616
2958,2970,2616
2969,2970,2958
2971,2634,2633
2971,2633,2970
2971,2636,2634
2642,2972,2960
2642,2960,2623
2961,2960,2973
2973,2960,2972
2643,2625,2974
2625,2975,2974
2625,2962,2975
2974,2644,2643
2649,2976,2650
2963,2631,2650
2976,2963,2650
2977,2963,2976
2963,2978,2964
2963,2977,2978
2964,2979,2965
2964,2978,2979
2965,2980,2966
2965,2979,2980
2966,2981,2967
2966,2980,2981
2967,2982,2968
2967,2981,2982
2968,2983,2969
2968,2982,2983
2969,2984,2970
2969,2983,2984
2970,2985,2971
2970,2984,2985
2986,2651,2636
2971,2986,2636
2985,2986,2971
2986,2653,2651
2658,2987,2972
2658,2972,2642
2973,2972,2988
2988,2972,2987
2974,2975,2989
2989,2975,2990
2989,2659,2644
2989,2644,2974
2663,2991,2664
2992,2665,2664
2992,2664,2991
2976,2649,2665
2992,2976,2665
2993,2976,2992
2976,2994,2977
2976,2993,2994
2977,2995,2978
2977,2994,2995
2978,2996,2979
2978,2995,2996
2979,2997,2980
2979,2996,2997
2980,2998,2981
2980,2997,2998
2981,2999,2982
2981,2998,2999
2982,3000,2983
2982,2999,3000
2983,3001,2984
2983,3000,3001
2984,3002,2985
2984,3001,3002
2985,3003,2986
2985,3002,3003
3004,2666,2653
2986,3004,2653
3003,3004,2986
3005,2667,2666
3005,2666,3004
3006,2668,2667
3006,2667,3005
3006,2670,2668
2671,3007,2672
2987,2658,2672
3007,2987,2672
3008,2987,3007
2988,2987,3009
3009,2987,3008
2990,3010,2989
2659,2989,3010
3011,2659,3010
2674,2659,3011
2677,3012,2678
2991,2663,2678
3012,2991,2678
3013,2991,3012
2991,3014,2992
2991,3013,3014
2992,3015,2993
2992,3014,3015
2993,3016,2994
2993,3015,3016
3018,2995,3017
2995,3016,3017
2995,2994,3016
2995,3018,2996
2996,3018,3019
2996,3019,2997
2997,3019,3020
2997,3020,2998
2998,3020,3021
2998,3021,2999
2999,3021,3022
2999,3022,3000
3000,3022,3023
3000,3023,3001
3001,3023,3024
3001,3024,3002
3002,3024,3025
3002,3025,3003
3003,3025,3026
3003,3026,3004
3004,3026,3027
3029,3028,3027
3028,3004,3027
3028,3005,3004
3005,3030,3006
3005,3028,3030
3031,2679,2670
3006,3031,2670
3030,3031,3006
3007,2671,2679
3031,3007,2679
3032,3007,3031
3034,3008,3033
3008,3032,3033
3008,3007,3032
3008,3034,3009
3011,2681,2674
3035,2681,3011
2684,3036,2685
3012,2677,2685
3036,3012,2685
3037,3012,3036
3039,3013,3038
3013,3037,3038
3013,3012,3037
3013,3039,3014
3014,3039,3040
3014,3040,3015
3015,3040,3041
3015,3041,3016
3016,3041,3042
3016,3042,3017
3029,3043,3028
3028,3043,3030
3030,3043,3044
3046,3045,3044
3045,3030,3044
3045,3031,3030
3031,3047,3032
3031,3045,3047
3033,3032,3048
3048,3032,3047
2686,2681,3049
2681,3050,3049
2681,3035,3050
3049,2688,2686
2691,3051,2692
3052,2693,2692
3052,2692,3051
3052,3053,2693
2693,3053,2684
3053,3054,2684
3054,3036,2684
3036,3054,3037
3037,3054,3055
3037,3055,3038
3046,3056,3045
3045,3056,3047
3047,3056,3057
3047,3057,3048
3050,3058,3049
3058,3060,3059
3058,3059,2694
3049,3058,2694
2688,3049,2694
3061,2695,2694
3061,2694,3059
3062,2696,2695
3062,2695,3061
3051,2691,2696
3062,3051,2696
3063,3051,3062
3065,3052,3064
3052,3063,3064
3052,3051,3063
3052,3065,3053
3060,3066,3059
3059,3066,3061
3061,3066,3067
3061,3067,3062
3062,3067,3068
3062,3068,3063
3063,3068,3069
3063,3069,3064
3072,3071,3070
3074,3073,3070
3070,3073,3072
3076,3075,3074
3074,3075,3073
3078,3077,3076
3076,3077,3075
3080,3079,3078
3078,3079,3077
3080,3081,3079
3084,3083,3082
3084,3082,3071
3071,3082,3070
3082,2698,3070
2698,2699,3070
3070,2699,2700
3070,2700,3074
3074,2700,2702
3074,2702,3076
3076,2702,2704
3076,2704,3078
3078,2704,2706
3078,2706,3080
3086,3085,2708
2708,3085,2706
3085,3081,2706
3081,3080,2706
3088,3087,3086
3086,3087,3085
3088,3089,3087
3091,3090,2711
2711,3090,2710
2712,3082,3083
3091,2712,3083
2711,2712,3091
3082,2712,2698
2713,3086,2708
3086,2713,2714
3086,2714,3088
3093,3092,2716
2716,3092,2714
3092,3089,2714
3089,3088,2714
3093,3094,3092
3096,3095,2719
2719,3095,2718
2719,2710,3090
2719,3090,3096
2720,3093,2716
3097,3094,3093
2720,3097,3093
2721,3097,2720
3099,3098,2723
3098,2721,2723
3098,3097,2721
3099,3100,3098
3095,2724,2718
3101,2724,3095
2725,3099,2723
3103,3102,2726
2726,3102,2725
3102,3100,2725
3100,3099,2725
3103,3104,3102
3105,2727,2728
3106,3105,2728
2724,3106,2728
3101,3106,2724
2729,3103,2726
3107,3104,3103
2729,3107,3103
2730,3107,2729
3108,2730,2731
3108,3107,2730
3110,3109,2733
3109,2731,2733
3109,3108,2731
3110,3111,3109
3113,3112,3105
3112,2727,3105
3112,2734,2727
3113,3105,3106
2735,3110,2733
3114,3111,3110
2735,3114,3110
2736,3114,2735
2736,2738,3114
3114,2738,3115
3116,2739,2740
3117,3116,2740
2734,3117,2740
3112,3117,2734
3118,3115,2738
3118,2738,2741
3119,2741,2742
3119,3118,2741
3121,3119,3120
3119,2743,3120
3119,2742,2743
2745,3120,2743
3122,2753,2754
2755,3123,2754
2754,3123,3122
2757,3124,2755
2755,3124,3123
2759,3125,2757
2757,3125,3124
2761,3126,2759
2759,3126,3125
2763,3126,2761
3127,2765,3116
3116,2765,2739
3116,3117,3128
3116,3128,3127
3129,3121,3120
3129,3120,2745
2766,3129,2745
3130,3129,2766
3132,3130,3131
3130,2767,3131
3130,2766,2767
2769,3131,2767
3133,2773,2774
2775,3134,2774
2774,3134,3133
2776,3135,2775
2775,3135,3134
2777,3136,2776
2776,3136,3135
2778,3137,2777
2777,3137,3136
2779,3138,2778
2778,3138,3137
2753,3122,2779
3122,3138,2779
3122,3139,3138
3140,3122,3123
3139,3122,3140
3141,3123,3124
3140,3123,3141
3142,3124,3125
3141,3124,3142
3143,3125,3126
3142,3125,3143
2780,3144,2763
3144,3126,2763
3144,3143,3126
2782,3144,2780
3127,2783,2765
3146,3145,2784
3146,2784,2783
3128,3146,2783
3127,3128,2783
3148,3147,3145
3148,3145,3146
3149,3147,3148
3150,3132,3131
3150,3131,2769
2785,3150,2769
3151,3150,2785
3152,2785,2786
3152,3151,2785
3153,2786,2787
3153,3152,2786
3154,2787,2788
3154,3153,2787
2788,2773,3133
3155,2788,3133
3154,2788,3155
3155,3133,3134
3155,3134,3156
3156,3134,3135
3156,3135,3157
3157,3135,3136
3157,3136,3158
3158,3136,3137
3158,3137,3159
3159,3137,3138
3159,3138,3160
3160,3138,3139
3160,3139,3161
3161,3139,3140
3161,3140,3162
3162,3140,3141
3162,3141,3163
3163,3141,3142
3163,3142,3164
3164,3142,3143
3164,3143,3165
3165,3143,3144
3165,3144,3166
3168,3166,3167
3167,3166,2789
3166,3144,2789
3144,2782,2789
2790,3167,2789
3145,2793,2784
2793,3145,2795
3145,3169,2795
3145,3147,3169
3147,3149,3170
3171,3147,3170
3169,3147,3171
3173,3172,3171
3173,3171,3170
3175,3174,3172
3175,3172,3173
3177,3176,3174
3177,3174,3175
3179,3178,3176
3179,3176,3177
3181,3180,3178
3181,3178,3179
3183,3182,3180
3183,3180,3181
3185,3184,3182
3185,3182,3183
3186,3184,3185
3187,3168,3167
3167,2790,3187
2790,3188,3187
2790,2796,3188
3169,2797,2795
2797,3169,2798
2798,3169,3171
2798,3171,2799
3171,3189,2799
3171,3172,3189
3190,3172,3174
3189,3172,3190
3191,3174,3176
3190,3174,3191
3192,3176,3178
3191,3176,3192
3193,3178,3180
3192,3178,3193
3194,3180,3182
3193,3180,3194
3195,3182,3184
3194,3182,3195
3184,3186,3196
3197,3184,3196
3195,3184,3197
3199,3198,3197
3199,3197,3196
3201,3200,3198
3201,3198,3199
3202,3200,3201
2800,3188,2796
2800,3203,3188
3189,2801,2799
2801,3189,2802
2802,3189,3190
2802,3190,2803
2803,3190,3191
2803,3191,2804
2804,3191,3192
2804,3192,2806
3192,3204,2806
3192,3193,3204
3205,3193,3194
3204,3193,3205
3206,3194,3195
3205,3194,3206
3207,3195,3197
3206,3195,3207
3208,3197,3198
3207,3197,3208
3209,3198,3200
3208,3198,3209
3200,3202,3210
3211,3200,3210
3209,3200,3211
3213,3212,3211
3213,3211,3210
3214,3212,3213
3216,3215,2807
3216,2807,2808
2800,2807,3203
3203,2807,3215
3204,2809,2806
2809,3204,2810
2810,3204,3205
2810,3205,2811
2811,3205,3206
2811,3206,2812
2812,3206,3207
2812,3207,2813
2813,3207,3208
2813,3208,2814
2814,3208,3209
2814,3209,2816
2816,3209,3211
2816,3211,2818
2818,3211,3212
3218,3217,2819
3218,2819,2818
3214,3218,2818
3212,3214,2818
3219,3217,3218
3221,3220,2820
3221,2820,2821
2808,2820,3216
3216,2820,3220
3217,2822,2819
3223,3222,2823
3223,2823,2822
3219,3223,2822
3217,3219,2822
3224,3222,3223
3227,3226,3225
2826,2825,3225
3226,2826,3225
3228,2826,3226
2821,2826,3221
3221,2826,3228
3222,2827,2823
3224,3229,3222
3229,2827,3222
3229,2828,2827
2829,2828,3229
2829,3229,3230
3233,3232,3231
2830,2831,3231
3232,2830,3231
3234,2830,3232
3225,2832,3227
2832,3234,3227
2832,2830,3234
2832,3225,2825
3230,3235,2829
2829,3235,2833
3237,3236,2834
2833,3237,2834
3235,3237,2833
3239,3238,3236
3239,3236,3237
3240,3238,3239
3243,3242,3241
3245,3244,3241
3245,3241,3242
3244,3245,3233
3244,3233,3231
2836,3244,3231
2835,2836,3231
2835,3231,2831
3236,2837,2834
2837,3236,2839
3236,3246,2839
3236,3238,3246
3238,3240,3247
3248,3238,3247
3246,3238,3248
3250,3249,3248
3250,3248,3247
3251,3249,3250
3254,3253,3252
3252,3253,3243
3241,3252,3243
3255,3252,3241
2841,3255,2840
3255,3244,2840
3255,3241,3244
2840,3244,2836
3246,2843,2839
2843,3246,2844
3246,3256,2844
3246,3248,3256
3257,3248,3249
3256,3248,3257
3249,3251,3258
3259,3249,3258
3257,3249,3259
3261,3260,3259
3261,3259,3258
3262,3260,3261
3265,3264,3263
3263,3264,3254
3252,3263,3254
3266,3263,3252
3267,3252,3255
3266,3252,3267
2845,3267,2841
2841,3267,3255
3256,2847,2844
2847,3256,2848
3256,3268,2848
3256,3257,3268
3269,3257,3259
3268,3257,3269
3270,3259,3260
3269,3259,3270
3260,3262,3271
3272,3260,3271
3270,3260,3272
3273,3272,3271
3274,3265,3263
3276,3275,3274
3263,3276,3274
3266,3276,3263
3277,3266,3267
3276,3266,3277
2849,3277,2845
2845,3277,3267
3268,2851,2848
2851,3268,2853
3268,3278,2853
3268,3269,3278
3279,3269,3270
3278,3269,3279
3280,3270,3272
3279,3270,3280
3272,3273,3281
3272,3281,3280
3282,3275,3276
3284,3283,3282
3276,3284,3282
3277,3284,3276
2854,3284,2849
2849,3284,3277
3285,2856,3278
3278,2856,2853
3286,3278,3279
3285,3278,3286
3280,3288,3287
3286,3280,3287
3279,3280,3286
3288,3280,3281
3289,3283,3284
3284,2854,3289
2854,3290,3289
2854,2857,3290
3291,2859,3285
3285,2859,2856
3292,3285,3286
3291,3285,3292
3286,3287,3293
3286,3293,3292
3294,3290,2857
3294,2857,2860
2860,2862,3294
3294,2862,3295
3296,2864,3291
3291,2864,2859
3292,3298,3297
3296,3292,3297
3291,3292,3296
3298,3292,3293
2866,3300,3299
3295,2866,3299
2862,2866,3295
3300,3301,3299
3302,2867,2868
3303,3302,2868
3303,2868,2864
3304,3303,2864
3296,3304,2864
3304,3296,3297
2869,3300,2866
3306,3305,2871
2871,3305,2869
3305,3301,2869
3301,3300,2869
3306,3307,3305
3309,3308,3302
3308,2867,3302
3308,2873,2867
3309,3302,3303
2874,3306,2871
3311,3310,2876
2876,3310,2874
3310,3307,2874
3307,3306,2874
3311,3312,3310
3314,3313,2879
2879,3313,2878
3315,2879,2880
3315,3314,2879
2880,2873,3308
2880,3308,3315
2881,3311,2876
2881,2883,3311
2883,3312,3311
2883,3316,3312
3319,3318,3317
2885,2886,3317
2886,3319,3317
2886,3320,3319
3321,2886,2887
3321,3320,2886
3323,3322,2889
3322,2887,2889
3322,3321,2887
3325,3324,3323
3323,3324,3322
3327,3326,3325
3325,3326,3324
3329,3328,3327
3327,3328,3326
2891,2892,3329
2892,3328,3329
2892,3330,3328
2892,2878,3313
2892,3313,3330
2894,3316,2883
2894,3331,3316
3333,3332,2897
2897,3332,2896
2898,3317,3318
3333,2898,3318
2897,2898,3333
3317,2898,2885
2899,3323,2889
3323,2899,2900
3323,2900,3325
3325,2900,2902
3325,2902,3327
3327,2902,2904
3327,2904,3329
3329,2904,2891
2907,3331,2894
2907,3334,3331
3332,2908,2896
3335,2908,3332
2909,3334,2907
2909,3336,3334
3335,2910,2908
3337,2910,3335
2912,3336,2909
2912,3338,3336
3337,2913,2910
3339,2913,3337
2915,3338,2912
2915,3340,3338
3339,2916,2913
3341,2916,3339
2918,3342,2917
3342,3343,2917
3343,2915,2917
3343,3340,2915
3341,2919,2916
3344,2919,3341
3346,3345,3342
2918,3346,3342
2920,3346,2918
3342,3345,3343
3344,2921,2919
3347,2921,3344
2922,3346,2920
2922,3348,3346
3347,2923,2921
3349,2923,3347
2924,3348,2922
2924,3350,3348
3349,2925,2923
3351,2925,3349
2926,3350,2924
2926,3352,3350
3354,2927,3353
2927,3351,3353
2927,2925,3351
3355,3354,3353
2928,3352,2926
2928,3356,3352
3357,2929,3354
3354,2929,2927
3354,3355,3358
3354,3358,3357
2930,3356,2928
2930,3359,3356
3360,2931,3357
3357,2931,2929
3357,3358,3361
3357,3361,3360
2933,3359,2930
2933,3362,3359
3363,2934,3360
3360,2934,2931
3360,3361,3364
3360,3364,3363
3365,3362,2933
3365,2933,2935
2935,2936,3365
3365,2936,3366
3368,3367,3363
3367,2934,3363
3367,2937,2934
3368,3363,3364
2938,3366,2936
2938,3369,3366
3367,2939,2937
3370,2939,3367
2940,3369,2938
2940,3371,3369
3370,2941,2939
3372,2941,3370
2942,3374,3373
3371,2942,3373
2940,2942,3371
3374,3375,3373
3372,2943,2941
3376,2943,3372
2944,3377,3374
2944,3374,2942
3375,3374,3378
3378,3374,3377
3376,2945,2943
3379,2945,3376
2946,3380,3377
2946,3377,2944
3378,3377,3381
3381,3377,3380
3379,2947,2945
3382,2947,3379
2951,3383,3380
2951,3380,2946
3381,3380,3384
3384,3380,3383
3382,2952,2947
3385,2952,3382
2959,3383,2951
2959,2961,3383
2961,3384,3383
2961,3386,3384
3385,2962,2952
3387,2962,3385
2973,3386,2961
2973,3388,3386
3387,2975,2962
3389,2975,3387
2988,3388,2973
2988,3390,3388
3389,2990,2975
3391,2990,3389
3009,3390,2988
3009,3392,3390
3010,2990,3393
2990,3394,3393
2990,3391,3394
3393,3011,3010
3017,3395,3018
3396,3019,3018
3396,3018,3395
3397,3020,3019
3397,3019,3396
3398,3021,3020
3398,3020,3397
3399,3022,3021
3399,3021,3398
3400,3023,3022
3400,3022,3399
3401,3024,3023
3401,3023,3400
3402,3025,3024
3402,3024,3401
3403,3026,3025
3403,3025,3402
3404,3027,3026
3404,3026,3403
3404,3029,3027
3033,3405,3034
3405,3406,3034
3406,3009,3034
3406,3392,3009
3393,3394,3407
3407,3394,3408
3407,3035,3011
3407,3011,3393
3038,3409,3039
3410,3040,3039
3410,3039,3409
3411,3041,3040
3411,3040,3410
3412,3042,3041
3412,3041,3411
3395,3017,3042
3412,3395,3042
3413,3395,3412
3395,3414,3396
3395,3413,3414
3396,3415,3397
3396,3414,3415
3417,3398,3416
3398,3415,3416
3398,3397,3415
3398,3417,3399
3399,3417,3418
3399,3418,3400
3400,3418,3419
3400,3419,3401
3401,3419,3420
3401,3420,3402
3402,3420,3421
3423,3422,3421
3422,3402,3421
3422,3403,3402
3403,3424,3404
3403,3422,3424
3425,3043,3029
3404,3425,3029
3424,3425,3404
3426,3044,3043
3426,3043,3425
3426,3046,3044
3048,3427,3405
3048,3405,3033
3406,3405,3428
3428,3405,3427
3408,3429,3407
3035,3407,3429
3430,3035,3429
3050,3035,3430
3053,3431,3054
3432,3055,3054
3432,3054,3431
3409,3038,3055
3432,3409,3055
3433,3409,3432
3435,3410,3434
3410,3433,3434
3410,3409,3433
3410,3435,3411
3411,3435,3436
3411,3436,3412
3412,3436,3437
3412,3437,3413
3413,3437,3438
3413,3438,3414
3414,3438,3439
3414,3439,3415
3415,3439,3440
3415,3440,3416
3423,3441,3422
3422,3441,3424
3424,3441,3442
3424,3442,3425
3425,3442,3443
3445,3444,3443
3444,3425,3443
3444,3426,3425
3446,3056,3046
3426,3446,3046
3444,3446,3426
3447,3057,3056
3447,3056,3446
3427,3048,3057
3447,3427,3057
3448,3427,3447
3428,3427,3449
3449,3427,3448
3058,3050,3450
3050,3451,3450
3050,3430,3451
3450,3060,3058
3064,3452,3065
3452,3453,3065
3065,3453,3053
3453,3454,3053
3454,3431,3053
3431,3454,3432
3432,3454,3455
3432,3455,3433
3433,3455,3456
3433,3456,3434
3445,3457,3444
3444,3457,3446
3446,3457,3458
3446,3458,3447
3447,3458,3459
3447,3459,3448
3448,3459,3460
3448,3460,3449
3451,3461,3450
3461,3463,3462
3461,3462,3066
3450,3461,3066
3060,3450,3066
3464,3067,3066
3464,3066,3462
3465,3068,3067
3465,3067,3464
3466,3069,3068
3466,3068,3465
3466,3467,3069
3069,3467,3064
3467,3468,3064
3468,3452,3064
3452,3468,3453
3463,3469,3462
3462,3469,3464
3464,3469,3470
3464,3470,3465
3465,3470,3471
3465,3471,3466
3466,3471,3472
3466,3472,3467
3475,3474,3473
3477,3476,3473
3473,3476,3475
3479,3478,3477
3477,3478,3476
3479,3480,3478
3483,3482,3481
3483,3481,3474
3481,3473,3474
3481,3484,3473
3473,3485,3477
3473,3484,3485
3477,3486,3479
3477,3485,3486
3480,3479,3487
3479,3488,3487
3479,3486,3488
3490,3489,3488
3488,3489,3487
3490,3491,3489
3493,3492,3072
3072,3492,3071
3073,3481,3482
3493,3073,3482
3072,3073,3493
3481,3073,3075
3481,3075,3484
3484,3075,3077
3484,3077,3485
3485,3077,3079
3485,3079,3486
3486,3079,3081
3494,3486,3081
3488,3486,3494
3488,3495,3490
3488,3494,3495
3491,3490,3496
3490,3497,3496
3490,3495,3497
3497,3498,3496
3500,3499,3084
3084,3499,3083
3084,3071,3492
3084,3492,3500
3085,3494,3081
3494,3085,3087
3494,3087,3495
3495,3087,3089
3501,3495,3089
3497,3495,3501
3498,3497,3502
3497,3503,3502
3497,3501,3503
3503,3504,3502
3505,3090,3091
3506,3505,3091
3083,3506,3091
3499,3506,3083
3092,3501,3089
3501,3092,3094
3507,3501,3094
3503,3501,3507
3504,3503,3508
3503,3509,3508
3503,3507,3509
3509,3510,3508
3511,3095,3096
3512,3511,3096
3512,3096,3090
3513,3512,3090
3505,3513,3090
3513,3505,3506
3097,3507,3094
3507,3097,3098
3507,3098,3509
3515,3514,3100
3100,3514,3098
3514,3510,3098
3510,3509,3098
3517,3516,3515
3515,3516,3514
3517,3518,3516
3519,3101,3511
3511,3101,3095
3511,3512,3520
3511,3520,3519
3102,3515,3100
3515,3102,3104
3521,3515,3104
3517,3515,3521
3518,3517,3522
3517,3523,3522
3517,3521,3523
3523,3524,3522
3525,3106,3519
3519,3106,3101
3519,3520,3526
3519,3526,3525
3107,3521,3104
3521,3107,3108
3521,3108,3523
3527,3524,3523
3108,3527,3523
3109,3527,3108
3529,3528,3111
3528,3109,3111
3528,3527,3109
3529,3530,3528
3531,3112,3113
3106,3525,3113
3525,3531,3113
3525,3532,3531
3525,3526,3533
3525,3533,3532
3114,3529,3111
3535,3534,3115
3115,3534,3114
3534,3530,3114
3530,3529,3114
3537,3536,3535
3535,3536,3534
3537,3538,3536
3539,3117,3531
3531,3117,3112
3540,3531,3532
3539,3531,3540
3532,3533,3541
3532,3541,3540
3118,3535,3115
3535,3118,3119
3535,3119,3537
3543,3542,3121
3121,3542,3119
3542,3538,3119
3538,3537,3119
3543,3544,3542
3545,3128,3539
3539,3128,3117
3546,3539,3540
3545,3539,3546
3540,3541,3547
3548,3540,3547
3546,3540,3548
3550,3549,3548
3550,3548,3547
3552,3551,3549
3552,3549,3550
3554,3553,3551
3554,3551,3552
3556,3555,3553
3556,3553,3554
3558,3557,3555
3558,3555,3556
3559,3557,3558
3129,3543,3121
3560,3544,3543
3129,3560,3543
3130,3560,3129
3562,3561,3132
3561,3130,3132
3561,3560,3130
3564,3563,3562
3562,3563,3561
3566,3565,3564
3564,3565,3563
3568,3567,3566
3566,3567,3565
3570,3569,3568
3568,3569,3567
3572,3571,3570
3570,3571,3569
3572,3573,3571
3545,3146,3128
3146,3545,3148
3148,3545,3546
3148,3546,3149
3546,3574,3149
3546,3548,3574
3575,3548,3549
3574,3548,3575
3576,3549,3551
3575,3549,3576
3577,3551,3553
3576,3551,3577
3578,3553,3555
3577,3553,3578
3579,3555,3557
3578,3555,3579
3557,3559,3580
3581,3557,3580
3579,3557,3581
3583,3582,3581
3583,3581,3580
3585,3584,3582
3585,3582,3583
3587,3586,3584
3587,3584,3585
3588,3586,3587
3150,3562,3132
3562,3150,3151
3562,3151,3564
3564,3151,3152
3564,3152,3566
3566,3152,3153
3566,3153,3568
3568,3153,3154
3568,3154,3570
3570,3154,3155
3570,3155,3572
3589,3573,3572
3155,3589,3572
3156,3589,3155
3590,3156,3157
3590,3589,3156
3591,3157,3158
3591,3590,3157
3592,3158,3159
3592,3591,3158
3593,3159,3160
3593,3592,3159
3594,3160,3161
3594,3593,3160
3595,3161,3162
3595,3594,3161
3596,3162,3163
3596,3595,3162
3598,3596,3597
3596,3164,3597
3596,3163,3164
3165,3599,3164
3164,3599,3597
3166,3600,3165
3165,3600,3599
3168,3600,3166
3574,3170,3149
3170,3574,3173
3173,3574,3575
3173,3575,3175
3175,3575,3576
3175,3576,3177
3177,3576,3577
3177,3577,3179
3179,3577,3578
3179,3578,3181
3181,3578,3579
3181,3579,3183
3183,3579,3581
3183,3581,3185
3185,3581,3582
3185,3582,3186
3582,3601,3186
3582,3584,3601
3602,3584,3586
3601,3584,3602
3586,3588,3603
3604,3586,3603
3602,3586,3604
3606,3605,3604
3606,3604,3603
3607,3605,3606
3608,3598,3597
3608,3597,3599
3608,3599,3609
3611,3610,3609
3599,3611,3609
3600,3611,3599
3187,3612,3168
3612,3600,3168
3612,3611,3600
3188,3612,3187
3601,3196,3186
3196,3601,3199
3199,3601,3602
3199,3602,3201
3201,3602,3604
3201,3604,3202
3604,3613,3202
3604,3605,3613
3605,3607,3614
3615,3605,3614
3613,3605,3615
3617,3616,3615
3617,3615,3614
3618,3616,3617
3610,3611,3619
3610,3619,3620
3621,3611,3612
3619,3611,3621
3203,3621,3188
3188,3621,3612
3613,3210,3202
3210,3613,3213
3213,3613,3615
3213,3615,3214
3615,3622,3214
3615,3616,3622
3616,3618,3623
3624,3616,3623
3622,3616,3624
3625,3624,3623
3628,3627,3626
3630,3629,3626
3630,3626,3627
3632,3631,3629
3632,3629,3630
3631,3632,3620
3619,3631,3620
3633,3631,3619
3216,3633,3215
3633,3621,3215
3633,3619,3621
3215,3621,3203
3622,3218,3214
3218,3622,3219
3622,3634,3219
3622,3624,3634
3624,3625,3635
3636,3624,3635
3634,3624,3636
3637,3636,3635
3640,3639,3638
3638,3639,3628
3626,3638,3628
3641,3638,3626
3642,3626,3629
3641,3626,3642
3643,3629,3631
3642,3629,3643
3221,3643,3220
3643,3633,3220
3643,3631,3633
3220,3633,3216
3634,3223,3219
3223,3634,3224
3634,3644,3224
3634,3636,3644
3636,3637,3645
3646,3636,3645
3644,3636,3646
3648,3647,3646
3648,3646,3645
3649,3647,3648
3652,3651,3650
3654,3653,3650
3654,3650,3651
3656,3655,3653
3656,3653,3654
3655,3656,3640
3638,3655,3640
3657,3655,3638
3658,3638,3641
3657,3638,3658
3227,3658,3226
3658,3642,3226
3658,3641,3642
3226,3642,3228
3228,3642,3643
3228,3643,3221
3644,3229,3224
3229,3644,3230
3644,3659,3230
3644,3646,3659
3660,3646,3647
3659,3646,3660
3647,3649,3661
3662,3647,3661
3660,3647,3662
3664,3663,3662
3664,3662,3661
3666,3665,3663
3666,3663,3664
3668,3667,3665
3668,3665,3666
3670,3669,3667
3670,3667,3668
3672,3671,3669
3672,3669,3670
3674,3673,3671
3674,3671,3672
3676,3675,3673
3676,3673,3674
3678,3677,3675
3678,3675,3676
3680,3679,3677
3680,3677,3678
3682,3681,3679
3682,3679,3680
3684,3683,3681
3684,3681,3682
3683,3684,3652
3650,3683,3652
3685,3683,3650
3686,3650,3653
3685,3650,3686
3687,3653,3655
3686,3653,3687
3233,3687,3232
3687,3657,3232
3687,3655,3657
3232,3657,3234
3234,3657,3658
3234,3658,3227
3659,3235,3230
3235,3659,3237
3237,3659,3660
3237,3660,3239
3239,3660,3662
3239,3662,3240
3662,3688,3240
3662,3663,3688
3689,3663,3665
3688,3663,3689
3690,3665,3667
3689,3665,3690
3691,3667,3669
3690,3667,3691
3692,3669,3671
3691,3669,3692
3693,3671,3673
3692,3671,3693
3694,3673,3675
3693,3673,3694
3695,3675,3677
3694,3675,3695
3696,3677,3679
3695,3677,3696
3697,3679,3681
3696,3679,3697
3698,3681,3683
3697,3681,3698
3699,3683,3685
3698,3683,3699
3243,3699,3242
3699,3686,3242
3699,3685,3686
3242,3686,3245
3245,3686,3687
3245,3687,3233
3688,3247,3240
3247,3688,3250
3250,3688,3689
3250,3689,3251
3689,3700,3251
3689,3690,3700
3701,3690,3691
3700,3690,3701
3702,3691,3692
3701,3691,3702
3703,3692,3693
3702,3692,3703
3704,3693,3694
3703,3693,3704
3705,3694,3695
3704,3694,3705
3706,3695,3696
3705,3695,3706
3707,3696,3697
3706,3696,3707
3708,3697,3698
3707,3697,3708
3254,3708,3253
3708,3699,3253
3708,3698,3699
3253,3699,3243
3700,3258,3251
3258,3700,3261
3261,3700,3701
3261,3701,3262
3701,3709,3262
3701,3702,3709
3710,3702,3703
3709,3702,3710
3711,3703,3704
3710,3703,3711
3712,3704,3705
3711,3704,3712
3713,3705,3706
3712,3705,3713
3714,3706,3707
3713,3706,3714
3265,3714,3264
3714,3708,3264
3714,3707,3708
3264,3708,3254
3709,3271,3262
3271,3709,3273
3709,3715,3273
3709,3710,3715
3716,3710,3711
3715,3710,3716
3717,3711,3712
3716,3711,3717
3718,3712,3713
3717,3712,3718
3719,3713,3714
3718,3713,3719
3274,3720,3265
3720,3714,3265
3720,3719,3714
3275,3720,3274
3721,3281,3715
3715,3281,3273
3722,3715,3716
3721,3715,3722
3723,3716,3717
3722,3716,3723
3724,3717,3718
3723,3717,3724
3725,3718,3719
3724,3718,3725
3726,3719,3720
3725,3719,3726
3282,3727,3275
3727,3720,3275
3727,3726,3720
3283,3727,3282
3728,3287,3288
3281,3721,3288
3721,3728,3288
3721,3729,3728
3730,3721,3722
3729,3721,3730
3731,3722,3723
3730,3722,3731
3732,3723,3724
3731,3723,3732
3733,3724,3725
3732,3724,3733
3734,3725,3726
3733,3725,3734
3735,3726,3727
3734,3726,3735
3289,3736,3283
3736,3727,3283
3736,3735,3727
3290,3736,3289
3737,3293,3728
3728,3293,3287
3738,3728,3729
3737,3728,3738
3739,3729,3730
3738,3729,3739
3731,3741,3740
3739,3731,3740
3730,3731,3739
3741,3731,3732
3741,3732,3742
3742,3732,3733
3742,3733,3743
3743,3733,3734
3743,3734,3744
3744,3734,3735
3744,3735,3745
3747,3746,3745
3735,3747,3745
3736,3747,3735
3294,3748,3290
3748,3736,3290
3748,3747,3736
3295,3748,3294
3749,3297,3298
3293,3737,3298
3737,3749,3298
3737,3750,3749
3738,3752,3751
3750,3738,3751
3737,3738,3750
3752,3738,3739
3752,3739,3753
3753,3739,3740
3754,3746,3747
3754,3747,3748
3754,3748,3755
3755,3748,3295
3299,3755,3295
3756,3755,3299
3299,3301,3756
3756,3301,3757
3758,3303,3304
3759,3758,3304
3759,3304,3297
3760,3759,3297
3749,3760,3297
3760,3749,3750
3760,3750,3761
3761,3750,3751
3762,3757,3301
3762,3301,3305
3764,3763,3307
3763,3305,3307
3763,3762,3305
3764,3765,3763
3766,3308,3309
3767,3766,3309
3767,3309,3303
3768,3767,3303
3758,3768,3303
3768,3758,3759
3310,3764,3307
3310,3312,3764
3312,3765,3764
3312,3769,3765
3772,3771,3770
3774,3773,3770
3770,3773,3772
3774,3775,3773
3777,3776,3314
3314,3776,3313
3778,3314,3315
3778,3777,3314
3315,3308,3766
3779,3315,3766
3778,3315,3779
3779,3766,3767
3316,3781,3780
3769,3316,3780
3312,3316,3769
3781,3782,3780
3785,3784,3783
3318,3319,3783
3319,3785,3783
3319,3786,3785
3320,3770,3771
3786,3320,3771
3319,3320,3786
3770,3320,3321
3770,3321,3774
3787,3775,3774
3321,3787,3774
3322,3787,3321
3788,3322,3324
3788,3787,3322
3789,3324,3326
3789,3788,3324
3790,3326,3328
3790,3789,3326
3791,3328,3330
3791,3790,3328
3330,3313,3776
3330,3776,3791
3331,3792,3781
3331,3781,3316
3782,3781,3793
3793,3781,3792
3783,3784,3333
3784,3332,3333
3784,3794,3332
3783,3333,3318
3796,3795,3792
3331,3796,3792
3334,3796,3331
3792,3795,3793
3794,3335,3332
3797,3335,3794
3336,3796,3334
3336,3798,3796
3797,3337,3335
3799,3337,3797
3338,3798,3336
3338,3800,3798
3799,3339,3337
3801,3339,3799
3340,3800,3338
3340,3802,3800
3801,3341,3339
3803,3341,3801
3806,3805,3804
3805,3802,3804
3802,3343,3804
3802,3340,3343
3803,3344,3341
3807,3344,3803
3806,3804,3345
3346,3806,3345
3808,3806,3346
3345,3804,3343
3807,3347,3344
3809,3347,3807
3348,3808,3346
3348,3810,3808
3809,3349,3347
3811,3349,3809
3350,3810,3348
3350,3812,3810
3814,3351,3813
3351,3811,3813
3351,3349,3811
3815,3814,3813
3352,3812,3350
3352,3816,3812
3814,3353,3351
3355,3353,3814
3815,3355,3814
3817,3355,3815
3356,3816,3352
3356,3818,3816
3817,3358,3355
3819,3358,3817
3359,3818,3356
3359,3820,3818
3819,3361,3358
3821,3361,3819
3362,3820,3359
3362,3822,3820
3821,3364,3361
3823,3364,3821
3824,3822,3362
3824,3362,3365
3365,3366,3824
3824,3366,3825
3826,3367,3368
3827,3826,3368
3364,3827,3368
3823,3827,3364
3369,3825,3366
3369,3828,3825
3829,3370,3826
3826,3370,3367
3826,3827,3830
3826,3830,3829
3371,3828,3369
3371,3831,3828
3832,3372,3829
3829,3372,3370
3829,3830,3833
3829,3833,3832
3834,3831,3371
3834,3371,3373
3373,3375,3834
3834,3375,3835
3836,3376,3832
3832,3376,3372
3832,3833,3837
3832,3837,3836
3378,3835,3375
3378,3838,3835
3839,3379,3836
3836,3379,3376
3836,3837,3840
3836,3840,3839
3381,3838,3378
3381,3841,3838
3843,3842,3839
3842,3379,3839
3842,3382,3379
3843,3839,3840
3384,3841,3381
3384,3844,3841
3842,3385,3382
3845,3385,3842
3386,3847,3846
3844,3386,3846
3384,3386,3844
3847,3848,3846
3845,3387,3385
3849,3387,3845
3388,3850,3847
3388,3847,3386
3848,3847,3851
3851,3847,3850
3849,3389,3387
3852,3389,3849
3390,3853,3850
3390,3850,3388
3851,3850,3854
3854,3850,3853
3852,3391,3389
3855,3391,3852
3392,3856,3853
3392,3853,3390
3854,3853,3857
3857,3853,3856
3855,3394,3391
3858,3394,3855
3406,3859,3856
3406,3856,3392
3857,3856,3860
3860,3856,3859
3858,3408,3394
3861,3408,3858
3416,3862,3417
3863,3418,3417
3863,3417,3862
3864,3419,3418
3864,3418,3863
3865,3420,3419
3865,3419,3864
3866,3421,3420
3866,3420,3865
3866,3423,3421
3428,3867,3859
3428,3859,3406
3860,3859,3868
3868,3859,3867
3429,3408,3869
3408,3870,3869
3408,3861,3870
3869,3430,3429
3434,3871,3435
3872,3436,3435
3872,3435,3871
3873,3437,3436
3873,3436,3872
3874,3438,3437
3874,3437,3873
3875,3439,3438
3875,3438,3874
3876,3440,3439
3876,3439,3875
3876,3877,3440
3440,3877,3416
3877,3878,3416
3878,3862,3416
3862,3878,3863
3863,3878,3879
3863,3879,3864
3864,3879,3880
3864,3880,3865
3865,3880,3881
3865,3881,3866
3866,3881,3882
3866,3882,3423
3882,3441,3423
3882,3883,3441
3883,3885,3884
3442,3883,3884
3441,3883,3442
3886,3443,3442
3886,3442,3884
3886,3445,3443
3888,3887,3867
3428,3888,3867
3449,3888,3428
3867,3887,3868
3870,3889,3869
3430,3869,3889
3890,3430,3889
3451,3430,3890
3453,3891,3454
3892,3455,3454
3892,3454,3891
3455,3892,3893
3894,3455,3893
3456,3455,3894
3434,3456,3871
3456,3895,3871
3456,3894,3895
3871,3895,3872
3872,3895,3896
3872,3896,3873
3873,3896,3897
3873,3897,3874
3874,3897,3898
3874,3898,3875
3875,3898,3899
3875,3899,3876
3876,3899,3900
3876,3900,3877
3885,3901,3884
3884,3901,3886
3886,3901,3902
3886,3902,3445
3902,3457,3445
3902,3903,3457
3903,3905,3904
3458,3903,3904
3457,3903,3458
3906,3459,3458
3906,3458,3904
3907,3460,3459
3907,3459,3906
3907,3908,3460
3908,3449,3460
3908,3888,3449
3461,3451,3909
3451,3910,3909
3451,3890,3910
3909,3463,3461
3467,3911,3468
3911,3912,3468
3468,3912,3453
3912,3913,3453
3913,3891,3453
3891,3913,3892
3892,3913,3914
3892,3914,3893
3905,3915,3904
3904,3915,3906
3906,3915,3916
3906,3916,3907
3907,3916,3917
3907,3917,3908
3910,3918,3909
3918,3920,3919
3918,3919,3469
3909,3918,3469
3463,3909,3469
3921,3470,3469
3921,3469,3919
3470,3921,3922
3923,3470,3922
3471,3470,3923
3471,3924,3472
3923,3924,3471
3467,3472,3911
3472,3925,3911
3472,3924,3925
3911,3925,3912
3920,3926,3919
3919,3926,3921
3921,3926,3927
3921,3927,3922
3930,3929,3928
3932,3931,3928
3928,3931,3930
3934,3933,3932
3932,3933,3931
3936,3935,3934
3934,3935,3933
3936,3937,3935
3940,3939,3938
3940,3938,3929
3938,3928,3929
3938,3941,3928
3928,3942,3932
3928,3941,3942
3932,3943,3934
3932,3942,3943
3934,3944,3936
3934,3943,3944
3937,3936,3945
3936,3946,3945
3936,3944,3946
3946,3947,3945
3950,3949,3948
3950,3948,3939
3939,3948,3938
3948,3474,3938
3474,3475,3938
3938,3475,3476
3938,3476,3941
3941,3476,3478
3941,3478,3942
3942,3478,3480
3951,3942,3480
3943,3942,3951
3943,3952,3944
3943,3951,3952
3944,3953,3946
3944,3952,3953
3947,3946,3954
3946,3955,3954
3946,3953,3955
3955,3956,3954
3948,3949,3483
3949,3482,3483
3949,3957,3482
3948,3483,3474
3487,3951,3480
3951,3487,3489
3951,3489,3952
3952,3489,3491
3958,3952,3491
3953,3952,3958
3953,3959,3955
3953,3958,3959
3956,3955,3960
3955,3961,3960
3955,3959,3961
3961,3962,3960
3963,3492,3493
3964,3963,3493
3482,3964,3493
3957,3964,3482
3496,3958,3491
3958,3496,3498
3965,3958,3498
3959,3958,3965
3959,3966,3961
3959,3965,3966
3962,3961,3967
3961,3968,3967
3961,3966,3968
3968,3969,3967
3970,3499,3500
3971,3970,3500
3971,3500,3492
3972,3971,3492
3963,3972,3492
3972,3963,3964
3502,3965,3498
3965,3502,3504
3973,3965,3504
3966,3965,3973
3966,3974,3968
3966,3973,3974
3969,3968,3975
3968,3976,3975
3968,3974,3976
3976,3977,3975
3978,3506,3970
3970,3506,3499
3970,3971,3979
3970,3979,3978
3508,3973,3504
3973,3508,3510
3980,3973,3510
3974,3973,3980
3974,3981,3976
3974,3980,3981
3977,3976,3982
3976,3983,3982
3976,3981,3983
3983,3984,3982
3985,3512,3513
3506,3978,3513
3978,3985,3513
3978,3986,3985
3978,3979,3987
3978,3987,3986
3514,3980,3510
3980,3514,3516
3980,3516,3981
3981,3516,3518
3988,3981,3518
3983,3981,3988
3984,3983,3989
3983,3990,3989
3983,3988,3990
3992,3991,3990
3990,3991,3989
3992,3993,3991
3994,3520,3985
3985,3520,3512
3995,3985,3986
3994,3985,3995
3986,3987,3996
3986,3996,3995
3522,3988,3518
3988,3522,3524
3997,3988,3524
3990,3988,3997
3990,3998,3992
3990,3997,3998
3993,3992,3999
3992,4000,3999
3992,3998,4000
4000,4001,3999
4002,3526,3994
3994,3526,3520
4003,3994,3995
4002,3994,4003
3995,3996,4004
3995,4004,4003
3527,3997,3524
3997,3527,3528
3997,3528,3998
3998,3528,3530
4005,3998,3530
4000,3998,4005
4001,4000,4006
4000,4007,4006
4000,4005,4007
4009,4008,4007
4007,4008,4006
4009,4010,4008
4011,3533,4002
4002,3533,3526
4012,4002,4003
4011,4002,4012
4003,4004,4013
4014,4003,4013
4012,4003,4014
4016,4015,4014
4016,4014,4013
4017,4015,4016
3534,4005,3530
4005,3534,3536
4005,3536,4007
4007,3536,3538
4018,4007,3538
4009,4007,4018
4010,4009,4019
4009,4020,4019
4009,4018,4020
4022,4021,4020
4020,4021,4019
4022,4023,4021
4024,3541,4011
4011,3541,3533
4025,4011,4012
4024,4011,4025
4026,4012,4014
4025,4012,4026
4027,4014,4015
4026,4014,4027
4015,4017,4028
4029,4015,4028
4027,4015,4029
4031,4030,4029
4031,4029,4028
4033,4032,4030
4033,4030,4031
4035,4034,4032
4035,4032,4033
4036,4034,4035
3542,4018,3538
4018,3542,3544
4037,4018,3544
4020,4018,4037
4020,4038,4022
4020,4037,4038
4023,4022,4039
4022,4040,4039
4022,4038,4040
4042,4041,4040
4040,4041,4039
4044,4043,4042
4042,4043,4041
4046,4045,4044
4044,4045,4043
4046,4047,4045
4024,3547,3541
3547,4024,3550
3550,4024,4025
3550,4025,3552
3552,4025,4026
3552,4026,3554
3554,4026,4027
3554,4027,3556
3556,4027,4029
3556,4029,3558
3558,4029,4030
3558,4030,3559
4030,4048,3559
4030,4032,4048
4049,4032,4034
4048,4032,4049
4034,4036,4050
4051,4034,4050
4049,4034,4051
4053,4052,4051
4053,4051,4050
4055,4054,4052
4055,4052,4053
4056,4054,4055
3560,4037,3544
4037,3560,3561
4037,3561,4038
4038,3561,3563
4038,3563,4040
4040,3563,3565
4040,3565,4042
4042,3565,3567
4042,3567,4044
4044,3567,3569
4044,3569,4046
4057,4047,4046
3569,4057,4046
3571,4057,3569
4059,4058,3573
4058,3571,3573
4058,4057,3571
4059,4060,4058
4048,3580,3559
3580,4048,3583
3583,4048,4049
3583,4049,3585
3585,4049,4051
3585,4051,3587
3587,4051,4052
3587,4052,3588
4052,4061,3588
4052,4054,4061
4054,4056,4062
4063,4054,4062
4061,4054,4063
4065,4064,4063
4065,4063,4062
4066,4064,4065
3589,4059,3573
4067,4060,4059
3589,4067,4059
3590,4067,3589
4068,3590,3591
4068,4067,3590
4070,4068,4069
4068,3592,4069
4068,3591,3592
3593,4071,3592
3592,4071,4069
3594,4072,3593
3593,4072,4071
3595,4073,3594
3594,4073,4072
3596,4074,3595
3595,4074,4073
3598,4074,3596
4061,3603,3588
3603,4061,3606
3606,4061,4063
3606,4063,3607
4063,4075,3607
4063,4064,4075
4064,4066,4076
4077,4064,4076
4075,4064,4077
4079,4078,4077
4079,4077,4076
4080,4078,4079
4081,4070,4069
4083,4082,4081
4069,4083,4081
4071,4083,4069
4084,4071,4072
4083,4071,4084
4085,4072,4073
4084,4072,4085
4086,4073,4074
4085,4073,4086
3608,4087,3598
4087,4074,3598
4087,4086,4074
3609,4088,3608
3608,4088,4087
3610,4088,3609
4075,3614,3607
3614,4075,3617
3617,4075,4077
3617,4077,3618
4077,4089,3618
4077,4078,4089
4078,4080,4090
4091,4078,4090
4089,4078,4091
4093,4092,4091
4093,4091,4090
4094,4092,4093
4082,4083,4095
4082,4095,4096
4097,4083,4084
4095,4083,4097
4098,4084,4085
4097,4084,4098
4099,4085,4086
4098,4085,4099
4100,4086,4087
4099,4086,4100
4101,4087,4088
4100,4087,4101
3620,4101,3610
3610,4101,4088
4089,3623,3618
3623,4089,3625
4089,4102,3625
4089,4091,4102
4103,4091,4092
4102,4091,4103
4092,4094,4104
4105,4092,4104
4103,4092,4105
4107,4106,4105
4107,4105,4104
4109,4108,4106
4109,4106,4107
4110,4108,4109
4113,4112,4111
4111,4112,4096
4095,4111,4096
4114,4111,4095
4115,4095,4097
4114,4095,4115
4116,4097,4098
4115,4097,4116
3628,4116,3627
4116,4099,3627
4116,4098,4099
3627,4099,3630
3630,4099,4100
3630,4100,3632
3632,4100,4101
3632,4101,3620
4102,3635,3625
3635,4102,3637
4102,4117,3637
4102,4103,4117
4118,4103,4105
4117,4103,4118
4119,4105,4106
4118,4105,4119
4120,4106,4108
4119,4106,4120
4108,4110,4121
4122,4108,4121
4120,4108,4122
4124,4123,4122
4124,4122,4121
4126,4125,4123
4126,4123,4124
4128,4127,4125
4128,4125,4126
4130,4129,4127
4130,4127,4128
4132,4131,4129
4132,4129,4130
4134,4133,4131
4134,4131,4132
4136,4135,4133
4136,4133,4134
4138,4137,4135
4138,4135,4136
4140,4139,4137
4140,4137,4138
4139,4140,4113
4111,4139,4113
4141,4139,4111
4142,4111,4114
4141,4111,4142
4143,4114,4115
4142,4114,4143
3640,4143,3639
4143,4116,3639
4143,4115,4116
3639,4116,3628
4117,3645,3637
3645,4117,3648
3648,4117,4118
3648,4118,3649
4118,4144,3649
4118,4119,4144
4145,4119,4120
4144,4119,4145
4146,4120,4122
4145,4120,4146
4147,4122,4123
4146,4122,4147
4148,4123,4125
4147,4123,4148
4149,4125,4127
4148,4125,4149
4150,4127,4129
4149,4127,4150
4151,4129,4131
4150,4129,4151
4152,4131,4133
4151,4131,4152
4153,4133,4135
4152,4133,4153
4154,4135,4137
4153,4135,4154
4155,4137,4139
4154,4137,4155
3652,4155,3651
4155,4141,3651
4155,4139,4141
3651,4141,3654
3654,4141,4142
3654,4142,3656
3656,4142,4143
3656,4143,3640
4144,3661,3649
3661,4144,3664
3664,4144,4145
3664,4145,3666
3666,4145,4146
3666,4146,3668
3668,4146,4147
3668,4147,3670
3670,4147,4148
3670,4148,3672
3672,4148,4149
3672,4149,3674
3674,4149,4150
3674,4150,3676
3676,4150,4151
3676,4151,3678
3678,4151,4152
3678,4152,3680
3680,4152,4153
3680,4153,3682
3682,4153,4154
3682,4154,3684
3684,4154,4155
3684,4155,3652
4156,3740,3741
3742,4157,3741
3741,4157,4156
3743,4158,3742
3742,4158,4157
3744,4159,3743
3743,4159,4158
3745,4160,3744
3744,4160,4159
3746,4160,3745
4161,3751,3752
3753,4162,3752
3752,4162,4161
3740,4156,3753
4156,4162,3753
4156,4163,4162
4164,4156,4157
4163,4156,4164
4165,4157,4158
4164,4157,4165
4159,4167,4166
4165,4159,4166
4158,4159,4165
4167,4159,4160
4167,4160,4168
4168,4160,3746
3754,4168,3746
4169,4168,3754
4170,3754,3755
4170,4169,3754
4171,3755,3756
4171,4170,3755
3756,3757,4171
4171,3757,4172
4173,3759,3760
3761,4174,3760
3760,4174,4173
3751,4161,3761
4161,4174,3761
4161,4175,4174
4162,4177,4176
4175,4162,4176
4161,4162,4175
4177,4162,4163
4177,4163,4178
4178,4163,4164
4178,4164,4179
4179,4164,4165
4179,4165,4180
4180,4165,4166
4181,4172,3757
4181,3757,3762
4182,3762,3763
4182,4181,3762
3763,3765,4182
4182,3765,4183
4184,3767,3768
3759,4173,3768
4173,4184,3768
4173,4185,4184
4174,4187,4186
4185,4174,4186
4173,4174,4185
4187,4174,4175
4187,4175,4188
4188,4175,4176
3769,4183,3765
3769,4189,4183
4191,4190,3772
3772,4190,3771
4193,4191,4192
4191,3773,4192
4191,3772,3773
3775,4192,3773
4194,3776,3777
3778,4195,3777
3777,4195,4194
4195,3778,4196
3778,4197,4196
3778,3779,4197
3779,3767,4184
4198,3779,4184
4197,3779,4198
4198,4184,4185
4198,4185,4199
4199,4185,4186
4200,4189,3769
4200,3769,3780
3780,3782,4200
4200,3782,4201
4203,4202,3785
3785,4202,3784
4204,3785,3786
4204,4203,3785
3786,3771,4190
3786,4190,4204
4205,4193,4192
4205,4192,3775
3787,4205,3775
4206,4205,3787
4207,3787,3788
4207,4206,3787
4208,3788,3789
4208,4207,3788
4209,3789,3790
4209,4208,3789
4210,3790,3791
4210,4209,3790
3791,3776,4194
4211,3791,4194
4210,3791,4211
4211,4194,4195
4211,4195,4212
4212,4195,4196
4215,4214,4213
4214,4201,4213
4201,3793,4213
4201,3782,3793
4202,3794,3784
4216,3794,4202
4215,4213,3795
3796,4215,3795
4217,4215,3796
3795,4213,3793
4216,3797,3794
4218,3797,4216
3798,4217,3796
3798,4219,4217
4218,3799,3797
4220,3799,4218
3800,4219,3798
3800,4221,4219
4220,3801,3799
4222,3801,4220
3802,4221,3800
3802,4223,4221
4222,3803,3801
4224,3803,4222
4226,4225,3805
4226,3805,3806
3802,3805,4223
4223,3805,4225
4224,3807,3803
4227,3807,4224
3808,4226,3806
3808,4228,4226
4230,3809,4229
3809,4227,4229
3809,3807,4227
4231,4230,4229
3810,4228,3808
3810,4232,4228
4233,3811,4230
4230,3811,3809
4230,4231,4234
4230,4234,4233
3812,4232,3810
3812,4235,4232
4233,3813,3811
3815,3813,4233
4234,3815,4233
4236,3815,4234
3816,4235,3812
3816,4237,4235
4236,3817,3815
4238,3817,4236
3818,4237,3816
3818,4239,4237
4238,3819,3817
4240,3819,4238
3820,4239,3818
3820,4241,4239
4243,3821,4242
3821,4240,4242
3821,3819,4240
4244,4243,4242
3822,4241,3820
3822,4245,4241
4246,3823,4243
4243,3823,3821
4243,4244,4247
4243,4247,4246
4248,4245,3822
4248,3822,3824
3824,3825,4248
4248,3825,4249
4251,4250,4246
4250,3823,4246
4250,3827,3823
4251,4246,4247
3828,4249,3825
3828,4252,4249
4250,3830,3827
4253,3830,4250
3831,4252,3828
3831,4254,4252
4253,3833,3830
4255,3833,4253
4256,4254,3831
4256,3831,3834
3834,3835,4256
4256,3835,4257
4255,3837,3833
4258,3837,4255
3838,4257,3835
3838,4259,4257
4258,3840,3837
4260,3840,4258
3841,4259,3838
3841,4261,4259
4262,3842,3843
4263,4262,3843
3840,4263,3843
4260,4263,3840
3844,4265,4264
4261,3844,4264
3841,3844,4261
4265,4266,4264
4267,3845,4262
4262,3845,3842
4262,4263,4268
4262,4268,4267
3846,4265,3844
3846,3848,4265
3848,4266,4265
3848,4269,4266
4271,4270,4267
4270,3845,4267
4270,3849,3845
4271,4267,4268
3851,4269,3848
3851,4272,4269
4270,3852,3849
4273,3852,4270
3854,4272,3851
3854,4274,4272
4273,3855,3852
4275,3855,4273
3857,4274,3854
3857,4276,4274
4275,3858,3855
4277,3858,4275
3860,4276,3857
3860,4278,4276
4277,3861,3858
4279,3861,4277
3868,4278,3860
3868,4280,4278
4279,3870,3861
4281,3870,4279
3877,4282,3878
4283,3879,3878
4283,3878,4282
4284,3880,3879
4284,3879,4283
4285,3881,3880
4285,3880,4284
4286,3882,3881
4286,3881,4285
4287,3883,3882
4287,3882,4286
4287,3885,3883
3888,4288,3887
4288,4289,3887
4289,3868,3887
4289,4280,3868
3889,3870,4290
3870,4291,4290
3870,4281,4291
4290,3890,3889
3893,4292,3894
4293,3895,3894
4293,3894,4292
4294,3896,3895
4294,3895,4293
3896,4294,4295
4296,3896,4295
3897,3896,4296
3897,4297,3898
4296,4297,3897
3898,4298,3899
4297,4298,3898
3899,4299,3900
4298,4299,3899
3877,3900,4282
3900,4300,4282
3900,4299,4300
4282,4300,4283
4283,4300,4301
4283,4301,4284
4284,4301,4302
4284,4302,4285
4285,4302,4303
4285,4303,4286
4286,4303,4304
4286,4304,4287
4287,4304,4305
4287,4305,3885
4305,3901,3885
4305,4306,3901
4306,4308,4307
3902,4306,4307
3901,4306,3902
4309,3903,3902
4309,3902,4307
4309,3905,3903
3908,4310,4288
3908,4288,3888
4289,4288,4311
4311,4288,4310
4291,4312,4290
3890,4290,4312
4313,3890,4312
3910,3890,4313
3912,4314,3913
3913,4314,4315
4316,3913,4315
3914,3913,4316
3893,3914,4292
3914,4317,4292
3914,4316,4317
4292,4317,4293
4293,4317,4318
4293,4318,4294
4294,4318,4319
4294,4319,4295
4308,4320,4307
4307,4320,4309
4309,4320,4321
4309,4321,3905
4321,3915,3905
4321,4322,3915
4322,4324,4323
3916,4322,4323
3915,4322,3916
4325,3917,3916
4325,3916,4323
4325,4326,3917
3917,4326,3908
4326,4327,3908
4327,4310,3908
4310,4327,4311
3918,3910,4328
3910,4329,4328
3910,4313,4329
4328,3920,3918
3922,4330,3923
3923,4330,4331
4332,3923,4331
3924,3923,4332
3924,4333,3925
4332,4333,3924
3912,3925,4314
3925,4334,4314
3925,4333,4334
4314,4334,4315
4324,4335,4323
4323,4335,4325
4325,4335,4336
4325,4336,4326
4329,4337,4328
4328,4337,3920
4337,3926,3920
4337,4338,3926
3926,4339,3927
4338,4339,3926
3922,3927,4330
3927,4340,4330
3927,4339,4340
4330,4340,4331
4343,4342,4341
4345,4344,4341
4341,4344,4343
4347,4346,4345
4345,4346,4344
4349,4348,4347
4347,4348,4346
4349,4350,4348
4341,4342,4351
4351,4342,4352
4341,4353,4345
4341,4351,4353
4345,4354,4347
4345,4353,4354
4347,4355,4349
4347,4354,4355
4350,4349,4356
4349,4357,4356
4349,4355,4357
4357,4358,4356
4361,4360,4359
4361,4359,4352
4359,4351,4352
4359,4362,4351
4351,4363,4353
4351,4362,4363
4353,4364,4354
4353,4363,4364
4354,4365,4355
4354,4364,4365
4355,4366,4357
4355,4365,4366
4358,4357,4367
4357,4368,4367
4357,4366,4368
4368,4369,4367
4359,4360,4370
4370,4360,4371
4359,4372,4362
4359,4370,4372
4362,4373,4363
4362,4372,4373
4363,4374,4364
4363,4373,4374
4364,4375,4365
4364,4374,4375
4365,4376,4366
4365,4375,4376
4366,4377,4368
4366,4376,4377
4369,4368,4378
4368,4379,4378
4368,4377,4379
4379,4380,4378
4370,4371,4381
4381,4371,4382
4381,3929,3930
4372,4381,3930
4370,4381,4372
4372,3930,3931
4372,3931,4373
4373,3931,3933
4373,3933,4374
4374,3933,3935
4374,3935,4375
4375,3935,3937
4383,4375,3937
4376,4375,4383
4376,4384,4377
4376,4383,4384
4377,4385,4379
4377,4384,4385
4380,4379,4386
4379,4387,4386
4379,4385,4387
4387,4388,4386
4381,4382,3940
4382,3939,3940
4382,4389,3939
4381,3940,3929
3945,4383,3937
4383,3945,3947
4390,4383,3947
4384,4383,4390
4384,4391,4385
4384,4390,4391
4385,4392,4387
4385,4391,4392
4388,4387,4393
4393,4387,4392
4394,3949,3950
4395,4394,3950
3939,4395,3950
4389,4395,3939
3954,4390,3947
4390,3954,3956
4396,4390,3956
4391,4390,4396
4391,4397,4392
4391,4396,4397
4393,4392,4398
4392,4399,4398
4392,4397,4399
4399,4400,4398
4401,3957,4394
4394,3957,3949
4394,4395,4402
4394,4402,4401
3960,4396,3956
4396,3960,3962
4403,4396,3962
4397,4396,4403
4397,4404,4399
4397,4403,4404
4400,4399,4405
4399,4406,4405
4399,4404,4406
4406,4407,4405
4408,3964,4401
4401,3964,3957
4401,4402,4409
4401,4409,4408
3967,4403,3962
4403,3967,3969
4410,4403,3969
4404,4403,4410
4404,4411,4406
4404,4410,4411
4407,4406,4412
4406,4413,4412
4406,4411,4413
4413,4414,4412
4415,3971,3972
3964,4408,3972
4408,4415,3972
4408,4416,4415
4408,4409,4417
4408,4417,4416
3975,4410,3969
4410,3975,3977
4418,4410,3977
4411,4410,4418
4411,4419,4413
4411,4418,4419
4414,4413,4420
4413,4421,4420
4413,4419,4421
4421,4422,4420
4423,3979,4415
4415,3979,3971
4424,4415,4416
4423,4415,4424
4416,4417,4425
4416,4425,4424
3982,4418,3977
4418,3982,3984
4426,4418,3984
4419,4418,4426
4419,4427,4421
4419,4426,4427
4422,4421,4428
4421,4429,4428
4421,4427,4429
4431,4430,4429
4429,4430,4428
4431,4432,4430
4433,3987,4423
4423,3987,3979
4434,4423,4424
4433,4423,4434
4424,4425,4435
4436,4424,4435
4434,4424,4436
4437,4436,4435
3989,4426,3984
4426,3989,3991
4426,3991,4427
4427,3991,3993
4438,4427,3993
4429,4427,4438
4429,4439,4431
4429,4438,4439
4432,4431,4440
4431,4441,4440
4431,4439,4441
4441,4442,4440
4443,3996,4433
4433,3996,3987
4444,4433,4434
4443,4433,4444
4445,4434,4436
4444,4434,4445
4436,4437,4446
4447,4436,4446
4445,4436,4447
4449,4448,4447
4449,4447,4446
4450,4448,4449
3999,4438,3993
4438,3999,4001
4451,4438,4001
4439,4438,4451
4439,4452,4441
4439,4451,4452
4442,4441,4453
4441,4454,4453
4441,4452,4454
4456,4455,4454
4454,4455,4453
4456,4457,4455
4458,4004,4443
4443,4004,3996
4459,4443,4444
4458,4443,4459
4460,4444,4445
4459,4444,4460
4461,4445,4447
4460,4445,4461
4462,4447,4448
4461,4447,4462
4448,4450,4463
4464,4448,4463
4462,4448,4464
4466,4465,4464
4466,4464,4463
4467,4465,4466
4006,4451,4001
4451,4006,4008
4451,4008,4452
4452,4008,4010
4468,4452,4010
4454,4452,4468
4454,4469,4456
4454,4468,4469
4457,4456,4470
4456,4471,4470
4456,4469,4471
4473,4472,4471
4471,4472,4470
4473,4474,4472
4458,4013,4004
4013,4458,4016
4016,4458,4459
4016,4459,4017
4459,4475,4017
4459,4460,4475
4476,4460,4461
4475,4460,4476
4477,4461,4462
4476,4461,4477
4478,4462,4464
4477,4462,4478
4479,4464,4465
4478,4464,4479
4465,4467,4480
4481,4465,4480
4479,4465,4481
4483,4482,4481
4483,4481,4480
4484,4482,4483
4019,4468,4010
4468,4019,4021
4468,4021,4469
4469,4021,4023
4485,4469,4023
4471,4469,4485
4471,4486,4473
4471,4485,4486
4474,4473,4487
4473,4488,4487
4473,4486,4488
4488,4489,4487
4475,4028,4017
4028,4475,4031
4031,4475,4476
4031,4476,4033
4033,4476,4477
4033,4477,4035
4035,4477,4478
4035,4478,4036
4478,4490,4036
4478,4479,4490
4491,4479,4481
4490,4479,4491
4492,4481,4482
4491,4481,4492
4482,4484,4493
4494,4482,4493
4492,4482,4494
4495,4494,4493
4039,4485,4023
4485,4039,4041
4485,4041,4486
4486,4041,4043
4486,4043,4488
4496,4489,4488
4043,4496,4488
4045,4496,4043
4045,4047,4496
4496,4047,4497
4490,4050,4036
4050,4490,4053
4053,4490,4491
4053,4491,4055
4055,4491,4492
4055,4492,4056
4492,4498,4056
4492,4494,4498
4494,4495,4499
4500,4494,4499
4498,4494,4500
4502,4501,4500
4502,4500,4499
4504,4503,4501
4504,4501,4502
4505,4503,4504
4506,4497,4047
4506,4047,4057
4508,4506,4507
4506,4058,4507
4506,4057,4058
4060,4507,4058
4498,4062,4056
4062,4498,4065
4065,4498,4500
4065,4500,4066
4500,4509,4066
4500,4501,4509
4510,4501,4503
4509,4501,4510
4503,4505,4511
4512,4503,4511
4510,4503,4512
4514,4513,4512
4514,4512,4511
4515,4513,4514
4518,4517,4516
4520,4519,4516
4520,4516,4517
4522,4521,4519
4522,4519,4520
4524,4523,4521
4524,4521,4522
4526,4525,4523
4526,4523,4524
4528,4527,4525
4528,4525,4526
4530,4529,4527
4530,4527,4528
4529,4530,4508
4507,4529,4508
4531,4529,4507
4067,4532,4060
4532,4507,4060
4532,4531,4507
4068,4533,4067
4067,4533,4532
4070,4533,4068
4509,4076,4066
4076,4509,4079
4079,4509,4510
4079,4510,4080
4510,4534,4080
4510,4512,4534
4535,4512,4513
4534,4512,4535
4513,4515,4536
4537,4513,4536
4535,4513,4537
4539,4538,4537
4539,4537,4536
4541,4540,4538
4541,4538,4539
4540,4541,4518
4516,4540,4518
4542,4540,4516
4543,4516,4519
4542,4516,4543
4544,4519,4521
4543,4519,4544
4545,4521,4523
4544,4521,4545
4546,4523,4525
4545,4523,4546
4547,4525,4527
4546,4525,4547
4548,4527,4529
4547,4527,4548
4549,4529,4531
4548,4529,4549
4550,4531,4532
4549,4531,4550
4551,4532,4533
4550,4532,4551
4081,4552,4070
4552,4533,4070
4552,4551,4533
4082,4552,4081
4534,4090,4080
4090,4534,4093
4093,4534,4535
4093,4535,4094
4535,4553,4094
4535,4537,4553
4554,4537,4538
4553,4537,4554
4555,4538,4540
4554,4538,4555
4556,4540,4542
4555,4540,4556
4557,4542,4543
4556,4542,4557
4558,4543,4544
4557,4543,4558
4559,4544,4545
4558,4544,4559
4560,4545,4546
4559,4545,4560
4561,4546,4547
4560,4546,4561
4562,4547,4548
4561,4547,4562
4563,4548,4549
4562,4548,4563
4564,4549,4550
4563,4549,4564
4565,4550,4551
4564,4550,4565
4566,4551,4552
4565,4551,4566
4096,4566,4082
4082,4566,4552
4553,4104,4094
4104,4553,4107
4107,4553,4554
4107,4554,4109
4109,4554,4555
4109,4555,4110
4555,4567,4110
4555,4556,4567
4568,4556,4557
4567,4556,4568
4569,4557,4558
4568,4557,4569
4570,4558,4559
4569,4558,4570
4571,4559,4560
4570,4559,4571
4572,4560,4561
4571,4560,4572
4573,4561,4562
4572,4561,4573
4574,4562,4563
4573,4562,4574
4575,4563,4564
4574,4563,4575
4576,4564,4565
4575,4564,4576
4113,4576,4112
4576,4566,4112
4576,4565,4566
4112,4566,4096
4567,4121,4110
4121,4567,4124
4124,4567,4568
4124,4568,4126
4126,4568,4569
4126,4569,4128
4128,4569,4570
4128,4570,4130
4130,4570,4571
4130,4571,4132
4132,4571,4572
4132,4572,4134
4134,4572,4573
4134,4573,4136
4136,4573,4574
4136,4574,4138
4138,4574,4575
4138,4575,4140
4140,4575,4576
4140,4576,4113
4577,4166,4167
4168,4578,4167
4167,4578,4577
4169,4579,4168
4168,4579,4578
4170,4580,4169
4169,4580,4579
4171,4581,4170
4170,4581,4580
4172,4581,4171
4582,4176,4177
4178,4583,4177
4177,4583,4582
4179,4584,4178
4178,4584,4583
4584,4179,4585
4179,4586,4585
4179,4180,4586
4180,4166,4577
4587,4180,4577
4586,4180,4587
4587,4577,4578
4587,4578,4588
4588,4578,4579
4588,4579,4589
4589,4579,4580
4589,4580,4590
4590,4580,4581
4590,4581,4591
4591,4581,4172
4181,4591,4172
4592,4591,4181
4594,4592,4593
4592,4182,4593
4592,4181,4182
4183,4593,4182
4595,4186,4187
4188,4596,4187
4187,4596,4595
4597,4596,4188
4597,4188,4176
4598,4597,4176
4582,4598,4176
4598,4582,4583
4598,4583,4599
4599,4583,4584
4599,4584,4600
4600,4584,4585
4601,4594,4593
4593,4183,4601
4183,4602,4601
4183,4189,4602
4603,4190,4191
4193,4603,4191
4604,4196,4197
4198,4605,4197
4197,4605,4604
4605,4198,4606
4198,4607,4606
4198,4199,4607
4199,4186,4595
4608,4199,4595
4607,4199,4608
4608,4595,4596
4608,4596,4609
4609,4596,4597
4189,4200,4610
4611,4189,4610
4602,4189,4611
4201,4610,4200
4613,4612,4203
4203,4612,4202
4614,4203,4204
4614,4613,4203
4204,4190,4603
4615,4204,4603
4614,4204,4615
4615,4603,4193
4205,4615,4193
4616,4615,4205
4617,4205,4206
4617,4616,4205
4618,4206,4207
4618,4617,4206
4619,4207,4208
4619,4618,4207
4620,4208,4209
4620,4619,4208
4621,4209,4210
4621,4620,4209
4622,4210,4211
4622,4621,4210
4623,4211,4212
4623,4622,4211
4212,4196,4604
4624,4212,4604
4623,4212,4624
4624,4604,4605
4624,4605,4625
4625,4605,4606
4611,4610,4214
4215,4611,4214
4626,4611,4215
4214,4610,4201
4612,4216,4202
4627,4216,4612
4217,4626,4215
4217,4628,4626
4627,4218,4216
4629,4218,4627
4219,4628,4217
4219,4630,4628
4629,4220,4218
4631,4220,4629
4221,4630,4219
4221,4632,4630
4631,4222,4220
4633,4222,4631
4636,4635,4634
4635,4632,4634
4632,4223,4634
4632,4221,4223
4633,4224,4222
4637,4224,4633
4636,4634,4225
4226,4636,4225
4638,4636,4226
4225,4634,4223
4640,4227,4639
4227,4637,4639
4227,4224,4637
4641,4640,4639
4228,4638,4226
4228,4642,4638
4640,4229,4227
4231,4229,4640
4641,4231,4640
4643,4231,4641
4232,4642,4228
4232,4644,4642
4643,4234,4231
4645,4234,4643
4235,4644,4232
4235,4646,4644
4645,4236,4234
4647,4236,4645
4237,4646,4235
4237,4648,4646
4650,4238,4649
4238,4647,4649
4238,4236,4647
4651,4650,4649
4239,4648,4237
4239,4652,4648
4653,4240,4650
4650,4240,4238
4650,4651,4654
4650,4654,4653
4241,4652,4239
4241,4655,4652
4653,4242,4240
4244,4242,4653
4654,4244,4653
4656,4244,4654
4245,4655,4241
4245,4657,4655
4656,4247,4244
4658,4247,4656
4659,4657,4245
4659,4245,4248
4248,4249,4659
4659,4249,4660
4661,4250,4251
4662,4661,4251
4247,4662,4251
4658,4662,4247
4252,4660,4249
4252,4663,4660
4664,4253,4661
4661,4253,4250
4661,4662,4665
4661,4665,4664
4254,4663,4252
4254,4666,4663
4668,4667,4664
4667,4253,4664
4667,4255,4253
4668,4664,4665
4669,4666,4254
4669,4254,4256
4256,4257,4669
4669,4257,4670
4667,4258,4255
4671,4258,4667
4259,4670,4257
4259,4672,4670
4671,4260,4258
4673,4260,4671
4261,4672,4259
4261,4674,4672
4673,4263,4260
4675,4263,4673
4676,4674,4261
4676,4261,4264
4264,4266,4676
4676,4266,4677
4675,4268,4263
4678,4268,4675
4269,4677,4266
4269,4679,4677
4680,4270,4271
4681,4680,4271
4268,4681,4271
4678,4681,4268
4272,4679,4269
4272,4682,4679
4684,4683,4680
4683,4270,4680
4683,4273,4270
4684,4680,4681
4274,4686,4685
4682,4274,4685
4272,4274,4682
4686,4687,4685
4683,4275,4273
4688,4275,4683
4276,4689,4686
4276,4686,4274
4687,4686,4690
4690,4686,4689
4688,4277,4275
4691,4277,4688
4278,4692,4689
4278,4689,4276
4690,4689,4693
4693,4689,4692
4691,4279,4277
4694,4279,4691
4280,4695,4692
4280,4692,4278
4693,4692,4696
4696,4692,4695
4694,4281,4279
4697,4281,4694
4289,4698,4695
4289,4695,4280
4696,4695,4699
4699,4695,4698
4697,4291,4281
4700,4291,4697
4295,4701,4296
4702,4297,4296
4702,4296,4701
4703,4298,4297
4703,4297,4702
4704,4299,4298
4704,4298,4703
4705,4300,4299
4705,4299,4704
4706,4301,4300
4706,4300,4705
4707,4302,4301
4707,4301,4706
4708,4303,4302
4708,4302,4707
4709,4304,4303
4709,4303,4708
4710,4305,4304
4710,4304,4709
4711,4306,4305
4711,4305,4710
4711,4308,4306
4713,4712,4698
4289,4713,4698
4311,4713,4289
4698,4712,4699
4312,4291,4714
4291,4715,4714
4291,4700,4715
4714,4313,4312
4315,4716,4316
4316,4716,4717
4718,4316,4717
4317,4316,4718
4317,4719,4318
4718,4719,4317
4318,4720,4319
4719,4720,4318
4295,4319,4701
4319,4721,4701
4319,4720,4721
4701,4721,4702
4702,4721,4722
4702,4722,4703
4703,4722,4723
4703,4723,4704
4704,4723,4724
4704,4724,4705
4705,4724,4725
4705,4725,4706
4706,4725,4726
4706,4726,4707
4707,4726,4727
4707,4727,4708
4708,4727,4728
4708,4728,4709
4709,4728,4729
4709,4729,4710
4710,4729,4730
4710,4730,4711
4711,4730,4731
4711,4731,4308
4731,4320,4308
4731,4732,4320
4732,4734,4733
4321,4732,4733
4320,4732,4321
4735,4322,4321
4735,4321,4733
4735,4324,4322
4326,4736,4327
4736,4737,4327
4737,4311,4327
4737,4713,4311
4715,4738,4714
4313,4714,4738
4739,4313,4738
4329,4313,4739
4331,4740,4332
4741,4333,4332
4741,4332,4740
4333,4741,4742
4743,4333,4742
4334,4333,4743
4315,4334,4716
4334,4744,4716
4334,4743,4744
4716,4744,4717
4734,4745,4733
4733,4745,4735
4735,4745,4746
4735,4746,4324
4746,4335,4324
4746,4747,4335
4335,4748,4336
4747,4748,4335
4326,4336,4736
4336,4749,4736
4336,4748,4749
4736,4749,4737
4739,4750,4329
4329,4750,4337
4750,4752,4751
4338,4750,4751
4337,4750,4338
4753,4339,4338
4753,4338,4751
4339,4753,4754
4755,4339,4754
4340,4339,4755
4331,4340,4740
4340,4756,4740
4340,4755,4756
4740,4756,4741
4741,4756,4757
4741,4757,4742
4752,4758,4751
4751,4758,4753
4753,4758,4759
4753,4759,4754
4762,4761,4760
4764,4763,4760
4760,4763,4762
4766,4765,4764
4764,4765,4763
4768,4767,4766
4766,4767,4765
4770,4769,4768
4768,4769,4767
4770,4771,4769
4774,4773,4772
4776,4775,4772
4772,4775,4774
4778,4777,4776
4776,4777,4775
4777,4778,4761
4778,4760,4761
4778,4779,4760
4760,4780,4764
4760,4779,4780
4764,4781,4766
4764,4780,4781
4766,4782,4768
4766,4781,4782
4768,4783,4770
4768,4782,4783
4771,4770,4784
4770,4785,4784
4770,4783,4785
4787,4786,4785
4785,4786,4784
4787,4788,4786
4791,4790,4789
4793,4792,4789
4789,4792,4791
4792,4793,4773
4793,4772,4773
4793,4794,4772
4772,4795,4776
4772,4794,4795
4776,4796,4778
4776,4795,4796
4778,4797,4779
4778,4796,4797
4779,4798,4780
4779,4797,4798
4780,4799,4781
4780,4798,4799
4781,4800,4782
4781,4799,4800
4782,4801,4783
4782,4800,4801
4783,4802,4785
4783,4801,4802
4785,4803,4787
4785,4802,4803
4788,4787,4804
4787,4805,4804
4787,4803,4805
4805,4806,4804
4809,4808,4807
4809,4807,4790
4807,4789,4790
4807,4810,4789
4789,4811,4793
4789,4810,4811
4793,4812,4794
4793,4811,4812
4794,4813,4795
4794,4812,4813
4795,4814,4796
4795,4813,4814
4796,4815,4797
4796,4814,4815
4797,4816,4798
4797,4815,4816
4798,4817,4799
4798,4816,4817
4799,4818,4800
4799,4817,4818
4800,4819,4801
4800,4818,4819
4801,4820,4802
4801,4819,4820
4802,4821,4803
4802,4820,4821
4803,4822,4805
4803,4821,4822
4806,4805,4823
4823,4805,4822
4826,4825,4824
4826,4824,4808
4824,4807,4808
4824,4827,4807
4807,4828,4810
4807,4827,4828
4810,4829,4811
4810,4828,4829
4811,4830,4812
4811,4829,4830
4812,4831,4813
4812,4830,4831
4813,4832,4814
4813,4831,4832
4814,4833,4815
4814,4832,4833
4815,4834,4816
4815,4833,4834
4816,4835,4817
4816,4834,4835
4817,4836,4818
4817,4835,4836
4818,4837,4819
4818,4836,4837
4819,4838,4820
4819,4837,4838
4820,4839,4821
4820,4838,4839
4821,4840,4822
4821,4839,4840
4823,4822,4841
4841,4822,4840
4844,4843,4842
4844,4842,4825
4842,4824,4825
4842,4845,4824
4824,4846,4827
4824,4845,4846
4827,4847,4828
4827,4846,4847
4828,4848,4829
4828,4847,4848
4829,4849,4830
4829,4848,4849
4830,4850,4831
4830,4849,4850
4831,4851,4832
4831,4850,4851
4832,4852,4833
4832,4851,4852
4833,4853,4834
4833,4852,4853
4834,4854,4835
4834,4853,4854
4835,4855,4836
4835,4854,4855
4836,4856,4837
4836,4855,4856
4837,4857,4838
4837,4856,4857
4838,4858,4839
4838,4857,4858
4839,4859,4840
4839,4858,4859
4841,4840,4860
4840,4861,4860
4840,4859,4861
4861,4862,4860
4842,4843,4863
4863,4843,4864
4842,4865,4845
4842,4863,4865
4845,4866,4846
4845,4865,4866
4846,4867,4847
4846,4866,4867
4847,4868,4848
4847,4867,4868
4848,4869,4849
4848,4868,4869
4849,4870,4850
4849,4869,4870
4850,4871,4851
4850,4870,4871
4851,4872,4852
4851,4871,4872
4852,4873,4853
4852,4872,4873
4853,4874,4854
4853,4873,4874
4854,4875,4855
4854,4874,4875
4855,4876,4856
4855,4875,4876
4856,4877,4857
4856,4876,4877
4857,4878,4858
4857,4877,4878
4858,4879,4859
4858,4878,4879
4859,4880,4861
4859,4879,4880
4862,4861,4881
4881,4861,4880
4863,4864,4882
4882,4864,4883
4863,4884,4865
4863,4882,4884
4865,4885,4866
4865,4884,4885
4866,4886,4867
4866,4885,4886
4867,4887,4868
4867,4886,4887
4868,4888,4869
4868,4887,4888
4869,4889,4870
4869,4888,4889
4870,4890,4871
4870,4889,4890
4871,4891,4872
4871,4890,4891
4872,4892,4873
4872,4891,4892
4873,4893,4874
4873,4892,4893
4874,4894,4875
4874,4893,4894
4875,4895,4876
4875,4894,4895
4876,4896,4877
4876,4895,4896
4877,4897,4878
4877,4896,4897
4878,4898,4879
4878,4897,4898
4879,4899,4880
4879,4898,4899
4881,4880,4900
4900,4880,4899
4882,4883,4901
4901,4883,4902
4882,4903,4884
4882,4901,4903
4884,4904,4885
4884,4903,4904
4885,4905,4886
4885,4904,4905
4886,4906,4887
4886,4905,4906
4887,4907,4888
4887,4906,4907
4888,4908,4889
4888,4907,4908
4889,4909,4890
4889,4908,4909
4890,4910,4891
4890,4909,4910
4891,4911,4892
4891,4910,4911
4892,4912,4893
4892,4911,4912
4893,4913,4894
4893,4912,4913
4894,4914,4895
4894,4913,4914
4895,4915,4896
4895,4914,4915
4896,4916,4897
4896,4915,4916
4897,4917,4898
4897,4916,4917
4898,4918,4899
4898,4917,4918
4900,4899,4919
4919,4899,4918
4901,4902,4920
4920,4902,4921
4901,4922,4903
4901,4920,4922
4903,4923,4904
4903,4922,4923
4904,4924,4905
4904,4923,4924
4905,4925,4906
4905,4924,4925
4906,4926,4907
4906,4925,4926
4907,4927,4908
4907,4926,4927
4908,4928,4909
4908,4927,4928
4909,4929,4910
4909,4928,4929
4910,4930,4911
4910,4929,4930
4911,4931,4912
4911,4930,4931
4912,4932,4913
4912,4931,4932
4913,4933,4914
4913,4932,4933
4914,4934,4915
4914,4933,4934
4915,4935,4916
4915,4934,4935
4916,4936,4917
4916,4935,4936
4917,4937,4918
4917,4936,4937
4919,4918,4938
4938,4918,4937
4920,4921,4939
4939,4921,4940
4920,4941,4922
4920,4939,4941
4922,4942,4923
4922,4941,4942
4923,4943,4924
4923,4942,4943
4924,4944,4925
4924,4943,4944
4925,4945,4926
4925,4944,4945
4926,4946,4927
4926,4945,4946
4927,4947,4928
4927,4946,4947
4928,4948,4929
4928,4947,4948
4929,4949,4930
4929,4948,4949
4930,4950,4931
4930,4949,4950
4931,4951,4932
4931,4950,4951
4932,4952,4933
4932,4951,4952
4933,4953,4934
4933,4952,4953
4934,4954,4935
4934,4953,4954
4935,4955,4936
4935,4954,4955
4957,4937,4956
4937,4955,4956
4937,4936,4955
4937,4957,4938
4939,4940,4958
4958,4940,4959
4939,4960,4941
4939,4958,4960
4941,4961,4942
4941,4960,4961
4942,4962,4943
4942,4961,4962
4943,4963,4944
4943,4962,4963
4944,4964,4945
4944,4963,4964
4945,4965,4946
4945,4964,4965
4946,4966,4947
4946,4965,4966
4947,4967,4948
4947,4966,4967
4948,4968,4949
4948,4967,4968
4949,4969,4950
4949,4968,4969
4950,4970,4951
4950,4969,4970
4951,4971,4952
4951,4970,4971
4952,4972,4953
4952,4971,4972
4953,4973,4954
4953,4972,4973
4975,4955,4974
4955,4973,4974
4955,4954,4973
4955,4975,4956
4958,4959,4976
4976,4959,4977
4958,4978,4960
4958,4976,4978
4960,4979,4961
4960,4978,4979
4961,4980,4962
4961,4979,4980
4962,4981,4963
4962,4980,4981
4963,4982,4964
4963,4981,4982
4964,4983,4965
4964,4982,4983
4965,4984,4966
4965,4983,4984
4966,4985,4967
4966,4984,4985
4967,4986,4968
4967,4985,4986
4968,4987,4969
4968,4986,4987
4969,4988,4970
4969,4987,4988
4970,4989,4971
4970,4988,4989
4971,4990,4972
4971,4989,4990
4972,4991,4973
4972,4990,4991
4974,4973,4992
4992,4973,4991
4977,4993,4976
4995,4994,4993
4994,4976,4993
4994,4978,4976
4978,4996,4979
4978,4994,4996
4979,4997,4980
4979,4996,4997
4980,4998,4981
4980,4997,4998
4981,4999,4982
4981,4998,4999
4982,5000,4983
4982,4999,5000
4983,5001,4984
4983,5000,5001
4984,5002,4985
4984,5001,5002
4985,5003,4986
4985,5002,5003
4986,5004,4987
4986,5003,5004
4987,5005,4988
4987,5004,5005
4988,5006,4989
4988,5005,5006
4989,5007,4990
4989,5006,5007
5009,4991,5008
4991,5007,5008
4991,4990,5007
4991,5009,4992
4994,4995,5010
5010,4995,5011
4994,5012,4996
4994,5010,5012
4996,5013,4997
4996,5012,5013
4997,5014,4998
4997,5013,5014
4998,5015,4999
4998,5014,5015
4999,5016,5000
4999,5015,5016
5000,5017,5001
5000,5016,5017
5001,5018,5002
5001,5017,5018
5002,5019,5003
5002,5018,5019
5003,5020,5004
5003,5019,5020
5004,5021,5005
5004,5020,5021
5005,5022,5006
5005,5021,5022
5006,5023,5007
5006,5022,5023
5008,5007,5024
5024,5007,5023
5010,5011,5025
5025,5011,5026
5010,5027,5012
5010,5025,5027
5012,5028,5013
5012,5027,5028
5013,5029,5014
5013,5028,5029
5014,5030,5015
5014,5029,5030
5015,5031,5016
5015,5030,5031
5016,5032,5017
5016,5031,5032
5017,5033,5018
5017,5032,5033
5018,5034,5019
5018,5033,5034
5019,5035,5020
5019,5034,5035
5020,5036,5021
5020,5035,5036
5021,5037,5022
5021,5036,5037
5022,5038,5023
5022,5037,5038
5024,5023,5039
5023,5040,5039
5023,5038,5040
5040,5041,5039
5026,5042,5025
5044,5043,5042
5043,5025,5042
5043,5027,5025
5027,5045,5028
5027,5043,5045
5028,5046,5029
5028,5045,5046
5029,5047,5030
5029,5046,5047
5030,5048,5031
5030,5047,5048
5031,5049,5032
5031,5048,5049
5032,5050,5033
5032,5049,5050
5033,5051,5034
5033,5050,5051
5034,5052,5035
5034,5051,5052
5035,5053,5036
5035,5052,5053
5036,5054,5037
5036,5053,5054
5037,5055,5038
5037,5054,5055
5038,5056,5040
5038,5055,5056
5041,5040,5057
5057,5040,5056
5043,5044,5058
5058,5044,5059
5043,5060,5045
5043,5058,5060
5045,5061,5046
5045,5060,5061
5061,4342,4343
5047,5061,4343
5046,5061,5047
5047,4343,4344
5047,4344,5048
5048,4344,4346
5048,4346,5049
5049,4346,4348
5049,4348,5050
5050,4348,4350
5062,5050,4350
5051,5050,5062
5051,5063,5052
5051,5062,5063
5052,5064,5053
5052,5063,5064
5053,5065,5054
5053,5064,5065
5054,5066,5055
5054,5065,5066
5055,5067,5056
5055,5066,5067
5057,5056,5068
5068,5056,5067
5058,5059,5069
5069,5059,5070
5058,5071,5060
5058,5069,5071
5060,5072,5061
5060,5071,5072
5072,4352,4342
5072,4342,5061
4356,5062,4350
5062,4356,4358
5073,5062,4358
5063,5062,5073
5063,5074,5064
5063,5073,5074
5064,5075,5065
5064,5074,5075
5065,5076,5066
5065,5075,5076
5066,5077,5067
5066,5076,5077
5068,5067,5078
5078,5067,5077
5070,5079,5069
5081,5080,5079
5080,5069,5079
5080,5071,5069
5080,4360,4361
5072,5080,4361
5071,5080,5072
5072,4361,4352
4367,5073,4358
5073,4367,4369
5082,5073,4369
5074,5073,5082
5074,5083,5075
5074,5082,5083
5075,5084,5076
5075,5083,5084
5076,5085,5077
5076,5084,5085
5078,5077,5086
5077,5087,5086
5077,5085,5087
5087,5088,5086
5080,5081,5089
5089,5081,5090
5089,4371,4360
5089,4360,5080
4378,5082,4369
5082,4378,4380
5091,5082,4380
5083,5082,5091
5083,5092,5084
5083,5091,5092
5084,5093,5085
5084,5092,5093
5085,5094,5087
5085,5093,5094
5088,5087,5095
5095,5087,5094
5089,5090,5096
5096,5090,5097
5096,4382,4371
5096,4371,5089
4386,5091,4380
5091,4386,4388
5098,5091,4388
5092,5091,5098
5092,5099,5093
5092,5098,5099
5093,5100,5094
5093,5099,5100
5095,5094,5101
5094,5102,5101
5094,5100,5102
5102,5103,5101
5096,5097,5104
5104,5097,5105
5104,4389,4382
5104,4382,5096
4393,5106,5098
4393,5098,4388
5098,5107,5099
5098,5106,5107
5099,5108,5100
5099,5107,5108
5100,5109,5102
5100,5108,5109
5103,5102,5110
5110,5102,5109
5104,5105,5111
5111,5105,5112
5111,4395,4389
5111,4389,5104
4398,5106,4393
5106,4398,4400
5113,5106,4400
5107,5106,5113
5107,5114,5108
5107,5113,5114
5108,5115,5109
5108,5114,5115
5110,5109,5116
5109,5117,5116
5109,5115,5117
5117,5118,5116
5112,5119,5111
4395,5111,5119
5120,4395,5119
4402,4395,5120
4405,5113,4400
5113,4405,4407
5121,5113,4407
5114,5113,5121
5114,5122,5115
5114,5121,5122
5115,5123,5117
5115,5122,5123
5118,5117,5124
5124,5117,5123
5126,4409,5125
4409,5120,5125
4409,4402,5120
5127,5126,5125
4412,5121,4407
5121,4412,4414
5128,5121,4414
5122,5121,5128
5122,5129,5123
5122,5128,5129
5124,5123,5130
5123,5131,5130
5123,5129,5131
5131,5132,5130
5133,4417,5126
5126,4417,4409
5126,5127,5134
5135,5126,5134
5133,5126,5135
5136,5135,5134
4420,5128,4414
5128,4420,4422
5137,5128,4422
5129,5128,5137
5129,5138,5131
5129,5137,5138
5132,5131,5139
5131,5140,5139
5131,5138,5140
5142,5141,5140
5140,5141,5139
5142,5143,5141
5144,4425,5133
5133,4425,4417
5145,5133,5135
5144,5133,5145
5135,5136,5146
5147,5135,5146
5145,5135,5147
5149,5148,5147
5149,5147,5146
5150,5148,5149
4428,5137,4422
5137,4428,4430
5137,4430,5138
5138,4430,4432
5151,5138,4432
5140,5138,5151
5140,5152,5142
5140,5151,5152
5143,5142,5153
5142,5154,5153
5142,5152,5154
5154,5155,5153
5144,4435,4425
4435,5144,4437
5144,5156,4437
5144,5145,5156
5157,5145,5147
5156,5145,5157
5158,5147,5148
5157,5147,5158
5148,5150,5159
5160,5148,5159
5158,5148,5160
5162,5161,5160
5162,5160,5159
5163,5161,5162
4440,5151,4432
5151,4440,4442
5164,5151,4442
5152,5151,5164
5152,5165,5154
5152,5164,5165
5155,5154,5166
5154,5167,5166
5154,5165,5167
5167,5168,5166
5156,4446,4437
4446,5156,4449
4449,5156,5157
4449,5157,4450
5157,5169,4450
5157,5158,5169
5170,5158,5160
5169,5158,5170
5171,5160,5161
5170,5160,5171
5161,5163,5172
5173,5161,5172
5171,5161,5173
5174,5173,5172
4453,5164,4442
5164,4453,4455
5164,4455,5165
5165,4455,4457
5175,5165,4457
5167,5165,5175
5168,5167,5176
5176,5167,5175
5169,4463,4450
4463,5169,4466
4466,5169,5170
4466,5170,4467
5170,5177,4467
5170,5171,5177
5178,5171,5173
5177,5171,5178
5173,5174,5179
5180,5173,5179
5178,5173,5180
5181,5180,5179
4470,5175,4457
5182,5176,5175
4470,5182,5175
4472,5182,4470
5184,5183,4474
5183,4472,4474
5183,5182,4472
5184,5185,5183
5177,4480,4467
4480,5177,4483
4483,5177,5178
4483,5178,4484
5178,5186,4484
5178,5180,5186
5180,5181,5187
5188,5180,5187
5186,5180,5188
5190,5189,5188
5190,5188,5187
5191,5189,5190
4487,5184,4474
4487,4489,5184
4489,5185,5184
4489,5192,5185
5186,4493,4484
4493,5186,4495
5186,5193,4495
5186,5188,5193
5194,5188,5189
5193,5188,5194
5189,5191,5195
5196,5189,5195
5194,5189,5196
5198,5197,5196
5198,5196,5195
5200,5199,5197
5200,5197,5198
5202,5201,5199
5202,5199,5200
5204,5203,5201
5204,5201,5202
5206,5205,5203
5206,5203,5204
5208,5207,5205
5208,5205,5206
5210,5209,5207
5210,5207,5208
5212,5211,5209
5212,5209,5210
5214,5213,5211
5214,5211,5212
5216,5215,5213
5216,5213,5214
5217,5215,4496
5215,5192,4496
5192,4489,4496
5192,5215,5216
4497,5217,4496
5193,4499,4495
4499,5193,4502
4502,5193,5194
4502,5194,4504
4504,5194,5196
4504,5196,4505
5196,5218,4505
5196,5197,5218
5219,5197,5199
5218,5197,5219
5220,5199,5201
5219,5199,5220
5221,5201,5203
5220,5201,5221
5222,5203,5205
5221,5203,5222
5223,5205,5207
5222,5205,5223
5224,5207,5209
5223,5207,5224
5225,5209,5211
5224,5209,5225
5226,5211,5213
5225,5211,5226
5227,5213,5215
5226,5213,5227
5228,5215,5217
5227,5215,5228
4506,5229,4497
5229,5217,4497
5229,5228,5217
4508,5229,4506
5218,4511,4505
4511,5218,4514
4514,5218,5219
4514,5219,4515
5219,5230,4515
5219,5220,5230
5231,5220,5221
5230,5220,5231
5232,5221,5222
5231,5221,5232
4518,5232,4517
5232,5223,4517
5232,5222,5223
4517,5223,4520
4520,5223,5224
4520,5224,4522
4522,5224,5225
4522,5225,4524
4524,5225,5226
4524,5226,4526
4526,5226,5227
4526,5227,4528
4528,5227,5228
4528,5228,4530
4530,5228,5229
4530,5229,4508
5230,4536,4515
4536,5230,4539
4539,5230,5231
4539,5231,4541
4541,5231,5232
4541,5232,4518
5233,4585,4586
4587,5234,4586
4586,5234,5233
5234,4587,5235
4587,5236,5235
4587,4588,5236
5237,4588,4589
5237,5236,4588
5238,4589,4590
5238,5237,4589
5239,4590,4591
5239,5238,4590
5241,5239,5240
5239,4592,5240
5239,4591,4592
4594,5240,4592
5242,4597,4598
5242,4598,5243
4598,5244,5243
4598,4599,5244
5245,4599,4600
5245,5244,4599
4600,4585,5233
5246,4600,5233
5245,4600,5246
5246,5233,5234
5246,5234,5247
5247,5234,5235
5248,5241,5240
5248,5240,4594
4601,5248,4594
5249,5248,4601
4601,4602,5249
5249,4602,5250
5251,4606,4607
5251,4607,5252
4607,5253,5252
4607,4608,5253
5254,4608,4609
5254,5253,4608
4609,4597,5242
5255,4609,5242
5254,4609,5255
5255,5242,5243
4611,5250,4602
4611,5256,5250
5258,5257,4613
4613,5257,4612
5259,4613,4614
5259,5258,4613
5260,4614,4615
5260,5259,4614
5261,4615,4616
5261,5260,4615
5262,4616,4617
5262,5261,4616
5263,4617,4618
5263,5262,4617
5264,4618,4619
5264,5263,4618
5265,4619,4620
5265,5264,4619
5266,4620,4621
5266,5265,4620
5267,4621,4622
5267,5266,4621
5268,4622,4623
5268,5267,4622
5269,4623,4624
5269,5268,4623
5270,4624,4625
5270,5269,4624
4625,4606,5251
5271,4625,5251
5270,4625,5271
5271,5251,5252
4626,5256,4611
4626,5272,5256
5257,4627,4612
5273,4627,5257
4628,5272,4626
4628,5274,5272
5273,4629,4627
5275,4629,5273
4630,5274,4628
4630,5276,5274
5275,4631,4629
5277,4631,5275
5280,5279,5278
5279,5276,5278
5276,4632,5278
5276,4630,4632
5277,4633,4631
5281,4633,5277
5280,5278,4635
4636,5280,4635
5282,5280,4636
4635,5278,4632
5284,4637,5283
4637,5281,5283
4637,4633,5281
5285,5284,5283
4638,5282,4636
4638,5286,5282
5284,4639,4637
4641,4639,5284
5285,4641,5284
5287,4641,5285
4642,5286,4638
4642,5288,5286
5287,4643,4641
5289,4643,5287
4644,5288,4642
4644,5290,5288
5289,4645,4643
5291,4645,5289
4646,5290,4644
4646,5292,5290
5291,4647,4645
5293,4647,5291
4648,5292,4646
4648,5294,5292
5293,5295,4647
4647,5295,4649
4651,4649,5295
4651,5295,5296
4652,5294,4648
4652,5297,5294
5296,4654,4651
5298,4654,5296
4655,5297,4652
4655,5299,5297
5298,4656,4654
5300,4656,5298
4657,5302,5301
5299,4657,5301
4655,4657,5299
5302,5303,5301
5300,4658,4656
5304,4658,5300
4659,5302,4657
4659,4660,5302
4660,5303,5302
4660,5305,5303
5304,4662,4658
5306,4662,5304
4663,5305,4660
4663,5307,5305
5306,4665,4662
5308,4665,5306
4666,5307,4663
4666,5309,5307
5310,4667,4668
5311,5310,4668
4665,5311,4668
5308,5311,4665
5312,5309,4666
5312,4666,4669
4669,4670,5312
5312,4670,5313
5314,4671,5310
5310,4671,4667
5310,5311,5315
5310,5315,5314
4672,5313,4670
4672,5316,5313
5318,5317,5314
5317,4671,5314
5317,4673,4671
5318,5314,5315
4674,5316,4672
4674,5319,5316
5317,4675,4673
5320,4675,5317
4674,4676,5321
5322,4674,5321
5319,4674,5322
4677,5321,4676
5320,4678,4675
5323,4678,5320
5324,5322,5321
5321,4677,5324
4677,5325,5324
4677,4679,5325
5323,4681,4678
5326,4681,5323
4682,5325,4679
4682,5327,5325
5328,4683,4684
5329,5328,4684
4681,5329,4684
5326,5329,4681
5330,5327,4682
5330,4682,4685
4685,4687,5330
5330,4687,5331
5333,5332,5328
5332,4683,5328
5332,4688,4683
5333,5328,5329
4690,5331,4687
4690,5334,5331
5332,4691,4688
5335,4691,5332
4693,5334,4690
4693,5336,5334
5335,4694,4691
5337,4694,5335
4696,5336,4693
4696,5338,5336
5337,4697,4694
5339,4697,5337
4699,5338,4696
4699,5340,5338
5339,4700,4697
5341,4700,5339
4713,5342,4712
5342,5343,4712
5343,4699,4712
5343,5340,4699
5341,4715,4700
5344,4715,5341
4717,5345,4718
5346,4719,4718
5346,4718,5345
5347,4720,4719
5347,4719,5346
4720,5347,5348
5349,4720,5348
4721,4720,5349
4721,5350,4722
5349,5350,4721
4722,5351,4723
5350,5351,4722
4723,5352,4724
5351,5352,4723
4724,5353,4725
5352,5353,4724
4725,5354,4726
5353,5354,4725
4726,5355,4727
5354,5355,4726
4727,5356,4728
5355,5356,4727
4728,5357,4729
5356,5357,4728
4729,5358,4730
5357,5358,4729
4730,5359,4731
5358,5359,4730
4731,5360,4732
5359,5360,4731
4734,4732,5360
4734,5360,5361
5363,5362,5342
4713,5363,5342
4737,5363,4713
5342,5362,5343
4738,4715,5364
4715,5365,5364
4715,5344,5365
5364,4739,4738
5367,5366,4743
5367,4743,4742
4743,5368,4744
5366,5368,4743
4717,4744,5345
4744,5369,5345
4744,5368,5369
5345,5369,5346
5346,5369,5370
5346,5370,5347
5347,5370,5371
5347,5371,5348
5361,5372,4734
4734,5372,4745
4745,5373,4746
5372,5373,4745
4746,5374,4747
5373,5374,4746
4747,5375,4748
5374,5375,4747
4748,5376,4749
5375,5376,4748
4737,4749,5363
5363,4749,5376
5365,5377,5364
5377,5379,5378
5377,5378,4750
5364,5377,4750
4739,5364,4750
5378,4752,4750
4754,5380,4755
4755,5380,5381
5382,4755,5381
4756,4755,5382
4756,5383,4757
5382,5383,4756
4742,4757,5367
5367,4757,5383
5379,5384,5378
5378,5384,4752
5384,4758,4752
5384,5385,4758
4758,5386,4759
5385,5386,4758
4754,4759,5380
4759,5387,5380
4759,5386,5387
5380,5387,5381
5390,5389,5388
5392,5391,5388
5388,5391,5390
5394,5393,5392
5392,5393,5391
5396,5395,5394
5394,5395,5393
5396,5397,5395
5400,5399,5398
5402,5401,5398
5398,5401,5400
5401,5402,5389
5402,5388,5389
5402,5403,5388
5388,5404,5392
5388,5403,5404
5392,5405,5394
5392,5404,5405
5394,5406,5396
5394,5405,5406
5397,5396,5407
5396,5408,5407
5396,5406,5408
5408,5409,5407
5412,5411,5410
5414,5413,5410
5410,5413,5412
5413,5414,5399
5414,5398,5399
5414,5415,5398
5398,5416,5402
5398,5415,5416
5416,4761,4762
5403,5416,4762
5402,5416,5403
5403,4762,4763
5403,4763,5404
5404,4763,4765
5404,4765,5405
5405,4765,4767
5405,4767,5406
5406,4767,4769
5406,4769,5408
5418,5417,4771
4771,5417,4769
5417,5409,4769
5409,5408,4769
5420,5419,5418
5418,5419,5417
5420,5421,5419
5424,5423,5422
5424,5422,5411
5422,5410,5411
5422,5425,5410
5425,4773,4774
5414,5425,4774
5410,5425,5414
5414,4774,4775
5414,4775,5415
5415,4775,4777
5415,4777,5416
5416,4777,4761
4784,5418,4771
5418,4784,4786
5418,4786,5420
5427,5426,4788
4788,5426,4786
5426,5421,4786
5421,5420,4786
5427,5428,5426
5431,5430,5429
5431,5429,5423
5423,5429,5422
5429,4790,5422
4790,4791,5422
5422,4791,4792
5422,4792,5425
5425,4792,4773
4804,5427,4788
4804,4806,5427
4806,5428,5427
4806,5432,5428
5435,5434,5433
5435,5433,5430
5430,5433,5429
5433,4808,5429
4808,4809,5429
5429,4809,4790
4823,5437,5436
5432,4823,5436
4806,4823,5432
5437,5438,5436
5441,5440,5439
5441,5439,5434
5434,5439,5433
5439,4825,5433
4825,4826,5433
5433,4826,4808
4841,5442,5437
4841,5437,4823
5438,5437,5443
5443,5437,5442
5439,5440,4844
5440,4843,4844
5440,5444,4843
5439,4844,4825
4860,5442,4841
4860,4862,5442
4862,5443,5442
4862,5445,5443
5444,4864,4843
5446,4864,5444
4881,5448,5447
5445,4881,5447
4862,4881,5445
5448,5449,5447
5452,5451,5450
5446,5452,5450
4883,5446,5450
4864,5446,4883
4900,5453,5448
4900,5448,4881
5449,5448,5454
5454,5448,5453
5450,5451,5455
5455,5451,5456
5455,4902,4883
5455,4883,5450
4919,5457,5453
4919,5453,4900
5454,5453,5458
5458,5453,5457
5455,5456,5459
5459,5456,5460
5459,4921,4902
5459,4902,5455
4938,5461,5457
4938,5457,4919
5458,5457,5462
5457,5463,5462
5457,5461,5463
5463,5464,5462
5459,5460,5465
5465,5460,5466
5465,4940,4921
5465,4921,5459
4956,5467,4957
5461,4938,4957
5467,5461,4957
5468,5461,5467
5461,5469,5463
5461,5468,5469
5464,5463,5470
5470,5463,5469
5465,5466,5471
5471,5466,5472
5471,4959,4940
5471,4940,5465
4974,5473,4975
5467,4956,4975
5473,5467,4975
5474,5467,5473
5467,5475,5468
5467,5474,5475
5468,5476,5469
5468,5475,5476
5470,5469,5477
5477,5469,5476
5472,5478,5471
4959,5471,5478
5479,4959,5478
4977,4959,5479
4992,5480,5473
4992,5473,4974
5473,5481,5474
5473,5480,5481
5474,5482,5475
5474,5481,5482
5484,5476,5483
5476,5482,5483
5476,5475,5482
5476,5484,5477
4993,4977,5485
4977,5486,5485
4977,5479,5486
5485,4995,4993
5008,5487,5009
5480,4992,5009
5487,5480,5009
5488,5480,5487
5480,5489,5481
5480,5488,5489
5481,5490,5482
5481,5489,5490
5483,5482,5491
5491,5482,5490
5485,5486,5492
5492,5486,5493
5492,5011,4995
5492,4995,5485
5024,5494,5487
5024,5487,5008
5487,5495,5488
5487,5494,5495
5488,5496,5489
5488,5495,5496
5489,5497,5490
5489,5496,5497
5491,5490,5498
5498,5490,5497
5493,5499,5492
5011,5492,5499
5500,5011,5499
5026,5011,5500
5039,5494,5024
5494,5039,5041
5501,5494,5041
5495,5494,5501
5495,5502,5496
5495,5501,5502
5496,5503,5497
5496,5502,5503
5498,5497,5504
5497,5505,5504
5497,5503,5505
5505,5506,5504
5042,5026,5507
5026,5508,5507
5026,5500,5508
5507,5044,5042
5057,5509,5501
5057,5501,5041
5501,5510,5502
5501,5509,5510
5502,5511,5503
5502,5510,5511
5503,5512,5505
5503,5511,5512
5506,5505,5513
5513,5505,5512
5507,5508,5514
5514,5508,5515
5514,5059,5044
5514,5044,5507
5068,5516,5509
5068,5509,5057
5509,5517,5510
5509,5516,5517
5510,5518,5511
5510,5517,5518
5511,5519,5512
5511,5518,5519
5513,5512,5520
5520,5512,5519
5514,5515,5521
5521,5515,5522
5521,5070,5059
5521,5059,5514
5078,5523,5516
5078,5516,5068
5516,5524,5517
5516,5523,5524
5517,5525,5518
5517,5524,5525
5518,5526,5519
5518,5525,5526
5520,5519,5527
5527,5519,5526
5522,5528,5521
5528,5530,5529
5528,5529,5079
5521,5528,5079
5070,5521,5079
5529,5081,5079
5086,5523,5078
5523,5086,5088
5531,5523,5088
5524,5523,5531
5524,5532,5525
5524,5531,5532
5525,5533,5526
5525,5532,5533
5527,5526,5534
5526,5535,5534
5526,5533,5535
5535,5536,5534
5529,5530,5537
5537,5530,5538
5537,5090,5081
5537,5081,5529
5095,5539,5531
5095,5531,5088
5531,5540,5532
5531,5539,5540
5532,5541,5533
5532,5540,5541
5533,5542,5535
5533,5541,5542
5536,5535,5543
5535,5544,5543
5535,5542,5544
5544,5545,5543
5537,5538,5546
5546,5538,5547
5546,5097,5090
5546,5090,5537
5101,5539,5095
5539,5101,5103
5548,5539,5103
5540,5539,5548
5540,5549,5541
5540,5548,5549
5541,5550,5542
5541,5549,5550
5542,5551,5544
5542,5550,5551
5545,5544,5552
5552,5544,5551
5547,5553,5546
5097,5546,5553
5554,5097,5553
5105,5097,5554
5110,5555,5548
5110,5548,5103
5548,5556,5549
5548,5555,5556
5549,5557,5550
5549,5556,5557
5550,5558,5551
5550,5557,5558
5552,5551,5559
5551,5560,5559
5551,5558,5560
5560,5561,5559
5554,5112,5105
5562,5112,5554
5116,5555,5110
5555,5116,5118
5563,5555,5118
5556,5555,5563
5556,5564,5557
5556,5563,5564
5557,5565,5558
5557,5564,5565
5558,5566,5560
5558,5565,5566
5561,5560,5567
5567,5560,5566
5562,5568,5112
5112,5568,5119
5570,5569,5120
5119,5570,5120
5568,5570,5119
5571,5569,5570
5124,5572,5563
5124,5563,5118
5563,5573,5564
5563,5572,5573
5564,5574,5565
5564,5573,5574
5565,5575,5566
5565,5574,5575
5567,5566,5576
5566,5577,5576
5566,5575,5577
5577,5578,5576
5569,5125,5120
5580,5579,5127
5580,5127,5125
5571,5580,5125
5569,5571,5125
5581,5579,5580
5130,5572,5124
5572,5130,5132
5582,5572,5132
5573,5572,5582
5573,5583,5574
5573,5582,5583
5574,5584,5575
5574,5583,5584
5575,5585,5577
5575,5584,5585
5578,5577,5586
5586,5577,5585
5579,5134,5127
5588,5587,5136
5588,5136,5134
5581,5588,5134
5579,5581,5134
5590,5589,5587
5590,5587,5588
5592,5591,5589
5592,5589,5590
5593,5591,5592
5139,5582,5132
5582,5139,5141
5582,5141,5583
5583,5141,5143
5594,5583,5143
5584,5583,5594
5584,5595,5585
5584,5594,5595
5586,5585,5596
5596,5585,5595
5587,5146,5136
5146,5587,5149
5149,5587,5589
5149,5589,5150
5589,5597,5150
5589,5591,5597
5591,5593,5598
5599,5591,5598
5597,5591,5599
5601,5600,5599
5601,5599,5598
5602,5600,5601
5153,5594,5143
5594,5153,5155
5603,5594,5155
5595,5594,5603
5596,5595,5604
5604,5595,5603
5597,5159,5150
5159,5597,5162
5162,5597,5599
5162,5599,5163
5599,5605,5163
5599,5600,5605
5600,5602,5606
5607,5600,5606
5605,5600,5607
5608,5607,5606
5166,5603,5155
5166,5168,5603
5168,5604,5603
5168,5609,5604
5605,5172,5163
5172,5605,5174
5605,5610,5174
5605,5607,5610
5607,5608,5611
5607,5611,5610
5176,5609,5168
5176,5612,5609
5610,5179,5174
5614,5613,5181
5614,5181,5179
5611,5614,5179
5610,5611,5179
5616,5615,5613
5616,5613,5614
5617,5615,5616
5620,5619,5618
5621,5618,5182
5618,5612,5182
5612,5176,5182
5612,5618,5619
5183,5622,5182
5182,5622,5621
5185,5622,5183
5613,5187,5181
5187,5613,5190
5190,5613,5615
5624,5623,5191
5624,5191,5190
5617,5624,5190
5615,5617,5190
5626,5625,5623
5626,5623,5624
5627,5625,5626
5630,5629,5628
5632,5631,5628
5632,5628,5629
5634,5633,5631
5634,5631,5632
5636,5635,5633
5636,5633,5634
5635,5636,5620
5618,5635,5620
5637,5635,5618
5638,5618,5621
5637,5618,5638
5639,5621,5622
5638,5621,5639
5192,5639,5185
5185,5639,5622
5623,5195,5191
5195,5623,5198
5198,5623,5625
5627,5640,5625
5640,5198,5625
5640,5200,5198
5200,5641,5202
5640,5641,5200
5628,5204,5630
5204,5641,5630
5204,5202,5641
5204,5628,5206
5206,5628,5631
5206,5631,5208
5208,5631,5633
5208,5633,5210
5210,5633,5635
5210,5635,5212
5212,5635,5637
5212,5637,5214
5214,5637,5638
5214,5638,5216
5216,5638,5639
5216,5639,5192
5642,5235,5236
5237,5643,5236
5236,5643,5642
5238,5644,5237
5237,5644,5643
5239,5645,5238
5238,5645,5644
5241,5645,5239
5646,5243,5244
5646,5244,5647
5244,5648,5647
5244,5245,5648
5649,5245,5246
5649,5648,5245
5650,5246,5247
5650,5649,5246
5247,5235,5642
5651,5247,5642
5650,5247,5651
5651,5642,5643
5651,5643,5652
5652,5643,5644
5652,5644,5653
5653,5644,5645
5653,5645,5654
5654,5645,5241
5248,5654,5241
5655,5654,5248
5657,5655,5656
5655,5249,5656
5655,5248,5249
5250,5656,5249
5659,5658,5253
5253,5658,5252
5660,5253,5254
5660,5659,5253
5661,5254,5255
5661,5660,5254
5255,5243,5646
5662,5255,5646
5661,5255,5662
5662,5646,5647
5663,5657,5656
5656,5250,5663
5250,5664,5663
5250,5256,5664
5666,5665,5258
5258,5665,5257
5667,5258,5259
5667,5666,5258
5668,5259,5260
5668,5667,5259
5669,5260,5261
5669,5668,5260
5670,5261,5262
5670,5669,5261
5671,5262,5263
5671,5670,5262
5672,5263,5264
5672,5671,5263
5673,5264,5265
5673,5672,5264
5674,5265,5266
5674,5673,5265
5675,5266,5267
5675,5674,5266
5676,5267,5268
5676,5675,5267
5677,5268,5269
5677,5676,5268
5678,5269,5270
5678,5677,5269
5679,5270,5271
5679,5678,5270
5271,5252,5658
5271,5658,5679
5272,5664,5256
5272,5680,5664
5665,5273,5257
5681,5273,5665
5274,5680,5272
5274,5682,5680
5681,5275,5273
5683,5275,5681
5686,5685,5684
5685,5682,5684
5682,5276,5684
5682,5274,5276
5683,5277,5275
5687,5277,5683
5686,5684,5279
5280,5686,5279
5688,5686,5280
5279,5684,5276
5687,5281,5277
5689,5281,5687
5282,5688,5280
5282,5690,5688
5689,5691,5281
5281,5691,5283
5285,5283,5691
5285,5691,5692
5286,5690,5282
5286,5693,5690
5692,5287,5285
5694,5287,5692
5288,5693,5286
5288,5695,5693
5694,5289,5287
5696,5289,5694
5290,5695,5288
5290,5697,5695
5696,5291,5289
5698,5291,5696
5292,5697,5290
5292,5699,5697
5701,5293,5700
5293,5698,5700
5293,5291,5698
5702,5701,5700
5294,5699,5292
5294,5703,5699
5701,5295,5293
5296,5295,5701
5702,5296,5701
5704,5296,5702
5297,5703,5294
5297,5705,5703
5704,5298,5296
5706,5298,5704
5299,5705,5297
5299,5707,5705
5706,5300,5298
5708,5300,5706
5709,5707,5299
5709,5299,5301
5301,5303,5709
5709,5303,5710
5708,5304,5300
5711,5304,5708
5305,5710,5303
5305,5712,5710
5711,5306,5304
5713,5306,5711
5307,5712,5305
5307,5714,5712
5713,5308,5306
5715,5308,5713
5309,5714,5307
5309,5716,5714
5715,5311,5308
5717,5311,5715
5718,5716,5309
5718,5309,5312
5312,5313,5718
5718,5313,5719
5717,5315,5311
5720,5315,5717
5316,5719,5313
5316,5721,5719
5722,5317,5318
5723,5722,5318
5315,5723,5318
5720,5723,5315
5319,5721,5316
5319,5724,5721
5726,5725,5722
5725,5317,5722
5725,5320,5317
5726,5722,5723
5322,5724,5319
5322,5727,5724
5725,5323,5320
5728,5323,5725
5729,5727,5322
5729,5322,5324
5324,5325,5729
5729,5325,5730
5728,5326,5323
5731,5326,5728
5327,5730,5325
5327,5732,5730
5731,5329,5326
5733,5329,5731
5734,5732,5327
5734,5327,5330
5330,5331,5734
5734,5331,5735
5737,5736,5333
5333,5736,5332
5333,5329,5733
5333,5733,5737
5334,5735,5331
5334,5738,5735
5736,5335,5332
5739,5335,5736
5336,5738,5334
5336,5740,5738
5739,5337,5335
5741,5337,5739
5338,5740,5336
5338,5742,5740
5741,5339,5337
5743,5339,5741
5340,5742,5338
5340,5744,5742
5743,5341,5339
5745,5341,5743
5343,5744,5340
5343,5746,5744
5745,5344,5341
5747,5344,5745
5348,5748,5349
5749,5350,5349
5749,5349,5748
5750,5351,5350
5750,5350,5749
5751,5352,5351
5751,5351,5750
5352,5751,5752
5753,5352,5752
5353,5352,5753
5353,5754,5354
5753,5754,5353
5354,5755,5355
5754,5755,5354
5355,5756,5356
5755,5756,5355
5356,5757,5357
5756,5757,5356
5357,5758,5358
5757,5758,5357
5358,5759,5359
5758,5759,5358
5759,5761,5760
5360,5759,5760
5359,5759,5360
5760,5361,5360
5763,5762,5362
5763,5362,5363
5343,5362,5746
5746,5362,5762
5747,5365,5344
5764,5365,5747
5367,5765,5366
5766,5368,5366
5766,5366,5765
5368,5766,5767
5768,5368,5767
5369,5368,5768
5369,5769,5370
5768,5769,5369
5370,5770,5371
5769,5770,5370
5348,5371,5748
5371,5771,5748
5371,5770,5771
5748,5771,5749
5749,5771,5772
5749,5772,5750
5750,5772,5773
5750,5773,5751
5751,5773,5774
5751,5774,5752
5761,5775,5760
5760,5775,5361
5775,5372,5361
5775,5776,5372
5372,5777,5373
5776,5777,5372
5373,5778,5374
5777,5778,5373
5374,5779,5375
5778,5779,5374
5375,5780,5376
5779,5780,5375
5363,5376,5763
5763,5376,5780
5764,5781,5365
5365,5781,5377
5379,5377,5781
5379,5781,5782
5381,5783,5382
5382,5783,5784
5785,5382,5784
5383,5382,5785
5367,5383,5765
5383,5786,5765
5383,5785,5786
5765,5786,5766
5766,5786,5787
5766,5787,5767
5782,5788,5379
5379,5788,5384
5384,5789,5385
5788,5789,5384
5385,5790,5386
5789,5790,5385
5386,5791,5387
5790,5791,5386
5381,5387,5783
5387,5792,5783
5387,5791,5792
5783,5792,5784
5795,5794,5793
5389,5390,5793
5390,5795,5793
5390,5796,5795
5797,5390,5391
5797,5796,5390
5798,5391,5393
5798,5797,5391
5799,5393,5395
5799,5798,5393
5395,5397,5799
5799,5397,5800
5803,5802,5801
5399,5400,5801
5400,5803,5801
5400,5804,5803
5401,5793,5794
5804,5401,5794
5400,5401,5804
5793,5401,5389
5805,5800,5397
5805,5397,5407
5407,5409,5805
5805,5409,5806
5808,5807,5412
5412,5807,5411
5413,5801,5802
5808,5413,5802
5412,5413,5808
5801,5413,5399
5809,5806,5409
5809,5409,5417
5810,5417,5419
5810,5809,5417
5419,5421,5810
5810,5421,5811
5814,5813,5812
5423,5424,5812
5424,5814,5812
5424,5815,5814
5424,5411,5807
5424,5807,5815
5816,5811,5421
5816,5421,5426
5426,5428,5816
5816,5428,5817
5812,5813,5431
5813,5430,5431
5813,5818,5430
5812,5431,5423
5432,5817,5428
5432,5819,5817
5821,5820,5435
5435,5820,5434
5435,5430,5818
5435,5818,5821
5822,5819,5432
5822,5432,5436
5436,5438,5822
5822,5438,5823
5824,5440,5441
5825,5824,5441
5434,5825,5441
5820,5825,5434
5443,5823,5438
5443,5826,5823
5828,5827,5824
5827,5440,5824
5827,5444,5440
5828,5824,5825
5445,5826,5443
5445,5829,5826
5827,5446,5444
5830,5446,5827
5831,5829,5445
5831,5445,5447
5447,5449,5831
5831,5449,5832
5833,5451,5452
5834,5833,5452
5446,5834,5452
5830,5834,5446
5454,5832,5449
5454,5835,5832
5836,5456,5833
5833,5456,5451
5833,5834,5837
5833,5837,5836
5458,5835,5454
5458,5838,5835
5839,5460,5836
5836,5460,5456
5836,5837,5840
5836,5840,5839
5458,5462,5841
5842,5458,5841
5838,5458,5842
5464,5841,5462
5843,5466,5839
5839,5466,5460
5839,5840,5844
5839,5844,5843
5842,5841,5845
5842,5845,5846
5470,5845,5464
5464,5845,5841
5847,5472,5843
5843,5472,5466
5843,5844,5848
5843,5848,5847
5851,5850,5849
5849,5850,5846
5845,5849,5846
5852,5849,5845
5477,5852,5470
5470,5852,5845
5847,5478,5472
5479,5478,5847
5848,5479,5847
5853,5479,5848
5851,5849,5854
5851,5854,5855
5483,5854,5484
5854,5852,5484
5854,5849,5852
5484,5852,5477
5853,5486,5479
5856,5486,5853
5855,5854,5857
5855,5857,5858
5491,5857,5483
5483,5857,5854
5860,5493,5859
5493,5856,5859
5493,5486,5856
5861,5860,5859
5858,5857,5862
5858,5862,5863
5498,5862,5491
5491,5862,5857
5860,5499,5493
5500,5499,5860
5861,5500,5860
5864,5500,5861
5865,5863,5862
5867,5865,5866
5866,5865,5504
5865,5862,5504
5862,5498,5504
5506,5866,5504
5864,5508,5500
5868,5508,5864
5867,5866,5869
5867,5869,5870
5513,5869,5506
5506,5869,5866
5872,5515,5871
5515,5868,5871
5515,5508,5868
5873,5872,5871
5874,5870,5869
5869,5513,5874
5513,5875,5874
5513,5520,5875
5876,5522,5872
5872,5522,5515
5872,5873,5877
5872,5877,5876
5527,5875,5520
5527,5878,5875
5876,5528,5522
5530,5528,5876
5877,5530,5876
5879,5530,5877
5880,5878,5527
5880,5527,5534
5534,5536,5880
5880,5536,5881
5883,5538,5882
5538,5879,5882
5538,5530,5879
5884,5883,5882
5536,5543,5885
5886,5536,5885
5881,5536,5886
5545,5885,5543
5887,5547,5883
5883,5547,5538
5883,5884,5888
5883,5888,5887
5889,5886,5885
5885,5545,5889
5545,5890,5889
5545,5552,5890
5887,5553,5547
5892,5891,5554
5892,5554,5553
5888,5892,5553
5887,5888,5553
5893,5891,5892
5894,5890,5552
5894,5552,5559
5559,5561,5894
5894,5561,5895
5896,5562,5891
5891,5562,5554
5891,5893,5897
5891,5897,5896
5567,5899,5898
5895,5567,5898
5561,5567,5895
5899,5900,5898
5896,5568,5562
5897,5901,5896
5901,5568,5896
5901,5570,5568
5903,5902,5571
5570,5903,5571
5901,5903,5570
5904,5902,5903
5576,5899,5567
5576,5578,5899
5578,5900,5899
5578,5905,5900
5902,5580,5571
5907,5906,5581
5907,5581,5580
5904,5907,5580
5902,5904,5580
5909,5908,5906
5909,5906,5907
5910,5908,5909
5586,5905,5578
5586,5911,5905
5906,5588,5581
5588,5906,5590
5590,5906,5908
5910,5912,5908
5912,5590,5908
5912,5592,5590
5914,5913,5593
5592,5914,5593
5912,5914,5592
5915,5913,5914
5596,5911,5586
5596,5916,5911
5913,5598,5593
5915,5917,5913
5917,5598,5913
5917,5601,5598
5602,5601,5917
5602,5917,5918
5604,5920,5919
5916,5604,5919
5596,5604,5916
5920,5921,5919
5918,5922,5602
5602,5922,5606
5608,5606,5922
5608,5922,5923
5925,5924,5920
5604,5925,5920
5609,5925,5604
5920,5924,5921
5927,5611,5926
5611,5923,5926
5611,5608,5923
5928,5927,5926
5931,5930,5929
5930,5925,5929
5925,5612,5929
5925,5609,5612
5927,5614,5611
5928,5932,5927
5932,5614,5927
5932,5616,5614
5617,5616,5932
5617,5932,5933
5936,5935,5934
5934,5935,5931
5934,5931,5929
5620,5934,5929
5619,5620,5929
5619,5929,5612
5933,5937,5617
5617,5937,5624
5624,5938,5626
5937,5938,5624
5940,5939,5627
5626,5940,5627
5938,5940,5626
5942,5941,5939
5942,5939,5940
5629,5630,5941
5942,5629,5941
5943,5629,5942
5629,5944,5632
5943,5944,5629
5632,5945,5634
5944,5945,5632
5934,5636,5936
5636,5945,5936
5636,5634,5945
5636,5934,5620
5939,5640,5627
5640,5939,5641
5641,5939,5941
5641,5941,5630
5947,5946,5648
5648,5946,5647
5948,5648,5649
5948,5947,5648
5949,5649,5650
5949,5948,5649
5950,5650,5651
5950,5949,5650
5951,5651,5652
5951,5950,5651
5952,5652,5653
5952,5951,5652
5953,5653,5654
5953,5952,5653
5955,5953,5954
5953,5655,5954
5953,5654,5655
5657,5954,5655
5958,5957,5956
5960,5959,5956
5956,5959,5958
5962,5961,5960
5960,5961,5959
5964,5963,5962
5962,5963,5961
5966,5965,5964
5964,5965,5963
5968,5967,5966
5966,5967,5965
5970,5969,5968
5968,5969,5967
5972,5971,5970
5970,5971,5969
5974,5973,5972
5972,5973,5971
5658,5659,5974
5659,5973,5974
5659,5975,5973
5976,5659,5660
5976,5975,5659
5977,5660,5661
5977,5976,5660
5978,5661,5662
5978,5977,5661
5662,5647,5946
5662,5946,5978
5979,5955,5954
5981,5979,5980
5980,5979,5663
5979,5954,5663
5954,5657,5663
5664,5980,5663
5982,5665,5666
5982,5666,5983
5666,5984,5983
5666,5667,5984
5985,5667,5668
5985,5984,5667
5986,5668,5669
5986,5985,5668
5987,5669,5670
5987,5986,5669
5671,5956,5957
5987,5671,5957
5670,5671,5987
5956,5671,5672
5956,5672,5960
5960,5672,5673
5960,5673,5962
5962,5673,5674
5962,5674,5964
5964,5674,5675
5964,5675,5966
5966,5675,5676
5966,5676,5968
5968,5676,5677
5968,5677,5970
5970,5677,5678
5970,5678,5972
5972,5678,5679
5972,5679,5974
5974,5679,5658
5988,5981,5980
5980,5664,5988
5664,5989,5988
5664,5680,5989
5991,5990,5982
5990,5665,5982
5990,5681,5665
5991,5982,5983
5682,5989,5680
5682,5992,5989
5990,5683,5681
5993,5683,5990
5995,5994,5685
5995,5685,5686
5682,5685,5992
5992,5685,5994
5993,5687,5683
5996,5687,5993
5688,5995,5686
5688,5997,5995
5999,5689,5998
5689,5996,5998
5689,5687,5996
6000,5999,5998
5690,5997,5688
5690,6001,5997
5999,5691,5689
5692,5691,5999
6000,5692,5999
6002,5692,6000
5693,6001,5690
5693,6003,6001
6002,5694,5692
6004,5694,6002
5695,6003,5693
5695,6005,6003
6004,5696,5694
6006,5696,6004
5697,6005,5695
5697,6007,6005
6009,5698,6008
5698,6006,6008
5698,5696,6006
6010,6009,6008
5699,6007,5697
5699,6011,6007
6009,5700,5698
5702,5700,6009
6010,5702,6009
6012,5702,6010
5703,6011,5699
5703,6013,6011
6012,5704,5702
6014,5704,6012
5705,6013,5703
5705,6015,6013
6014,5706,5704
6016,5706,6014
5707,6015,5705
5707,6017,6015
6016,5708,5706
6018,5708,6016
6019,6017,5707
6019,5707,5709
5709,5710,6019
6019,5710,6020
6018,5711,5708
6021,5711,6018
5712,6020,5710
5712,6022,6020
6021,5713,5711
6023,5713,6021
5714,6022,5712
5714,6024,6022
6023,5715,5713
6025,5715,6023
5716,6024,5714
5716,6026,6024
6025,5717,5715
6027,5717,6025
6028,6026,5716
6028,5716,5718
5718,5719,6028
6028,5719,6029
6027,5720,5717
6030,5720,6027
5721,6029,5719
5721,6031,6029
6030,5723,5720
6032,5723,6030
5724,6031,5721
5724,6033,6031
6035,6034,5726
5726,6034,5725
5726,5723,6032
5726,6032,6035
5727,6033,5724
5727,6036,6033
6034,5728,5725
6037,5728,6034
6038,6036,5727
6038,5727,5729
5729,5730,6038
6038,5730,6039
6037,5731,5728
6040,5731,6037
5732,6039,5730
5732,6041,6039
6040,5733,5731
6042,5733,6040
6043,6041,5732
6043,5732,5734
5734,5735,6043
6043,5735,6044
6046,6045,5737
5737,6045,5736
5737,5733,6042
5737,6042,6046
5738,6044,5735
5738,6047,6044
6045,5739,5736
6048,5739,6045
5740,6047,5738
5740,6049,6047
6048,5741,5739
6050,5741,6048
5742,6049,5740
5742,6051,6049
6050,5743,5741
6052,5743,6050
5744,6051,5742
5744,6053,6051
6052,5745,5743
6054,5745,6052
5746,6053,5744
5746,6055,6053
6054,5747,5745
6056,5747,6054
5752,6057,5753
6058,5754,5753
6058,5753,6057
6059,5755,5754
6059,5754,6058
6060,5756,5755
6060,5755,6059
6061,5757,5756
6061,5756,6060
6062,5758,5757
6062,5757,6061
6063,5759,5758
6063,5758,6062
6063,5761,5759
6065,6064,5762
6065,5762,5763
5746,5762,6055
6055,5762,6064
6056,5764,5747
6066,5764,6056
5767,6067,5768
5768,6067,6068
6069,5768,6068
5769,5768,6069
5769,6070,5770
6069,6070,5769
5770,6071,5771
6070,6071,5770
5771,6072,5772
6071,6072,5771
5772,6073,5773
6072,6073,5772
5773,6074,5774
6073,6074,5773
5752,5774,6057
5774,6075,6057
5774,6074,6075
6057,6075,6058
6058,6075,6076
6058,6076,6059
6059,6076,6077
6059,6077,6060
6060,6077,6078
6060,6078,6061
6061,6078,6079
6061,6079,6062
6062,6079,6080
6062,6080,6063
6063,6080,6081
6063,6081,5761
6081,5775,5761
6081,6082,5775
5775,6083,5776
6082,6083,5775
5776,6084,5777
6083,6084,5776
5777,6085,5778
6084,6085,5777
6085,6087,6086
5779,6085,6086
5778,6085,5779
5779,6086,6088
6089,5779,6088
5780,5779,6089
5763,5780,6065
6065,5780,6089
6066,6090,5764
5764,6090,5781
5782,5781,6090
5782,6090,6091
6093,6092,5785
6093,5785,5784
5785,6094,5786
6092,6094,5785
5786,6095,5787
6094,6095,5786
5767,5787,6067
5787,6096,6067
5787,6095,6096
6067,6096,6068
6087,6097,6086
6086,6097,6088
6091,6098,5782
5782,6098,5788
5788,6099,5789
6098,6099,5788
5789,6100,5790
6099,6100,5789
5790,6101,5791
6100,6101,5790
5791,6102,5792
6101,6102,5791
5784,5792,6093
6093,5792,6102
6103,5794,5795
5796,6104,5795
5795,6104,6103
5797,6105,5796
5796,6105,6104
5798,6106,5797
5797,6106,6105
5799,6107,5798
5798,6107,6106
5800,6107,5799
6108,5802,5803
5804,6109,5803
5803,6109,6108
5794,6103,5804
6103,6109,5804
6103,6110,6109
6111,6103,6104
6110,6103,6111
6112,6104,6105
6111,6104,6112
6113,6105,6106
6112,6105,6113
6114,6106,6107
6113,6106,6114
5805,6115,5800
6115,6107,5800
6115,6114,6107
5806,6115,5805
6116,5807,5808
5802,6108,5808
6108,6116,5808
6108,6117,6116
6118,6108,6109
6117,6108,6118
6119,6109,6110
6118,6109,6119
6120,6110,6111
6119,6110,6120
6121,6111,6112
6120,6111,6121
6122,6112,6113
6121,6112,6122
6123,6113,6114
6122,6113,6123
6124,6114,6115
6123,6114,6124
5809,6125,5806
6125,6115,5806
6125,6124,6115
5810,6126,5809
5809,6126,6125
5811,6126,5810
6127,5813,5814
5815,6128,5814
5814,6128,6127
5807,6116,5815
6116,6128,5815
6116,6129,6128
6130,6116,6117
6129,6116,6130
6131,6117,6118
6130,6117,6131
6132,6118,6119
6131,6118,6132
6133,6119,6120
6132,6119,6133
6134,6120,6121
6133,6120,6134
6135,6121,6122
6134,6121,6135
6136,6122,6123
6135,6122,6136
6137,6123,6124
6136,6123,6137
6138,6124,6125
6137,6124,6138
6139,6125,6126
6138,6125,6139
5816,6140,5811
6140,6126,5811
6140,6139,6126
5817,6140,5816
6141,5818,6127
6127,5818,5813
6142,6127,6128
6141,6127,6142
6143,6128,6129
6142,6128,6143
6144,6129,6130
6143,6129,6144
6145,6130,6131
6144,6130,6145
6146,6131,6132
6145,6131,6146
6147,6132,6133
6146,6132,6147
6148,6133,6134
6147,6133,6148
6149,6134,6135
6148,6134,6149
6150,6135,6136
6149,6135,6150
6151,6136,6137
6150,6136,6151
6152,6137,6138
6151,6137,6152
6153,6138,6139
6152,6138,6153
6154,6139,6140
6153,6139,6154
5819,6154,5817
5817,6154,6140
6155,5820,5821
5818,6141,5821
6141,6155,5821
6141,6156,6155
6157,6141,6142
6156,6141,6157
6158,6142,6143
6157,6142,6158
6159,6143,6144
6158,6143,6159
6160,6144,6145
6159,6144,6160
6161,6145,6146
6160,6145,6161
6162,6146,6147
6161,6146,6162
6163,6147,6148
6162,6147,6163
6164,6148,6149
6163,6148,6164
6165,6149,6150
6164,6149,6165
6166,6150,6151
6165,6150,6166
6167,6151,6152
6166,6151,6167
6168,6152,6153
6167,6152,6168
6169,6153,6154
6168,6153,6169
5822,6170,5819
6170,6154,5819
6170,6169,6154
5823,6170,5822
6171,5825,6155
6155,5825,5820
6172,6155,6156
6171,6155,6172
6173,6156,6157
6172,6156,6173
6174,6157,6158
6173,6157,6174
6175,6158,6159
6174,6158,6175
6176,6159,6160
6175,6159,6176
6177,6160,6161
6176,6160,6177
6178,6161,6162
6177,6161,6178
6179,6162,6163
6178,6162,6179
6180,6163,6164
6179,6163,6180
6181,6164,6165
6180,6164,6181
6182,6165,6166
6181,6165,6182
6183,6166,6167
6182,6166,6183
6184,6167,6168
6183,6167,6184
6185,6168,6169
6184,6168,6185
6186,6169,6170
6185,6169,6186
5826,6186,5823
5823,6186,6170
6187,5827,5828
5825,6171,5828
6171,6187,5828
6171,6188,6187
6189,6171,6172
6188,6171,6189
6190,6172,6173
6189,6172,6190
6191,6173,6174
6190,6173,6191
6192,6174,6175
6191,6174,6192
6193,6175,6176
6192,6175,6193
6194,6176,6177
6193,6176,6194
6195,6177,6178
6194,6177,6195
6196,6178,6179
6195,6178,6196
6197,6179,6180
6196,6179,6197
6198,6180,6181
6197,6180,6198
6199,6181,6182
6198,6181,6199
6200,6182,6183
6199,6182,6200
6201,6183,6184
6200,6183,6201
6202,6184,6185
6201,6184,6202
6203,6185,6186
6202,6185,6203
5829,6203,5826
5826,6203,6186
6204,5830,6187
6187,5830,5827
6205,6187,6188
6204,6187,6205
6206,6188,6189
6205,6188,6206
6207,6189,6190
6206,6189,6207
6208,6190,6191
6207,6190,6208
6209,6191,6192
6208,6191,6209
6210,6192,6193
6209,6192,6210
6211,6193,6194
6210,6193,6211
6212,6194,6195
6211,6194,6212
6213,6195,6196
6212,6195,6213
6214,6196,6197
6213,6196,6214
6215,6197,6198
6214,6197,6215
6216,6198,6199
6215,6198,6216
6217,6199,6200
6216,6199,6217
6218,6200,6201
6217,6200,6218
6219,6201,6202
6218,6201,6219
6220,6202,6203
6219,6202,6220
5831,6221,5829
6221,6203,5829
6221,6220,6203
5832,6221,5831
6222,5834,6204
6204,5834,5830
6223,6204,6205
6222,6204,6223
6224,6205,6206
6223,6205,6224
6225,6206,6207
6224,6206,6225
6226,6207,6208
6225,6207,6226
6227,6208,6209
6226,6208,6227
6228,6209,6210
6227,6209,6228
6229,6210,6211
6228,6210,6229
6230,6211,6212
6229,6211,6230
6231,6212,6213
6230,6212,6231
6232,6213,6214
6231,6213,6232
6233,6214,6215
6232,6214,6233
6234,6215,6216
6233,6215,6234
6235,6216,6217
6234,6216,6235
6236,6217,6218
6235,6217,6236
6237,6218,6219
6236,6218,6237
6238,6219,6220
6237,6219,6238
6239,6220,6221
6238,6220,6239
5835,6239,5832
5832,6239,6221
6240,5837,6222
6222,5837,5834
6241,6222,6223
6240,6222,6241
6242,6223,6224
6241,6223,6242
6243,6224,6225
6242,6224,6243
6244,6225,6226
6243,6225,6244
6245,6226,6227
6244,6226,6245
6246,6227,6228
6245,6227,6246
6247,6228,6229
6246,6228,6247
6248,6229,6230
6247,6229,6248
6249,6230,6231
6248,6230,6249
6250,6231,6232
6249,6231,6250
6251,6232,6233
6250,6232,6251
6252,6233,6234
6251,6233,6252
6253,6234,6235
6252,6234,6253
6254,6235,6236
6253,6235,6254
6255,6236,6237
6254,6236,6255
6256,6237,6238
6255,6237,6256
6257,6238,6239
6256,6238,6257
5838,6257,5835
5835,6257,6239
6258,5840,6240
6240,5840,5837
6259,6240,6241
6258,6240,6259
6260,6241,6242
6259,6241,6260
6261,6242,6243
6260,6242,6261
6262,6243,6244
6261,6243,6262
6263,6244,6245
6262,6244,6263
6264,6245,6246
6263,6245,6264
6265,6246,6247
6264,6246,6265
6266,6247,6248
6265,6247,6266
6267,6248,6249
6266,6248,6267
6268,6249,6250
6267,6249,6268
6269,6250,6251
6268,6250,6269
6270,6251,6252
6269,6251,6270
6271,6252,6253
6270,6252,6271
6272,6253,6254
6271,6253,6272
6273,6254,6255
6272,6254,6273
6274,6255,6256
6273,6255,6274
6275,6256,6257
6274,6256,6275
5842,6275,5838
5838,6275,6257
6276,5844,6258
6258,5844,5840
6277,6258,6259
6276,6258,6277
6278,6259,6260
6277,6259,6278
6279,6260,6261
6278,6260,6279
6280,6261,6262
6279,6261,6280
6281,6262,6263
6280,6262,6281
6282,6263,6264
6281,6263,6282
6283,6264,6265
6282,6264,6283
6284,6265,6266
6283,6265,6284
6285,6266,6267
6284,6266,6285
6286,6267,6268
6285,6267,6286
6287,6268,6269
6286,6268,6287
6288,6269,6270
6287,6269,6288
6289,6270,6271
6288,6270,6289
6290,6271,6272
6289,6271,6290
6291,6272,6273
6290,6272,6291
6292,6273,6274
6291,6273,6292
6293,6274,6275
6292,6274,6293
5846,6293,5842
5842,6293,6275
6294,5848,6276
6276,5848,5844
6295,6276,6277
6294,6276,6295
6296,6277,6278
6295,6277,6296
6297,6278,6279
6296,6278,6297
6298,6279,6280
6297,6279,6298
6299,6280,6281
6298,6280,6299
6300,6281,6282
6299,6281,6300
6301,6282,6283
6300,6282,6301
6302,6283,6284
6301,6283,6302
6303,6284,6285
6302,6284,6303
6304,6285,6286
6303,6285,6304
6305,6286,6287
6304,6286,6305
6306,6287,6288
6305,6287,6306
6307,6288,6289
6306,6288,6307
6308,6289,6290
6307,6289,6308
6309,6290,6291
6308,6290,6309
6310,6291,6292
6309,6291,6310
5851,6310,5850
6310,6293,5850
6310,6292,6293
5850,6293,5846
6311,5853,6294
6294,5853,5848
6312,6294,6295
6311,6294,6312
6313,6295,6296
6312,6295,6313
6314,6296,6297
6313,6296,6314
6315,6297,6298
6314,6297,6315
6316,6298,6299
6315,6298,6316
6317,6299,6300
6316,6299,6317
6318,6300,6301
6317,6300,6318
6319,6301,6302
6318,6301,6319
6320,6302,6303
6319,6302,6320
6321,6303,6304
6320,6303,6321
6322,6304,6305
6321,6304,6322
6323,6305,6306
6322,6305,6323
6324,6306,6307
6323,6306,6324
6325,6307,6308
6324,6307,6325
6326,6308,6309
6325,6308,6326
6327,6309,6310
6326,6309,6327
5855,6327,5851
5851,6327,6310
6328,5856,6311
6311,5856,5853
6329,6311,6312
6328,6311,6329
6330,6312,6313
6329,6312,6330
6331,6313,6314
6330,6313,6331
6332,6314,6315
6331,6314,6332
6333,6315,6316
6332,6315,6333
6334,6316,6317
6333,6316,6334
6335,6317,6318
6334,6317,6335
6336,6318,6319
6335,6318,6336
6337,6319,6320
6336,6319,6337
6338,6320,6321
6337,6320,6338
6339,6321,6322
6338,6321,6339
6340,6322,6323
6339,6322,6340
6341,6323,6324
6340,6323,6341
6342,6324,6325
6341,6324,6342
6343,6325,6326
6342,6325,6343
6344,6326,6327
6343,6326,6344
5858,6344,5855
5855,6344,6327
6328,5859,5856
5859,6328,5861
6328,6345,5861
6328,6329,6345
6346,6329,6330
6345,6329,6346
6347,6330,6331
6346,6330,6347
6348,6331,6332
6347,6331,6348
6349,6332,6333
6348,6332,6349
6350,6333,6334
6349,6333,6350
6351,6334,6335
6350,6334,6351
6352,6335,6336
6351,6335,6352
6353,6336,6337
6352,6336,6353
6354,6337,6338
6353,6337,6354
6355,6338,6339
6354,6338,6355
6356,6339,6340
6355,6339,6356
6357,6340,6341
6356,6340,6357
6358,6341,6342
6357,6341,6358
6359,6342,6343
6358,6342,6359
6360,6343,6344
6359,6343,6360
5863,6360,5858
5858,6360,6344
6361,5864,6345
6345,5864,5861
6362,6345,6346
6361,6345,6362
6363,6346,6347
6362,6346,6363
6364,6347,6348
6363,6347,6364
6365,6348,6349
6364,6348,6365
6366,6349,6350
6365,6349,6366
6367,6350,6351
6366,6350,6367
6368,6351,6352
6367,6351,6368
6369,6352,6353
6368,6352,6369
6354,6371,6370
6369,6354,6370
6353,6354,6369
6373,6372,6371
6354,6373,6371
6355,6373,6354
6374,6355,6356
6373,6355,6374
6375,6356,6357
6374,6356,6375
6376,6357,6358
6375,6357,6376
6377,6358,6359
6376,6358,6377
6378,6359,6360
6377,6359,6378
5865,6379,5863
6379,6360,5863
6379,6378,6360
5867,6379,5865
6380,5868,6361
6361,5868,5864
6381,6361,6362
6380,6361,6381
6382,6362,6363
6381,6362,6382
6383,6363,6364
6382,6363,6383
6384,6364,6365
6383,6364,6384
6385,6365,6366
6384,6365,6385
6386,6366,6367
6385,6366,6386
6368,6388,6387
6386,6368,6387
6367,6368,6386
6388,6368,6369
6388,6369,6389
6389,6369,6370
6390,6372,6373
6392,6391,6390
6373,6392,6390
6374,6392,6373
6393,6374,6375
6392,6374,6393
6394,6375,6376
6393,6375,6394
6395,6376,6377
6394,6376,6395
6396,6377,6378
6395,6377,6396
6397,6378,6379
6396,6378,6397
5870,6397,5867
5867,6397,6379
6380,5871,5868
5871,6380,5873
6380,6398,5873
6380,6381,6398
6399,6381,6382
6398,6381,6399
6400,6382,6383
6399,6382,6400
6401,6383,6384
6400,6383,6401
6402,6384,6385
6401,6384,6402
6403,6385,6386
6402,6385,6403
6386,6387,6404
6386,6404,6403
6391,6392,6405
6391,6405,6406
6407,6392,6393
6405,6392,6407
6408,6393,6394
6407,6393,6408
6409,6394,6395
6408,6394,6409
6410,6395,6396
6409,6395,6410
6411,6396,6397
6410,6396,6411
5874,6412,5870
6412,6397,5870
6412,6411,6397
5875,6412,5874
6413,5877,6398
6398,5877,5873
6414,6398,6399
6413,6398,6414
6415,6399,6400
6414,6399,6415
6416,6400,6401
6415,6400,6416
6417,6401,6402
6416,6401,6417
6403,6419,6418
6417,6403,6418
6402,6403,6417
6419,6403,6404
6420,6406,6405
6422,6421,6420
6405,6422,6420
6407,6422,6405
6423,6407,6408
6422,6407,6423
6424,6408,6409
6423,6408,6424
6425,6409,6410
6424,6409,6425
6426,6410,6411
6425,6410,6426
6427,6411,6412
6426,6411,6427
5878,6427,5875
5875,6427,6412
6428,5879,6413
6413,5879,5877
6429,6413,6414
6428,6413,6429
6430,6414,6415
6429,6414,6430
6431,6415,6416
6430,6415,6431
6432,6416,6417
6431,6416,6432
6417,6418,6433
6417,6433,6432
6434,6421,6422
6436,6435,6434
6422,6436,6434
6423,6436,6422
6437,6423,6424
6436,6423,6437
6438,6424,6425
6437,6424,6438
6439,6425,6426
6438,6425,6439
6440,6426,6427
6439,6426,6440
5880,6441,5878
6441,6427,5878
6441,6440,6427
5881,6441,5880
6428,5882,5879
5882,6428,5884
6428,6442,5884
6428,6429,6442
6443,6429,6430
6442,6429,6443
6444,6430,6431
6443,6430,6444
6445,6431,6432
6444,6431,6445
6432,6433,6446
6432,6446,6445
6435,6436,6447
6435,6447,6448
6449,6436,6437
6447,6436,6449
6450,6437,6438
6449,6437,6450
6451,6438,6439
6450,6438,6451
6452,6439,6440
6451,6439,6452
6453,6440,6441
6452,6440,6453
5886,6453,5881
5881,6453,6441
6454,5888,6442
6442,5888,5884
6455,6442,6443
6454,6442,6455
6456,6443,6444
6455,6443,6456
6457,6444,6445
6456,6444,6457
6445,6446,6458
6445,6458,6457
6459,6448,6447
6461,6460,6459
6447,6461,6459
6449,6461,6447
6462,6449,6450
6461,6449,6462
6463,6450,6451
6462,6450,6463
6464,6451,6452
6463,6451,6464
6465,6452,6453
6464,6452,6465
5889,6466,5886
6466,6453,5886
6466,6465,6453
5890,6466,5889
6454,5892,5888
5892,6454,5893
6454,6467,5893
6454,6455,6467
6468,6455,6456
6467,6455,6468
6469,6456,6457
6468,6456,6469
6457,6458,6470
6457,6470,6469
6471,6460,6461
6473,6472,6471
6461,6473,6471
6462,6473,6461
6474,6462,6463
6473,6462,6474
6475,6463,6464
6474,6463,6475
6476,6464,6465
6475,6464,6476
6477,6465,6466
6476,6465,6477
5894,6478,5890
6478,6466,5890
6478,6477,6466
5895,6478,5894
6479,5897,6467
6467,5897,5893
6480,6467,6468
6479,6467,6480
6481,6468,6469
6480,6468,6481
6469,6470,6482
6469,6482,6481
6483,6472,6473
6483,6473,6474
6483,6474,6484
6486,6485,6484
6474,6486,6484
6475,6486,6474
6487,6475,6476
6486,6475,6487
6488,6476,6477
6487,6476,6488
6489,6477,6478
6488,6477,6489
5898,6490,5895
6490,6478,5895
6490,6489,6478
5900,6490,5898
6479,5901,5897
5901,6479,5903
5903,6479,6480
5903,6480,5904
6480,6491,5904
6480,6481,6491
6481,6482,6492
6481,6492,6491
6493,6485,6486
6493,6486,6487
6493,6487,6494
6496,6495,6494
6487,6496,6494
6488,6496,6487
6497,6488,6489
6496,6488,6497
6498,6489,6490
6497,6489,6498
5905,6498,5900
5900,6498,6490
6491,5907,5904
5909,5907,6491
6499,5909,6491
6492,6499,6491
6500,5909,6499
6500,5910,5909
6501,6495,6496
6503,6502,6501
6496,6503,6501
6497,6503,6496
6504,6497,6498
6503,6497,6504
5911,6504,5905
5905,6504,6498
6499,6505,6500
6500,6505,5910
6505,5912,5910
6505,6506,5912
6506,6508,6507
5914,6506,6507
5912,6506,5914
6507,5915,5914
6509,6502,6503
6509,6503,6504
6509,6504,6510
6504,5911,6510
5911,6511,6510
5911,5916,6511
6508,6512,6507
6512,6514,6513
6512,6513,5917
6507,6512,5917
5915,6507,5917
6513,5918,5917
6515,6511,5916
6515,5916,5919
5919,5921,6515
6515,5921,6516
6514,6517,6513
6517,6519,6518
6517,6518,5922
6513,6517,5922
5918,6513,5922
6518,5923,5922
5925,6520,5924
6520,6521,5924
6521,5921,5924
6521,6516,5921
6519,6522,6518
6522,6524,6523
6522,6523,5926
6518,6522,5926
5923,6518,5926
6523,5928,5926
5931,6525,5930
6520,5925,5930
6525,6520,5930
6526,6520,6525
6521,6520,6527
6527,6520,6526
6524,6528,6523
6523,6528,5928
6528,5932,5928
6528,6529,5932
5933,5932,6529
5933,6529,6530
5936,6531,5935
6525,5931,5935
6531,6525,5935
6532,6525,6531
6525,6533,6526
6525,6532,6533
6527,6526,6534
6534,6526,6533
6530,6535,5933
5933,6535,5937
5937,6536,5938
6535,6536,5937
5938,6537,5940
6536,6537,5938
6537,6539,6538
5942,6537,6538
5940,6537,5942
6540,5943,5942
6540,5942,6538
6541,5944,5943
6541,5943,6540
5944,6541,6542
6543,5944,6542
5945,5944,6543
5936,5945,6531
5945,6544,6531
5945,6543,6544
6531,6544,6532
6532,6544,6545
6532,6545,6533
6533,6545,6546
6533,6546,6534
6539,6547,6538
6538,6547,6540
6540,6547,6548
6540,6548,6541
6541,6548,6549
6541,6549,6542
6551,6550,5947
5947,6550,5946
6552,5947,5948
6552,6551,5947
6553,5948,5949
6553,6552,5948
6554,5949,5950
6554,6553,5949
6555,5950,5951
6555,6554,5950
6556,5951,5952
6556,6555,5951
6557,5952,5953
6557,6556,5952
6559,6558,5955
6558,5953,5955
6558,6557,5953
6559,6560,6558
6563,6562,6561
6565,6564,6561
6561,6564,6563
5957,5958,6565
5958,6564,6565
5958,6566,6564
6567,5958,5959
6567,6566,5958
6568,5959,5961
6568,6567,5959
6569,5961,5963
6569,6568,5961
6570,5963,5965
6570,6569,5963
6572,6570,6571
6570,5967,6571
6570,5965,5967
5969,6573,5967
5967,6573,6571
5971,6574,5969
5969,6574,6573
6574,5971,6575
5971,6576,6575
5971,5973,6576
6577,5973,5975
6577,6576,5973
6578,5975,5976
6578,6577,5975
6579,5976,5977
6579,6578,5976
6580,5977,5978
6580,6579,5977
5978,5946,6550
5978,6550,6580
5979,6559,5955
5979,5981,6559
5981,6560,6559
5981,6581,6560
6583,6582,5984
5984,6582,5983
6584,5984,5985
6584,6583,5984
5986,6561,6562
6584,5986,6562
5985,5986,6584
6561,5986,5987
6561,5987,6565
6565,5987,5957
6585,6572,6571
6585,6571,6573
6585,6573,6586
6586,6573,6574
6586,6574,6587
6587,6574,6575
6588,6581,5981
6588,5981,5988
5988,5989,6588
6588,5989,6589
6591,6590,5991
5991,6590,5990
5991,5983,6582
5991,6582,6591
5992,6589,5989
5992,6592,6589
6590,5993,5990
6593,5993,6590
6595,6594,5994
6595,5994,5995
5992,5994,6592
6592,5994,6594
6597,5996,6596
5996,6593,6596
5996,5993,6593
6598,6597,6596
5997,6595,5995
5997,6599,6595
6597,5998,5996
6000,5998,6597
6598,6000,6597
6600,6000,6598
6001,6599,5997
6001,6601,6599
6600,6002,6000
6602,6002,6600
6003,6601,6001
6003,6603,6601
6602,6004,6002
6604,6004,6602
6005,6603,6003
6005,6605,6603
6607,6006,6606
6006,6604,6606
6006,6004,6604
6608,6607,6606
6007,6605,6005
6007,6609,6605
6607,6008,6006
6010,6008,6607
6608,6010,6607
6610,6010,6608
6011,6609,6007
6011,6611,6609
6610,6012,6010
6612,6012,6610
6013,6611,6011
6013,6613,6611
6612,6014,6012
6614,6014,6612
6015,6613,6013
6015,6615,6613
6614,6016,6014
6616,6016,6614
6017,6615,6015
6017,6617,6615
6616,6018,6016
6618,6018,6616
6619,6617,6017
6619,6017,6019
6019,6020,6619
6619,6020,6620
6618,6021,6018
6621,6021,6618
6022,6620,6020
6022,6622,6620
6621,6023,6021
6623,6023,6621
6024,6622,6022
6024,6624,6622
6623,6025,6023
6625,6025,6623
6026,6624,6024
6026,6626,6624
6625,6027,6025
6627,6027,6625
6628,6626,6026
6628,6026,6028
6028,6029,6628
6628,6029,6629
6627,6030,6027
6630,6030,6627
6031,6629,6029
6031,6631,6629
6634,6633,6632
6630,6634,6632
6032,6630,6632
6030,6630,6032
6033,6631,6031
6033,6635,6631
6632,6633,6035
6633,6034,6035
6633,6636,6034
6632,6035,6032
6036,6635,6033
6036,6637,6635
6636,6037,6034
6638,6037,6636
6639,6637,6036
6639,6036,6038
6038,6039,6639
6639,6039,6640
6638,6040,6037
6641,6040,6638
6041,6640,6039
6041,6642,6640
6641,6042,6040
6643,6042,6641
6644,6642,6041
6644,6041,6043
6043,6044,6644
6644,6044,6645
6647,6646,6046
6046,6646,6045
6046,6042,6643
6046,6643,6647
6047,6645,6044
6047,6648,6645
6646,6048,6045
6649,6048,6646
6049,6648,6047
6049,6650,6648
6649,6050,6048
6651,6050,6649
6051,6650,6049
6051,6652,6650
6651,6052,6050
6653,6052,6651
6053,6652,6051
6053,6654,6652
6653,6054,6052
6655,6054,6653
6055,6654,6053
6055,6656,6654
6655,6056,6054
6657,6056,6655
6659,6658,6064
6659,6064,6065
6055,6064,6656
6656,6064,6658
6657,6066,6056
6660,6066,6657
6662,6661,6069
6662,6069,6068
6069,6663,6070
6661,6663,6069
6070,6664,6071
6663,6664,6070
6071,6665,6072
6664,6665,6071
6072,6666,6073
6665,6666,6072
6073,6667,6074
6666,6667,6073
6074,6668,6075
6667,6668,6074
6075,6669,6076
6668,6669,6075
6076,6670,6077
6669,6670,6076
6077,6671,6078
6670,6671,6077
6078,6672,6079
6671,6672,6078
6079,6673,6080
6672,6673,6079
6080,6674,6081
6673,6674,6080
6081,6675,6082
6674,6675,6081
6082,6676,6083
6675,6676,6082
6083,6677,6084
6676,6677,6083
6677,6679,6678
6085,6677,6678
6084,6677,6085
6678,6087,6085
6681,6680,6089
6681,6089,6088
6065,6089,6659
6659,6089,6680
6660,6682,6066
6066,6682,6090
6091,6090,6682
6091,6682,6683
6685,6684,6092
6685,6092,6093
6092,6686,6094
6684,6686,6092
6094,6687,6095
6686,6687,6094
6095,6688,6096
6687,6688,6095
6068,6096,6662
6662,6096,6688
6679,6689,6678
6678,6689,6087
6689,6097,6087
6689,6690,6097
6088,6097,6681
6681,6097,6690
6683,6691,6091
6091,6691,6098
6098,6692,6099
6691,6692,6098
6099,6693,6100
6692,6693,6099
6100,6694,6101
6693,6694,6100
6101,6695,6102
6694,6695,6101
6093,6102,6685
6685,6102,6695
6696,6370,6371
6372,6696,6371
6698,6697,6388
6388,6697,6387
6699,6388,6389
6699,6698,6388
6389,6370,6696
6700,6389,6696
6699,6389,6700
6702,6700,6701
6701,6700,6390
6700,6696,6390
6696,6372,6390
6391,6701,6390
6705,6704,6703
6697,6705,6703
6404,6697,6703
6387,6697,6404
6706,6702,6701
6701,6391,6706
6391,6707,6706
6391,6406,6707
6703,6704,6419
6704,6418,6419
6704,6708,6418
6703,6419,6404
6709,6707,6406
6709,6406,6420
6420,6421,6709
6709,6421,6710
6713,6712,6711
6708,6713,6711
6433,6708,6711
6418,6708,6433
6714,6710,6421
6714,6421,6434
6434,6435,6714
6714,6435,6715
6711,6712,6716
6716,6712,6717
6716,6446,6433
6716,6433,6711
6448,6715,6435
6448,6718,6715
6716,6717,6719
6719,6717,6720
6719,6458,6446
6719,6446,6716
6721,6718,6448
6721,6448,6459
6459,6460,6721
6721,6460,6722
6725,6724,6723
6725,6723,6720
6723,6719,6720
6723,6726,6719
6726,6470,6458
6726,6458,6719
6727,6722,6460
6727,6460,6471
6471,6472,6727
6727,6472,6728
6723,6724,6729
6729,6724,6730
6723,6731,6726
6723,6729,6731
6731,6482,6470
6731,6470,6726
6472,6483,6732
6733,6472,6732
6728,6472,6733
6484,6734,6483
6483,6734,6732
6485,6734,6484
6730,6735,6729
6737,6736,6735
6736,6729,6735
6736,6731,6729
6736,6492,6482
6736,6482,6731
6738,6733,6732
6738,6732,6734
6738,6734,6739
6741,6739,6740
6740,6739,6493
6739,6734,6493
6734,6485,6493
6494,6742,6493
6493,6742,6740
6495,6742,6494
6736,6737,6743
6743,6737,6744
6743,6499,6492
6743,6492,6736
6745,6741,6740
6747,6746,6745
6740,6747,6745
6742,6747,6740
6501,6748,6495
6748,6742,6495
6748,6747,6742
6502,6748,6501
6744,6749,6743
6749,6751,6750
6749,6750,6505
6743,6749,6505
6499,6743,6505
6752,6506,6505
6752,6505,6750
6752,6508,6506
6753,6746,6747
6753,6747,6748
6753,6748,6754
6756,6754,6755
6755,6754,6509
6754,6748,6509
6748,6502,6509
6510,6757,6509
6509,6757,6755
6511,6757,6510
6750,6751,6758
6758,6751,6759
6750,6760,6752
6750,6758,6760
6761,6512,6508
6752,6761,6508
6760,6761,6752
6761,6514,6512
6762,6756,6755
6764,6763,6762
6755,6764,6762
6757,6764,6755
6515,6765,6511
6765,6757,6511
6765,6764,6757
6516,6765,6515
6759,6766,6758
6758,6766,6760
6760,6766,6767
6769,6768,6767
6768,6760,6767
6768,6761,6760
6770,6517,6514
6761,6770,6514
6768,6770,6761
6770,6519,6517
6771,6763,6764
6771,6764,6765
6771,6765,6772
6765,6516,6772
6516,6773,6772
6516,6521,6773
6769,6774,6768
6776,6775,6774
6775,6768,6774
6775,6770,6768
6777,6522,6519
6770,6777,6519
6775,6777,6770
6777,6524,6522
6527,6779,6778
6773,6527,6778
6521,6527,6773
6779,6780,6778
6776,6781,6775
6775,6781,6777
6777,6781,6782
6782,6784,6783
6782,6783,6528
6777,6782,6528
6524,6777,6528
6785,6529,6528
6785,6528,6783
6785,6530,6529
6534,6786,6779
6534,6779,6527
6780,6779,6787
6779,6788,6787
6779,6786,6788
6788,6789,6787
6784,6790,6783
6792,6791,6790
6791,6783,6790
6791,6785,6783
6793,6535,6530
6785,6793,6530
6791,6793,6785
6794,6536,6535
6794,6535,6793
6795,6537,6536
6795,6536,6794
6795,6539,6537
6542,6796,6543
6797,6544,6543
6797,6543,6796
6798,6545,6544
6798,6544,6797
6799,6546,6545
6799,6545,6798
6786,6534,6546
6799,6786,6546
6800,6786,6799
6786,6801,6788
6786,6800,6801
6789,6788,6802
6802,6788,6801
6792,6803,6791
6791,6803,6793
6793,6803,6804
6793,6804,6794
6794,6804,6805
6807,6806,6805
6806,6794,6805
6806,6795,6794
6808,6547,6539
6795,6808,6539
6806,6808,6795
6809,6548,6547
6809,6547,6808
6810,6549,6548
6810,6548,6809
6796,6542,6549
6810,6796,6549
6811,6796,6810
6796,6812,6797
6796,6811,6812
6797,6813,6798
6797,6812,6813
6798,6814,6799
6798,6813,6814
6799,6815,6800
6799,6814,6815
6800,6816,6801
6800,6815,6816
6802,6801,6817
6817,6801,6816
6807,6818,6806
6806,6818,6808
6808,6818,6819
6808,6819,6809
6809,6819,6820
6809,6820,6810
6810,6820,6821
6810,6821,6811
6811,6821,6822
6811,6822,6812
6812,6822,6823
6812,6823,6813
6813,6823,6824
6813,6824,6814
6814,6824,6825
6814,6825,6815
6815,6825,6826
6815,6826,6816
6816,6826,6827
6816,6827,6817
6830,6829,6828
6832,6831,6828
6828,6831,6830
6834,6833,6832
6832,6833,6831
6836,6835,6834
6834,6835,6833
6838,6837,6836
6836,6837,6835
6840,6839,6838
6838,6839,6837
6842,6841,6840
6840,6841,6839
6842,6843,6841
6846,6845,6844
6550,6551,6844
6551,6846,6844
6551,6847,6846
6552,6828,6829
6847,6552,6829
6551,6552,6847
6828,6552,6553
6828,6553,6832
6832,6553,6554
6832,6554,6834
6834,6554,6555
6834,6555,6836
6836,6555,6556
6836,6556,6838
6838,6556,6557
6838,6557,6840
6840,6557,6558
6840,6558,6842
6558,6560,6842
6560,6843,6842
6560,6848,6843
6851,6850,6849
6562,6563,6849
6563,6851,6849
6563,6852,6851
6853,6563,6564
6853,6852,6563
6854,6564,6566
6854,6853,6564
6855,6566,6567
6855,6854,6566
6856,6567,6568
6856,6855,6567
6857,6568,6569
6857,6856,6568
6859,6857,6858
6857,6570,6858
6857,6569,6570
6572,6858,6570
6860,6575,6576
6860,6576,6861
6576,6862,6861
6576,6577,6862
6863,6577,6578
6863,6862,6577
6864,6578,6579
6864,6863,6578
6580,6844,6845
6864,6580,6845
6579,6580,6864
6844,6580,6550
6581,6866,6865
6848,6581,6865
6560,6581,6848
6866,6867,6865
6870,6869,6868
6582,6583,6868
6583,6870,6868
6583,6871,6870
6584,6849,6850
6871,6584,6850
6583,6584,6871
6849,6584,6562
6872,6859,6858
6872,6858,6572
6585,6872,6572
6873,6872,6585
6874,6585,6586
6874,6873,6585
6875,6586,6587
6875,6874,6586
6587,6575,6860
6876,6587,6860
6875,6587,6876
6876,6860,6861
6588,6866,6581
6588,6589,6866
6589,6867,6866
6589,6877,6867
6868,6869,6591
6869,6590,6591
6869,6878,6590
6868,6591,6582
6592,6877,6589
6592,6879,6877
6878,6593,6590
6880,6593,6878
6882,6881,6594
6882,6594,6595
6592,6594,6879
6879,6594,6881
6880,6883,6593
6593,6883,6596
6598,6596,6883
6598,6883,6884
6599,6882,6595
6599,6885,6882
6884,6600,6598
6886,6600,6884
6601,6885,6599
6601,6887,6885
6886,6602,6600
6888,6602,6886
6603,6887,6601
6603,6889,6887
6891,6604,6890
6604,6888,6890
6604,6602,6888
6892,6891,6890
6605,6889,6603
6605,6893,6889
6891,6606,6604
6608,6606,6891
6892,6608,6891
6894,6608,6892
6609,6893,6605
6609,6895,6893
6894,6610,6608
6896,6610,6894
6611,6895,6609
6611,6897,6895
6896,6612,6610
6898,6612,6896
6613,6897,6611
6613,6899,6897
6898,6614,6612
6900,6614,6898
6615,6899,6613
6615,6901,6899
6900,6616,6614
6902,6616,6900
6617,6904,6903
6901,6617,6903
6615,6617,6901
6904,6905,6903
6902,6618,6616
6906,6618,6902
6619,6904,6617
6619,6620,6904
6620,6905,6904
6620,6907,6905
6906,6621,6618
6908,6621,6906
6622,6907,6620
6622,6909,6907
6908,6623,6621
6910,6623,6908
6624,6909,6622
6624,6911,6909
6910,6625,6623
6912,6625,6910
6626,6911,6624
6626,6913,6911
6912,6627,6625
6914,6627,6912
6915,6913,6626
6915,6626,6628
6628,6629,6915
6915,6629,6916
6919,6918,6917
6914,6919,6917
6630,6914,6917
6627,6914,6630
6631,6916,6629
6631,6920,6916
6917,6918,6634
6918,6633,6634
6918,6921,6633
6917,6634,6630
6635,6920,6631
6635,6922,6920
6921,6636,6633
6923,6636,6921
6637,6922,6635
6637,6924,6922
6923,6638,6636
6925,6638,6923
6926,6924,6637
6926,6637,6639
6639,6640,6926
6926,6640,6927
6925,6641,6638
6928,6641,6925
6642,6927,6640
6642,6929,6927
6932,6931,6930
6928,6932,6930
6643,6928,6930
6641,6928,6643
6933,6929,6642
6933,6642,6644
6644,6645,6933
6933,6645,6934
6930,6931,6647
6931,6646,6647
6931,6935,6646
6930,6647,6643
6648,6934,6645
6648,6936,6934
6935,6649,6646
6937,6649,6935
6650,6936,6648
6650,6938,6936
6937,6651,6649
6939,6651,6937
6652,6938,6650
6652,6940,6938
6939,6653,6651
6941,6653,6939
6654,6940,6652
6654,6942,6940
6941,6655,6653
6943,6655,6941
6656,6942,6654
6656,6944,6942
6943,6657,6655
6945,6657,6943
6947,6946,6658
6947,6658,6659
6656,6658,6944
6944,6658,6946
6945,6660,6657
6948,6660,6945
6951,6950,6949
6953,6952,6949
6953,6949,6950
6955,6954,6952
6955,6952,6953
6661,6662,6954
6955,6661,6954
6956,6661,6955
6661,6957,6663
6956,6957,6661
6663,6958,6664
6957,6958,6663
6664,6959,6665
6958,6959,6664
6665,6960,6666
6959,6960,6665
6666,6961,6667
6960,6961,6666
6667,6962,6668
6961,6962,6667
6668,6963,6669
6962,6963,6668
6669,6964,6670
6963,6964,6669
6670,6965,6671
6964,6965,6670
6671,6966,6672
6965,6966,6671
6672,6967,6673
6966,6967,6672
6673,6968,6674
6967,6968,6673
6674,6969,6675
6968,6969,6674
6675,6970,6676
6969,6970,6675
6676,6971,6677
6970,6971,6676
6679,6677,6971
6679,6971,6972
6974,6973,6680
6974,6680,6681
6659,6680,6947
6947,6680,6973
6948,6975,6660
6660,6975,6682
6683,6682,6975
6683,6975,6976
6979,6978,6977
6684,6685,6977
6978,6684,6977
6980,6684,6978
6949,6686,6951
6686,6980,6951
6686,6684,6980
6686,6949,6687
6687,6949,6952
6687,6952,6688
6688,6952,6954
6688,6954,6662
6972,6981,6679
6679,6981,6689
6689,6982,6690
6981,6982,6689
6681,6690,6974
6974,6690,6982
6976,6983,6683
6683,6983,6691
6691,6984,6692
6983,6984,6691
6692,6985,6693
6984,6985,6692
6693,6986,6694
6985,6986,6693
6977,6695,6979
6695,6986,6979
6695,6694,6986
6695,6977,6685
6987,6697,6698
6699,6988,6698
6698,6988,6987
6700,6989,6699
6699,6989,6988
6702,6989,6700
6990,6704,6705
6697,6987,6705
6987,6990,6705
6987,6991,6990
6992,6987,6988
6991,6987,6992
6993,6988,6989
6992,6988,6993
6706,6994,6702
6994,6989,6702
6994,6993,6989
6707,6994,6706
6995,6708,6990
6990,6708,6704
6996,6990,6991
6995,6990,6996
6997,6991,6992
6996,6991,6997
6998,6992,6993
6997,6992,6998
6999,6993,6994
6998,6993,6999
6709,7000,6707
7000,6994,6707
7000,6999,6994
6710,7000,6709
7001,6712,6713
6708,6995,6713
6995,7001,6713
6995,7002,7001
7003,6995,6996
7002,6995,7003
7004,6996,6997
7003,6996,7004
7005,6997,6998
7004,6997,7005
7006,6998,6999
7005,6998,7006
7007,6999,7000
7006,6999,7007
6714,7008,6710
7008,7000,6710
7008,7007,7000
6715,7008,6714
7009,6717,7001
7001,6717,6712
7010,7001,7002
7009,7001,7010
7011,7002,7003
7010,7002,7011
7012,7003,7004
7011,7003,7012
7013,7004,7005
7012,7004,7013
7014,7005,7006
7013,7005,7014
7015,7006,7007
7014,7006,7015
7016,7007,7008
7015,7007,7016
6718,7016,6715
6715,7016,7008
7018,7017,7009
7017,6717,7009
7017,6720,6717
7018,7009,7010
7018,7010,7019
7019,7010,7011
7019,7011,7020
7022,7021,7020
7011,7022,7020
7012,7022,7011
7023,7012,7013
7022,7012,7023
7024,7013,7014
7023,7013,7024
7025,7014,7015
7024,7014,7025
7026,7015,7016
7025,7015,7026
6721,7027,6718
7027,7016,6718
7027,7026,7016
6722,7027,6721
7029,7028,6725
6725,7028,6724
6725,6720,7017
6725,7017,7029
7030,7021,7022
7032,7031,7030
7022,7032,7030
7023,7032,7022
7033,7023,7024
7032,7023,7033
7034,7024,7025
7033,7024,7034
7035,7025,7026
7034,7025,7035
7036,7026,7027
7035,7026,7036
6727,7037,6722
7037,7027,6722
7037,7036,7027
6728,7037,6727
7028,6730,6724
7038,6730,7028
7039,7031,7032
7039,7032,7033
7039,7033,7040
7042,7041,7040
7033,7042,7040
7034,7042,7033
7043,7034,7035
7042,7034,7043
7044,7035,7036
7043,7035,7044
7045,7036,7037
7044,7036,7045
6733,7045,6728
6728,7045,7037
7048,7047,7046
7046,7049,6735
7038,7046,6735
6730,7038,6735
7046,7038,7048
7049,6737,6735
7050,7041,7042
7052,7051,7050
7042,7052,7050
7043,7052,7042
7053,7043,7044
7052,7043,7053
7054,7044,7045
7053,7044,7054
6738,7055,6733
7055,7045,6733
7055,7054,7045
6739,7056,6738
6738,7056,7055
6741,7056,6739
7046,7047,7057
7057,7047,7058
7046,7059,7049
7046,7057,7059
7059,6744,6737
7059,6737,7049
7060,7051,7052
7062,7061,7060
7052,7062,7060
7053,7062,7052
7063,7053,7054
7062,7053,7063
7064,7054,7055
7063,7054,7064
7065,7055,7056
7064,7055,7065
6745,7066,6741
7066,7056,6741
7066,7065,7056
6746,7066,6745
7057,7058,7067
7067,7058,7068
7057,7069,7059
7057,7067,7069
7070,6749,6744
7059,7070,6744
7069,7070,7059
7070,6751,6749
7071,7061,7062
7071,7062,7063
7071,7063,7072
7074,7073,7072
7063,7074,7072
7064,7074,7063
7075,7064,7065
7074,7064,7075
7076,7065,7066
7075,7065,7076
6753,7077,6746
7077,7066,6746
7077,7076,7066
6754,7078,6753
6753,7078,7077
6756,7078,6754
7067,7068,7079
7079,7068,7080
7067,7081,7069
7067,7079,7081
7069,7082,7070
7069,7081,7082
7082,6759,6751
7082,6751,7070
7083,7073,7074
7085,7084,7083
7074,7085,7083
7075,7085,7074
7086,7075,7076
7085,7075,7086
7087,7076,7077
7086,7076,7087
7088,7077,7078
7087,7077,7088
6762,7089,6756
7089,7078,6756
7089,7088,7078
6763,7089,6762
7079,7080,7090
7090,7080,7091
7079,7092,7081
7079,7090,7092
7081,7093,7082
7081,7092,7093
7094,6766,6759
7082,7094,6759
7093,7094,7082
7095,6767,6766
7095,6766,7094
7095,6769,6767
7096,7084,7085
7096,7085,7086
7096,7086,7097
7097,7086,7087
7097,7087,7098
7100,7099,7098
7087,7100,7098
7088,7100,7087
7101,7088,7089
7100,7088,7101
6771,7102,6763
7102,7089,6763
7102,7101,7089
6772,7103,6771
6771,7103,7102
6773,7103,6772
7091,7104,7090
7106,7105,7104
7105,7090,7104
7105,7092,7090
7092,7107,7093
7092,7105,7107
7093,7108,7094
7093,7107,7108
7094,7109,7095
7094,7108,7109
7110,6774,6769
7095,7110,6769
7109,7110,7095
7110,6776,6774
7111,7099,7100
7111,7100,7101
7111,7101,7112
7114,7113,7112
7101,7114,7112
7102,7114,7101
7115,7102,7103
7114,7102,7115
6778,7116,6773
7116,7103,6773
7116,7115,7103
6780,7116,6778
7106,7117,7105
7105,7117,7107
7107,7117,7118
7120,7119,7118
7119,7107,7118
7119,7108,7107
7108,7121,7109
7108,7119,7121
7109,7122,7110
7109,7121,7122
7123,6781,6776
7110,7123,6776
7122,7123,7110
7124,6782,6781
7124,6781,7123
7124,6784,6782
7125,7113,7114
7125,7114,7115
7125,7115,7126
7128,7127,7126
7115,7128,7126
7116,7128,7115
6787,7129,6780
7129,7116,6780
7129,7128,7116
6789,7129,6787
7120,7130,7119
7119,7130,7121
7121,7130,7131
7121,7131,7122
7122,7131,7132
7122,7132,7123
7123,7132,7133
7135,7134,7133
7134,7123,7133
7134,7124,7123
7136,6790,6784
7124,7136,6784
7134,7136,7124
7136,6792,6790
7137,7127,7128
7137,7128,7129
7137,7129,7138
6789,6802,7129
6802,7139,7129
7139,7138,7129
7139,6802,7140
7140,7141,7139
7135,7142,7134
7144,7143,7142
7143,7134,7142
7143,7136,7134
7145,6803,6792
7136,7145,6792
7143,7145,7136
7146,6804,6803
7146,6803,7145
7147,6805,6804
7147,6804,7146
7147,6807,6805
6817,7148,7140
6817,7140,6802
7141,7140,7149
7140,7150,7149
7140,7148,7150
7150,7151,7149
7144,7152,7143
7143,7152,7145
7145,7152,7153
7145,7153,7146
7146,7153,7154
7156,7155,7154
7155,7146,7154
7155,7147,7146
7157,6818,6807
7147,7157,6807
7155,7157,7147
7158,6819,6818
7158,6818,7157
7159,6820,6819
7159,6819,7158
7160,6821,6820
7160,6820,7159
7161,6822,6821
7161,6821,7160
7162,6823,6822
7162,6822,7161
7163,6824,6823
7163,6823,7162
7164,6825,6824
7164,6824,7163
7165,6826,6825
7165,6825,7164
7166,6827,6826
7166,6826,7165
7148,6817,6827
7166,7148,6827
7167,7148,7166
7148,7168,7150
7148,7167,7168
7151,7150,7169
7169,7150,7168
7156,7170,7155
7155,7170,7157
7157,7170,7171
7157,7171,7158
7158,7171,7172
7174,7173,7172
7173,7158,7172
7173,7159,7158
7159,7175,7160
7159,7173,7175
7160,7176,7161
7160,7175,7176
7161,7177,7162
7161,7176,7177
7162,7178,7163
7162,7177,7178
7163,7179,7164
7163,7178,7179
7164,7180,7165
7164,7179,7180
7165,7181,7166
7165,7180,7181
7166,7182,7167
7166,7181,7182
7167,7183,7168
7167,7182,7183
7169,7168,7184
7184,7168,7183
7174,7185,7173
7173,7185,7175
7175,7185,7186
7175,7186,7176
7176,7186,7187
7176,7187,7177
7177,7187,7188
7177,7188,7178
7178,7188,7189
7178,7189,7179
7179,7189,7190
7179,7190,7180
7180,7190,7191
7180,7191,7181
7181,7191,7192
7181,7192,7182
7182,7192,7193
7182,7193,7183
7183,7193,7194
7183,7194,7184
7197,7196,7195
7199,7198,7195
7195,7198,7197
7201,7200,7199
7199,7200,7198
7203,7202,7201
7201,7202,7200
7205,7204,7203
7203,7204,7202
7205,7206,7204
7209,7208,7207
6829,6830,7207
6830,7209,7207
6830,7210,7209
6831,7195,7196
7210,6831,7196
6830,6831,7210
7195,6831,6833
7195,6833,7199
7199,6833,6835
7199,6835,7201
7201,6835,6837
7201,6837,7203
7203,6837,6839
7203,6839,7205
7211,7206,7205
6839,7211,7205
6841,7211,6839
7213,7212,6843
7212,6841,6843
7212,7211,6841
7213,7214,7212
7217,7216,7215
7219,7218,7215
7215,7218,7217
6845,6846,7219
6846,7218,7219
6846,7220,7218
6847,7207,7208
7220,6847,7208
6846,6847,7220
7207,6847,6829
6848,7221,7213
6848,7213,6843
7214,7213,7222
7222,7213,7221
7225,7224,7223
6850,6851,7223
6851,7225,7223
6851,7226,7225
7227,6851,6852
7227,7226,6851
7228,6852,6853
7228,7227,6852
7229,6853,6854
7229,7228,6853
7230,6854,6855
7230,7229,6854
7231,6855,6856
7231,7230,6855
7232,6856,6857
7232,7231,6856
7234,7233,6859
7233,6857,6859
7233,7232,6857
7236,7235,7234
7234,7235,7233
7238,7237,7236
7236,7237,7235
7240,7239,7238
7238,7239,7237
7242,7241,7240
7240,7241,7239
6861,6862,7242
6862,7241,7242
6862,7243,7241
6863,7215,7216
7243,6863,7216
6862,6863,7243
7215,6863,6864
7215,6864,7219
7219,6864,6845
6865,7221,6848
6865,6867,7221
6867,7222,7221
6867,7244,7222
7246,7245,6870
6870,7245,6869
6871,7223,7224
7246,6871,7224
6870,6871,7246
7223,6871,6850
6872,7234,6859
7234,6872,6873
7234,6873,7236
7236,6873,6874
7236,6874,7238
7238,6874,6875
7238,6875,7240
7240,6875,6876
7240,6876,7242
7242,6876,6861
6877,7244,6867
6877,7247,7244
7245,6878,6869
7248,6878,7245
6879,7247,6877
6879,7249,7247
7248,6880,6878
7250,6880,7248
7252,7251,6881
7252,6881,6882
6879,6881,7249
7249,6881,7251
7250,7253,6880
6880,7253,6883
6884,6883,7253
6884,7253,7254
6885,7252,6882
6885,7255,7252
7254,6886,6884
7256,6886,7254
6887,7255,6885
6887,7257,7255
7256,6888,6886
7258,6888,7256
6889,7257,6887
6889,7259,7257
7258,7260,6888
6888,7260,6890
6892,6890,7260
6892,7260,7261
6893,7259,6889
6893,7262,7259
7261,6894,6892
7263,6894,7261
6895,7262,6893
6895,7264,7262
7263,6896,6894
7265,6896,7263
6897,7264,6895
6897,7266,7264
7265,6898,6896
7267,6898,7265
6899,7266,6897
6899,7268,7266
7267,6900,6898
7269,6900,7267
6901,7268,6899
6901,7270,7268
7269,6902,6900
7271,6902,7269
7272,7270,6901
7272,6901,6903
6903,6905,7272
7272,6905,7273
7271,6906,6902
7274,6906,7271
6907,7273,6905
6907,7275,7273
7274,6908,6906
7276,6908,7274
6909,7275,6907
6909,7277,7275
7276,6910,6908
7278,6910,7276
6911,7277,6909
6911,7279,7277
7282,7281,7280
7278,7282,7280
6912,7278,7280
6910,7278,6912
6913,7279,6911
6913,7283,7279
7280,7281,7284
7284,7281,7285
7284,6914,6912
7284,6912,7280
7286,7283,6913
7286,6913,6915
6915,6916,7286
7286,6916,7287
7284,7285,6919
7285,6918,6919
7285,7288,6918
7284,6919,6914
6920,7287,6916
6920,7289,7287
7288,6921,6918
7290,6921,7288
6922,7289,6920
6922,7291,7289
7290,6923,6921
7292,6923,7290
6924,7291,6922
6924,7293,7291
7292,6925,6923
7294,6925,7292
7295,7293,6924
7295,6924,6926
6926,6927,7295
7295,6927,7296
7294,6928,6925
7297,6928,7294
6929,7296,6927
6929,7298,7296
7300,7299,6932
6932,7299,6931
6932,6928,7297
6932,7297,7300
6929,6933,7301
7302,6929,7301
7298,6929,7302
6934,7301,6933
7299,6935,6931
7303,6935,7299
7304,7302,7301
7301,6934,7304
6934,7305,7304
6934,6936,7305
7303,6937,6935
7306,6937,7303
6938,7305,6936
6938,7307,7305
7306,6939,6937
7308,6939,7306
6940,7307,6938
6940,7309,7307
7308,6941,6939
7310,6941,7308
6942,7309,6940
6942,7311,7309
7310,6943,6941
7312,6943,7310
7315,7314,7313
7314,7311,7313
7311,6944,7313
7311,6942,6944
7312,6945,6943
7316,6945,7312
7319,7318,7317
7321,7320,7317
7321,7317,7318
7323,7322,7320
7323,7320,7321
7325,7324,7322
7325,7322,7323
7327,7326,7324
7327,7324,7325
7329,7328,7326
7329,7326,7327
7331,7330,7328
7331,7328,7329
7333,7332,7330
7333,7330,7331
7335,7334,7332
7335,7332,7333
7337,7336,7334
7337,7334,7335
7339,7338,7336
7339,7336,7337
7341,7340,7338
7341,7338,7339
7342,7340,7341
7315,7313,6946
6947,7315,6946
7343,7315,6947
6946,7313,6944
7316,6948,6945
7344,6948,7316
7347,7346,7345
6950,6951,7345
7346,6950,7345
7348,6950,7346
6950,7349,6953
7348,7349,6950
6953,7350,6955
7349,7350,6953
6955,7351,6956
7350,7351,6955
7317,6957,7319
6957,7351,7319
6957,6956,7351
6957,7317,6958
6958,7317,7320
6958,7320,6959
6959,7320,7322
6959,7322,6960
6960,7322,7324
6960,7324,6961
6961,7324,7326
6961,7326,6962
6962,7326,7328
6962,7328,6963
6963,7328,7330
6963,7330,6964
6964,7330,7332
6964,7332,6965
6965,7332,7334
6965,7334,6966
6966,7334,7336
6966,7336,6967
6967,7336,7338
6967,7338,6968
6968,7338,7340
7342,7352,7340
7352,6968,7340
7352,6969,6968
6969,7353,6970
7352,7353,6969
6970,7354,6971
7353,7354,6970
6972,6971,7354
6972,7354,7355
7357,7356,6973
7357,6973,6974
6947,6973,7343
7343,6973,7356
7344,7358,6948
6948,7358,6975
7360,7359,6976
6975,7360,6976
7358,7360,6975
7361,7359,7360
7364,7363,7362
7366,7365,7362
7366,7362,7363
6978,6979,7365
7366,6978,7365
7367,6978,7366
7345,6980,7347
6980,7367,7347
6980,6978,7367
6980,7345,6951
7355,7368,6972
6972,7368,6981
6981,7369,6982
7368,7369,6981
6974,6982,7357
7357,6982,7369
7359,6983,6976
7361,7370,7359
7370,6983,7359
7370,6984,6983
7362,6985,7364
6985,7370,7364
6985,6984,7370
6985,7362,6986
6986,7362,7365
6986,7365,6979
7371,7017,7018
7019,7372,7018
7018,7372,7371
7020,7373,7019
7019,7373,7372
7021,7373,7020
7374,7028,7029
7017,7371,7029
7371,7374,7029
7371,7375,7374
7376,7371,7372
7375,7371,7376
7377,7372,7373
7376,7372,7377
7030,7378,7021
7378,7373,7021
7378,7377,7373
7031,7378,7030
7380,7379,7374
7379,7028,7374
7379,7038,7028
7380,7374,7375
7380,7375,7381
7381,7375,7376
7381,7376,7382
7382,7376,7377
7382,7377,7383
7385,7384,7383
7377,7385,7383
7378,7385,7377
7039,7386,7031
7386,7378,7031
7386,7385,7378
7040,7387,7039
7039,7387,7386
7041,7387,7040
7389,7388,7048
7048,7388,7047
7048,7038,7379
7048,7379,7389
7390,7384,7385
7390,7385,7386
7390,7386,7391
7393,7392,7391
7386,7393,7391
7387,7393,7386
7050,7394,7041
7394,7387,7041
7394,7393,7387
7051,7394,7050
7397,7396,7395
7388,7397,7395
7058,7388,7395
7047,7388,7058
7398,7392,7393
7400,7399,7398
7393,7400,7398
7394,7400,7393
7060,7401,7051
7401,7394,7051
7401,7400,7394
7061,7401,7060
7404,7403,7402
7404,7402,7396
7402,7395,7396
7402,7405,7395
7405,7068,7058
7405,7058,7395
7406,7399,7400
7406,7400,7401
7406,7401,7407
7409,7407,7408
7408,7407,7071
7407,7401,7071
7401,7061,7071
7072,7410,7071
7071,7410,7408
7073,7410,7072
7402,7403,7411
7411,7403,7412
7402,7413,7405
7402,7411,7413
7413,7080,7068
7413,7068,7405
7414,7409,7408
7416,7415,7414
7408,7416,7414
7410,7416,7408
7083,7417,7073
7417,7410,7073
7417,7416,7410
7084,7417,7083
7420,7419,7418
7420,7418,7412
7418,7411,7412
7418,7421,7411
7411,7422,7413
7411,7421,7422
7422,7091,7080
7422,7080,7413
7423,7415,7416
7423,7416,7417
7423,7417,7424
7426,7424,7425
7425,7424,7096
7424,7417,7096
7417,7084,7096
7097,7427,7096
7096,7427,7425
7098,7428,7097
7097,7428,7427
7099,7428,7098
7418,7419,7429
7429,7419,7430
7418,7431,7421
7418,7429,7431
7421,7432,7422
7421,7431,7432
7433,7104,7091
7422,7433,7091
7432,7433,7422
7433,7106,7104
7434,7426,7425
7436,7435,7434
7425,7436,7434
7427,7436,7425
7437,7427,7428
7436,7427,7437
7111,7438,7099
7438,7428,7099
7438,7437,7428
7112,7439,7111
7111,7439,7438
7113,7439,7112
7430,7440,7429
7442,7441,7440
7441,7429,7440
7441,7431,7429
7431,7443,7432
7431,7441,7443
7432,7444,7433
7432,7443,7444
7445,7117,7106
7433,7445,7106
7444,7445,7433
7446,7118,7117
7446,7117,7445
7446,7120,7118
7447,7435,7436
7447,7436,7437
7447,7437,7448
7450,7449,7448
7437,7450,7448
7438,7450,7437
7451,7438,7439
7450,7438,7451
7125,7452,7113
7452,7439,7113
7452,7451,7439
7126,7453,7125
7125,7453,7452
7127,7453,7126
7442,7454,7441
7456,7455,7454
7455,7441,7454
7455,7443,7441
7443,7457,7444
7443,7455,7457
7444,7458,7445
7444,7457,7458
7445,7459,7446
7445,7458,7459
7460,7130,7120
7446,7460,7120
7459,7460,7446
7461,7131,7130
7461,7130,7460
7462,7132,7131
7462,7131,7461
7463,7133,7132
7463,7132,7462
7463,7135,7133
7464,7449,7450
7464,7450,7451
7464,7451,7465
7467,7466,7465
7451,7467,7465
7452,7467,7451
7468,7452,7453
7467,7452,7468
7137,7469,7127
7469,7453,7127
7469,7468,7453
7138,7470,7137
7137,7470,7469
7139,7471,7138
7138,7471,7470
7141,7471,7139
7456,7472,7455
7455,7472,7457
7457,7472,7473
7457,7473,7458
7458,7473,7474
7458,7474,7459
7459,7474,7475
7459,7475,7460
7460,7475,7476
7460,7476,7461
7461,7476,7477
7479,7478,7477
7478,7461,7477
7478,7462,7461
7462,7480,7463
7462,7478,7480
7481,7142,7135
7463,7481,7135
7480,7481,7463
7481,7144,7142
7482,7466,7467
7482,7467,7468
7482,7468,7483
7483,7468,7469
7483,7469,7484
7486,7485,7484
7469,7486,7484
7470,7486,7469
7487,7470,7471
7486,7470,7487
7149,7488,7141
7488,7471,7141
7488,7487,7471
7151,7488,7149
7479,7489,7478
7478,7489,7480
7480,7489,7490
7480,7490,7481
7481,7490,7491
7491,7493,7492
7491,7492,7152
7481,7491,7152
7144,7481,7152
7494,7153,7152
7494,7152,7492
7495,7154,7153
7495,7153,7494
7495,7156,7154
7496,7485,7486
7496,7486,7487
7496,7487,7497
7497,7487,7488
7497,7488,7498
7151,7169,7488
7169,7499,7488
7499,7498,7488
7499,7169,7500
7502,7501,7500
7500,7501,7499
7504,7503,7502
7502,7503,7501
7504,7505,7503
7493,7506,7492
7492,7506,7494
7494,7506,7507
7509,7508,7507
7508,7494,7507
7508,7495,7494
7510,7170,7156
7495,7510,7156
7508,7510,7495
7511,7171,7170
7511,7170,7510
7512,7172,7171
7512,7171,7511
7512,7174,7172
7184,7513,7500
7184,7500,7169
7500,7514,7502
7500,7513,7514
7502,7515,7504
7502,7514,7515
7505,7504,7516
7504,7517,7516
7504,7515,7517
7519,7518,7517
7517,7518,7516
7519,7520,7518
7509,7521,7508
7523,7522,7521
7522,7508,7521
7522,7510,7508
7510,7524,7511
7510,7522,7524
7511,7525,7512
7511,7524,7525
7526,7185,7174
7512,7526,7174
7525,7526,7512
7527,7186,7185
7527,7185,7526
7528,7187,7186
7528,7186,7527
7529,7188,7187
7529,7187,7528
7530,7189,7188
7530,7188,7529
7531,7190,7189
7531,7189,7530
7532,7191,7190
7532,7190,7531
7533,7192,7191
7533,7191,7532
7534,7193,7192
7534,7192,7533
7535,7194,7193
7535,7193,7534
7513,7184,7194
7535,7513,7194
7536,7513,7535
7513,7537,7514
7513,7536,7537
7514,7538,7515
7514,7537,7538
7515,7539,7517
7515,7538,7539
7541,7519,7540
7519,7539,7540
7519,7517,7539
7519,7541,7520
7523,7542,7522
7544,7543,7542
7543,7522,7542
7543,7524,7522
7524,7545,7525
7524,7543,7545
7525,7546,7526
7525,7545,7546
7526,7547,7527
7526,7546,7547
7527,7548,7528
7527,7547,7548
7528,7549,7529
7528,7548,7549
7529,7550,7530
7529,7549,7550
7530,7551,7531
7530,7550,7551
7531,7552,7532
7531,7551,7552
7532,7553,7533
7532,7552,7553
7533,7554,7534
7533,7553,7554
7534,7555,7535
7534,7554,7555
7535,7556,7536
7535,7555,7556
7536,7557,7537
7536,7556,7557
7559,7538,7558
7538,7557,7558
7538,7537,7557
7538,7559,7539
7539,7559,7560
7539,7560,7540
7544,7561,7543
7543,7561,7545
7545,7561,7562
7545,7562,7546
7546,7562,7563
7546,7563,7547
7547,7563,7564
7547,7564,7548
7548,7564,7565
7548,7565,7549
7549,7565,7566
7549,7566,7550
7550,7566,7567
7550,7567,7551
7551,7567,7568
7551,7568,7552
7552,7568,7569
7552,7569,7553
7553,7569,7570
7553,7570,7554
7554,7570,7571
7554,7571,7555
7555,7571,7572
7555,7572,7556
7556,7572,7573
7556,7573,7557
7557,7573,7574
7557,7574,7558
7577,7576,7575
7579,7578,7575
7575,7578,7577
7196,7197,7579
7197,7578,7579
7197,7580,7578
7581,7197,7198
7581,7580,7197
7582,7198,7200
7582,7581,7198
7583,7200,7202
7583,7582,7200
7584,7202,7204
7584,7583,7202
7586,7585,7206
7585,7204,7206
7585,7584,7204
7586,7587,7585
7590,7589,7588
7592,7591,7588
7588,7591,7590
7594,7593,7592
7592,7593,7591
7593,7594,7576
7576,7594,7575
7594,7208,7575
7208,7209,7575
7575,7209,7210
7575,7210,7579
7579,7210,7196
7211,7586,7206
7595,7587,7586
7211,7595,7586
7212,7595,7211
7212,7214,7595
7595,7214,7596
7599,7598,7597
7601,7600,7597
7597,7600,7599
7600,7601,7589
7589,7601,7588
7601,7216,7588
7216,7217,7588
7588,7217,7218
7588,7218,7592
7592,7218,7220
7592,7220,7594
7594,7220,7208
7222,7596,7214
7222,7602,7596
7604,7603,7225
7225,7603,7224
7605,7225,7226
7605,7604,7225
7606,7226,7227
7606,7605,7226
7607,7227,7228
7607,7606,7227
7608,7228,7229
7608,7607,7228
7609,7229,7230
7609,7608,7229
7610,7230,7231
7610,7609,7230
7611,7231,7232
7611,7610,7231
7612,7232,7233
7612,7611,7232
7613,7233,7235
7613,7612,7233
7614,7235,7237
7614,7613,7235
7615,7237,7239
7615,7614,7237
7241,7597,7598
7615,7241,7598
7239,7241,7615
7597,7241,7243
7597,7243,7601
7601,7243,7216
7244,7602,7222
7244,7616,7602
7618,7617,7246
7246,7617,7245
7246,7224,7603
7246,7603,7618
7247,7616,7244
7247,7619,7616
7617,7248,7245
7620,7248,7617
7249,7619,7247
7249,7621,7619
7620,7250,7248
7622,7250,7620
7624,7623,7251
7624,7251,7252
7249,7251,7621
7621,7251,7623
7622,7625,7250
7250,7625,7253
7254,7253,7625
7254,7625,7626
7255,7624,7252
7255,7627,7624
7626,7256,7254
7628,7256,7626
7257,7627,7255
7257,7629,7627
7628,7258,7256
7630,7258,7628
7259,7629,7257
7259,7631,7629
7260,7258,7632
7258,7633,7632
7258,7630,7633
7632,7261,7260
7262,7631,7259
7262,7634,7631
7633,7635,7632
7261,7632,7635
7636,7261,7635
7263,7261,7636
7264,7634,7262
7264,7637,7634
7636,7265,7263
7638,7265,7636
7266,7637,7264
7266,7639,7637
7638,7267,7265
7640,7267,7638
7268,7639,7266
7268,7641,7639
7640,7269,7267
7642,7269,7640
7270,7641,7268
7270,7643,7641
7642,7271,7269
7644,7271,7642
7270,7272,7645
7646,7270,7645
7643,7270,7646
7273,7645,7272
7644,7274,7271
7647,7274,7644
7648,7646,7645
7645,7273,7648
7273,7649,7648
7273,7275,7649
7647,7276,7274
7650,7276,7647
7277,7649,7275
7277,7651,7649
7650,7278,7276
7652,7278,7650
7279,7651,7277
7279,7653,7651
7655,7654,7282
7282,7654,7281
7282,7278,7652
7282,7652,7655
7283,7653,7279
7283,7656,7653
7654,7285,7281
7657,7285,7654
7658,7656,7283
7658,7283,7286
7286,7287,7658
7658,7287,7659
7657,7288,7285
7660,7288,7657
7289,7659,7287
7289,7661,7659
7660,7290,7288
7662,7290,7660
7291,7661,7289
7291,7663,7661
7662,7292,7290
7664,7292,7662
7293,7663,7291
7293,7665,7663
7664,7294,7292
7666,7294,7664
7667,7665,7293
7667,7293,7295
7295,7296,7667
7667,7296,7668
7671,7670,7669
7666,7671,7669
7297,7666,7669
7294,7666,7297
7298,7668,7296
7298,7672,7668
7669,7670,7300
7670,7299,7300
7670,7673,7299
7669,7300,7297
7302,7672,7298
7302,7674,7672
7673,7303,7299
7675,7303,7673
7302,7304,7676
7677,7302,7676
7674,7302,7677
7305,7676,7304
7675,7306,7303
7678,7306,7675
7677,7676,7679
7677,7679,7680
7307,7679,7305
7305,7679,7676
7678,7308,7306
7681,7308,7678
7680,7679,7682
7680,7682,7683
7309,7682,7307
7307,7682,7679
7681,7310,7308
7684,7310,7681
7683,7682,7685
7683,7685,7686
7311,7685,7309
7309,7685,7682
7684,7312,7310
7687,7312,7684
7690,7689,7688
7692,7691,7688
7692,7688,7689
7694,7693,7691
7694,7691,7692
7696,7695,7693
7696,7693,7694
7697,7695,7696
7686,7685,7314
7315,7686,7314
7698,7686,7315
7314,7685,7311
7687,7316,7312
7699,7316,7687
7702,7701,7700
7704,7703,7700
7704,7700,7701
7706,7705,7703
7706,7703,7704
7708,7707,7705
7708,7705,7706
7318,7319,7707
7708,7318,7707
7709,7318,7708
7318,7710,7321
7709,7710,7318
7321,7711,7323
7710,7711,7321
7323,7712,7325
7711,7712,7323
7325,7713,7327
7712,7713,7325
7327,7714,7329
7713,7714,7327
7329,7715,7331
7714,7715,7329
7688,7333,7690
7333,7715,7690
7333,7331,7715
7333,7688,7335
7335,7688,7691
7335,7691,7337
7337,7691,7693
7337,7693,7339
7339,7693,7695
7697,7716,7695
7716,7339,7695
7716,7341,7339
7718,7717,7342
7341,7718,7342
7716,7718,7341
7720,7719,7717
7720,7717,7718
7721,7719,7720
7724,7723,7722
7723,7698,7722
7698,7343,7722
7698,7315,7343
7726,7344,7725
7344,7699,7725
7344,7316,7699
7727,7726,7725
7730,7729,7728
7732,7731,7728
7732,7728,7729
7346,7347,7731
7732,7346,7731
7733,7346,7732
7700,7348,7702
7348,7733,7702
7348,7346,7733
7348,7700,7349
7349,7700,7703
7349,7703,7350
7350,7703,7705
7350,7705,7351
7351,7705,7707
7351,7707,7319
7717,7352,7342
7352,7717,7353
7353,7717,7719
7721,7734,7719
7734,7353,7719
7734,7354,7353
7736,7735,7355
7354,7736,7355
7734,7736,7354
7738,7737,7735
7738,7735,7736
7737,7738,7724
7737,7724,7722
7357,7737,7722
7356,7357,7722
7356,7722,7343
7726,7358,7344
7727,7739,7726
7739,7358,7726
7739,7360,7358
7741,7740,7361
7360,7741,7361
7739,7741,7360
7363,7364,7740
7741,7363,7740
7742,7363,7741
7728,7366,7730
7366,7742,7730
7366,7363,7742
7366,7728,7367
7367,7728,7731
7367,7731,7347
7735,7368,7355
7368,7735,7369
7369,7735,7737
7369,7737,7357
7740,7370,7361
7370,7740,7364
7743,7379,7380
7381,7744,7380
7380,7744,7743
7382,7745,7381
7381,7745,7744
7383,7746,7382
7382,7746,7745
7384,7746,7383
7749,7748,7747
7388,7389,7747
7389,7749,7747
7389,7750,7749
7389,7379,7743
7751,7389,7743
7750,7389,7751
7751,7743,7744
7751,7744,7752
7752,7744,7745
7752,7745,7753
7753,7745,7746
7753,7746,7754
7756,7754,7755
7755,7754,7390
7754,7746,7390
7746,7384,7390
7391,7757,7390
7390,7757,7755
7392,7757,7391
7760,7759,7758
7760,7758,7748
7748,7758,7747
7758,7396,7747
7396,7397,7747
7747,7397,7388
7761,7756,7755
7761,7755,7757
7761,7757,7762
7764,7762,7763
7763,7762,7398
7762,7757,7398
7757,7392,7398
7399,7763,7398
7767,7766,7765
7767,7765,7759
7759,7765,7758
7765,7403,7758
7403,7404,7758
7758,7404,7396
7768,7764,7763
7770,7768,7769
7769,7768,7406
7768,7763,7406
7763,7399,7406
7407,7771,7406
7406,7771,7769
7409,7771,7407
7765,7766,7772
7772,7766,7773
7772,7412,7403
7772,7403,7765
7774,7770,7769
7776,7775,7774
7769,7776,7774
7771,7776,7769
7414,7777,7409
7777,7771,7409
7777,7776,7771
7415,7777,7414
7780,7779,7778
7780,7778,7773
7773,7778,7772
7778,7419,7772
7419,7420,7772
7772,7420,7412
7781,7775,7776
7781,7776,7777
7781,7777,7782
7784,7782,7783
7783,7782,7423
7782,7777,7423
7777,7415,7423
7424,7785,7423
7423,7785,7783
7426,7785,7424
7778,7779,7786
7786,7779,7787
7786,7430,7419
7786,7419,7778
7788,7784,7783
7790,7789,7788
7783,7790,7788
7785,7790,7783
7434,7791,7426
7791,7785,7426
7791,7790,7785
7435,7791,7434
7786,7787,7792
7792,7787,7793
7794,7440,7430
7786,7794,7430
7792,7794,7786
7794,7442,7440
7795,7789,7790
7795,7790,7791
7795,7791,7796
7798,7796,7797
7797,7796,7447
7796,7791,7447
7791,7435,7447
7448,7799,7447
7447,7799,7797
7449,7799,7448
7792,7793,7800
7800,7793,7801
7792,7802,7794
7792,7800,7802
7803,7454,7442
7794,7803,7442
7802,7803,7794
7803,7456,7454
7804,7798,7797
7804,7797,7799
7804,7799,7805
7807,7805,7806
7806,7805,7464
7805,7799,7464
7799,7449,7464
7465,7808,7464
7464,7808,7806
7466,7808,7465
7801,7809,7800
7811,7810,7809
7810,7800,7809
7810,7802,7800
7802,7812,7803
7802,7810,7812
7813,7472,7456
7803,7813,7456
7812,7813,7803
7814,7473,7472
7814,7472,7813
7815,7474,7473
7815,7473,7814
7816,7475,7474
7816,7474,7815
7817,7476,7475
7817,7475,7816
7818,7477,7476
7818,7476,7817
7818,7479,7477
7819,7807,7806
7821,7820,7819
7806,7821,7819
7808,7821,7806
7482,7822,7466
7822,7808,7466
7822,7821,7808
7483,7823,7482
7482,7823,7822
7484,7824,7483
7483,7824,7823
7485,7824,7484
7811,7825,7810
7810,7825,7812
7812,7825,7826
7812,7826,7813
7813,7826,7827
7813,7827,7814
7814,7827,7828
7814,7828,7815
7815,7828,7829
7815,7829,7816
7816,7829,7830
7816,7830,7817
7817,7830,7831
7833,7832,7831
7832,7817,7831
7832,7818,7817
7834,7489,7479
7818,7834,7479
7832,7834,7818
7835,7490,7489
7835,7489,7834
7836,7491,7490
7836,7490,7835
7836,7493,7491
7837,7820,7821
7837,7821,7822
7837,7822,7838
7838,7822,7823
7838,7823,7839
7839,7823,7824
7839,7824,7840
7840,7824,7485
7496,7840,7485
7841,7840,7496
7842,7496,7497
7842,7841,7496
7843,7497,7498
7843,7842,7497
7844,7498,7499
7844,7843,7498
7845,7499,7501
7845,7844,7499
7846,7501,7503
7846,7845,7501
7848,7847,7505
7847,7503,7505
7847,7846,7503
7850,7849,7848
7848,7849,7847
7852,7851,7850
7850,7851,7849
7854,7853,7852
7852,7853,7851
7856,7855,7854
7854,7855,7853
7856,7857,7855
7833,7858,7832
7832,7858,7834
7834,7858,7859
7834,7859,7835
7835,7859,7860
7862,7861,7860
7861,7835,7860
7861,7836,7835
7863,7506,7493
7836,7863,7493
7861,7863,7836
7864,7507,7506
7864,7506,7863
7864,7509,7507
7516,7848,7505
7848,7516,7518
7848,7518,7850
7850,7518,7520
7865,7850,7520
7852,7850,7865
7852,7866,7854
7852,7865,7866
7854,7867,7856
7854,7866,7867
7857,7856,7868
7856,7869,7868
7856,7867,7869
7871,7870,7869
7869,7870,7868
7871,7872,7870
7862,7873,7861
7861,7873,7863
7863,7873,7874
7876,7875,7874
7875,7863,7874
7875,7864,7863
7877,7521,7509
7864,7877,7509
7875,7877,7864
7877,7523,7521
7540,7878,7541
7865,7520,7541
7878,7865,7541
7879,7865,7878
7865,7880,7866
7865,7879,7880
7866,7881,7867
7866,7880,7881
7867,7882,7869
7867,7881,7882
7869,7883,7871
7869,7882,7883
7872,7871,7884
7884,7871,7883
7876,7885,7875
7875,7885,7877
7877,7885,7886
7886,7888,7887
7886,7887,7542
7877,7886,7542
7523,7877,7542
7887,7544,7542
7558,7889,7559
7890,7560,7559
7890,7559,7889
7878,7540,7560
7890,7878,7560
7891,7878,7890
7878,7892,7879
7878,7891,7892
7879,7893,7880
7879,7892,7893
7880,7894,7881
7880,7893,7894
7896,7882,7895
7882,7894,7895
7882,7881,7894
7882,7896,7883
7883,7896,7897
7883,7897,7884
7888,7898,7887
7898,7900,7899
7898,7899,7561
7887,7898,7561
7544,7887,7561
7901,7562,7561
7901,7561,7899
7902,7563,7562
7902,7562,7901
7903,7564,7563
7903,7563,7902
7904,7565,7564
7904,7564,7903
7905,7566,7565
7905,7565,7904
7906,7567,7566
7906,7566,7905
7907,7568,7567
7907,7567,7906
7908,7569,7568
7908,7568,7907
7909,7570,7569
7909,7569,7908
7910,7571,7570
7910,7570,7909
7911,7572,7571
7911,7571,7910
7912,7573,7572
7912,7572,7911
7913,7574,7573
7913,7573,7912
7889,7558,7574
7913,7889,7574
7914,7889,7913
7889,7915,7890
7889,7914,7915
7890,7916,7891
7890,7915,7916
7891,7917,7892
7891,7916,7917
7919,7893,7918
7893,7917,7918
7893,7892,7917
7893,7919,7894
7894,7919,7920
7894,7920,7895
7900,7921,7899
7923,7922,7921
7922,7899,7921
7922,7901,7899
7901,7924,7902
7901,7922,7924
7902,7925,7903
7902,7924,7925
7903,7926,7904
7903,7925,7926
7904,7927,7905
7904,7926,7927
7905,7928,7906
7905,7927,7928
7906,7929,7907
7906,7928,7929
7907,7930,7908
7907,7929,7930
7908,7931,7909
7908,7930,7931
7909,7932,7910
7909,7931,7932
7910,7933,7911
7910,7932,7933
7911,7934,7912
7911,7933,7934
7912,7935,7913
7912,7934,7935
7913,7936,7914
7913,7935,7936
7914,7937,7915
7914,7936,7937
7939,7916,7938
7916,7937,7938
7916,7915,7937
7916,7939,7917
7917,7939,7940
7917,7940,7918
7923,7941,7922
7922,7941,7924
7924,7941,7942
7924,7942,7925
7925,7942,7943
7925,7943,7926
7926,7943,7944
7926,7944,7927
7927,7944,7945
7927,7945,7928
7928,7945,7946
7928,7946,7929
7929,7946,7947
7929,7947,7930
7930,7947,7948
7930,7948,7931
7931,7948,7949
7931,7949,7932
7932,7949,7950
7932,7950,7933
7933,7950,7951
7933,7951,7934
7934,7951,7952
7934,7952,7935
7935,7952,7953
7935,7953,7936
7936,7953,7954
7936,7954,7937
7937,7954,7955
7937,7955,7938
7958,7957,7956
7960,7959,7956
7956,7959,7958
7962,7961,7960
7960,7961,7959
7962,7963,7961
7966,7965,7964
7968,7967,7964
7964,7967,7966
7967,7968,7957
7968,7956,7957
7968,7969,7956
7956,7970,7960
7956,7969,7970
7960,7971,7962
7960,7970,7971
7963,7962,7972
7962,7973,7972
7962,7971,7973
7975,7974,7973
7973,7974,7972
7977,7976,7975
7975,7976,7974
7977,7978,7976
7981,7980,7979
7983,7982,7979
7979,7982,7981
7982,7983,7965
7983,7964,7965
7983,7984,7964
7964,7985,7968
7964,7984,7985
7985,7576,7577
7969,7985,7577
7968,7985,7969
7969,7577,7578
7969,7578,7970
7970,7578,7580
7970,7580,7971
7971,7580,7581
7971,7581,7973
7973,7581,7582
7973,7582,7975
7975,7582,7583
7975,7583,7977
7986,7978,7977
7583,7986,7977
7584,7986,7583
7987,7584,7585
7987,7986,7584
7585,7587,7987
7987,7587,7988
7991,7990,7989
7993,7992,7989
7989,7992,7991
7992,7993,7980
7993,7979,7980
7993,7994,7979
7994,7589,7590
7983,7994,7590
7979,7994,7983
7983,7590,7591
7983,7591,7984
7984,7591,7593
7984,7593,7985
7985,7593,7576
7995,7988,7587
7995,7587,7595
7595,7596,7995
7995,7596,7996
7999,7998,7997
8001,8000,7997
7997,8000,7999
8003,8002,8001
8001,8002,8000
8002,8003,7990
8003,7989,7990
8003,8004,7989
8004,7598,7599
7993,8004,7599
7989,8004,7993
7993,7599,7600
7993,7600,7994
7994,7600,7589
7602,7996,7596
7602,8005,7996
8007,8006,7604
7604,8006,7603
8008,7604,7605
8008,8007,7604
8009,7605,7606
8009,8008,7605
8010,7606,7607
8010,8009,7606
8011,7607,7608
8011,8010,7607
8012,7608,7609
8012,8011,7608
8013,7609,7610
8013,8012,7609
8014,7610,7611
8014,8013,7610
7612,7997,7998
8014,7612,7998
7611,7612,8014
7997,7612,7613
7997,7613,8001
8001,7613,7614
8001,7614,8003
8003,7614,7615
8003,7615,8004
8004,7615,7598
7616,8005,7602
7616,8015,8005
8017,8016,7618
7618,8016,7617
7618,7603,8006
7618,8006,8017
7619,8015,7616
7619,8018,8015
8016,7620,7617
8019,7620,8016
8022,8021,8020
8021,8018,8020
8018,7621,8020
8018,7619,7621
8019,7622,7620
8023,7622,8019
8022,8020,7623
7624,8022,7623
8024,8022,7624
7623,8020,7621
7625,7622,8025
7622,8026,8025
7622,8023,8026
8025,7626,7625
7627,8024,7624
7627,8027,8024
8026,8028,8025
7626,8025,8028
8029,7626,8028
7628,7626,8029
7629,8027,7627
7629,8030,8027
8029,7630,7628
8031,7630,8029
7631,8030,7629
7631,8032,8030
8031,7633,7630
8033,7633,8031
8036,8035,8034
8035,8032,8034
8032,7634,8034
8032,7631,7634
7635,7633,8037
7633,8038,8037
7633,8033,8038
8037,7636,7635
8039,8036,8034
8034,7634,8039
7634,8040,8039
7634,7637,8040
8037,8038,8041
8041,8038,8042
8041,7638,7636
8041,7636,8037
7639,8040,7637
7639,8043,8040
8042,8044,8041
7638,8041,8044
8045,7638,8044
7640,7638,8045
7641,8043,7639
7641,8046,8043
8045,7642,7640
8047,7642,8045
7643,8046,7641
7643,8048,8046
8047,7644,7642
8049,7644,8047
7646,8048,7643
7646,8050,8048
8049,7647,7644
8051,7647,8049
8052,8050,7646
8052,7646,7648
7648,7649,8052
8052,7649,8053
8056,8055,8054
8051,8056,8054
7650,8051,8054
7647,8051,7650
7651,8053,7649
7651,8057,8053
8054,8055,8058
8058,8055,8059
8058,7652,7650
8058,7650,8054
7653,8057,7651
7653,8060,8057
8058,8059,7655
8059,7654,7655
8059,8061,7654
8058,7655,7652
7656,8063,8062
8060,7656,8062
7653,7656,8060
8063,8064,8062
8061,7657,7654
8065,7657,8061
7658,8063,7656
7658,7659,8063
7659,8064,8063
7659,8066,8064
8065,7660,7657
8067,7660,8065
7661,8066,7659
7661,8068,8066
8067,7662,7660
8069,7662,8067
7663,8068,7661
7663,8070,8068
8069,7664,7662
8071,7664,8069
7665,8073,8072
8070,7665,8072
7663,7665,8070
8073,8074,8072
8077,8076,8075
8071,8077,8075
7666,8071,8075
7664,8071,7666
7667,8073,7665
7667,7668,8073
7668,8074,8073
7668,8078,8074
8075,8076,7671
8076,7670,7671
8076,8079,7670
8075,7671,7666
7672,8078,7668
7672,8080,8078
8079,7673,7670
8081,7673,8079
7674,8080,7672
7674,8082,8080
8081,7675,7673
8083,7675,8081
7677,8082,7674
7677,8084,8082
8083,7678,7675
8085,7678,8083
7680,8084,7677
7680,8086,8084
8085,7681,7678
8087,7681,8085
7683,8086,7680
7683,8088,8086
8087,7684,7681
8089,7684,8087
8092,8091,8090
8094,8093,8090
8094,8090,8091
8096,8095,8093
8096,8093,8094
8098,8097,8095
8098,8095,8096
8100,8099,8097
8100,8097,8098
8102,8101,8099
8102,8099,8100
8104,8103,8101
8104,8101,8102
8106,8105,8103
8106,8103,8104
8108,8107,8105
8108,8105,8106
8110,8109,8107
8110,8107,8108
8112,8111,8109
8112,8109,8110
8114,8113,8111
8114,8111,8112
8115,8113,8114
7686,8088,7683
7686,8116,8088
8089,7687,7684
8117,7687,8089
8120,8119,8118
8122,8121,8118
8122,8118,8119
8124,8123,8121
8124,8121,8122
8126,8125,8123
8126,8123,8124
8125,8126,8092
8090,8125,8092
8127,8125,8090
8128,8090,8093
8127,8090,8128
8129,8093,8095
8128,8093,8129
8130,8095,8097
8129,8095,8130
8131,8097,8099
8130,8097,8131
8132,8099,8101
8131,8099,8132
8133,8101,8103
8132,8101,8133
7690,8133,7689
8133,8105,7689
8133,8103,8105
7689,8105,7692
7692,8105,8107
7692,8107,7694
7694,8107,8109
7694,8109,7696
7696,8109,8111
7696,8111,7697
8111,8134,7697
8111,8113,8134
8113,8115,8135
8136,8113,8135
8134,8113,8136
8138,8137,8136
8138,8136,8135
8139,8137,8138
8142,8141,8140
8141,8116,8140
8116,7698,8140
8116,7686,7698
8144,7699,8143
7699,8117,8143
7699,7687,8117
8145,8144,8143
8148,8147,8146
8150,8149,8146
8150,8146,8147
8152,8151,8149
8152,8149,8150
8151,8152,8120
8151,8120,8118
7702,8151,8118
7701,7702,8118
7701,8118,7704
7704,8118,8121
7704,8121,7706
7706,8121,8123
7706,8123,7708
7708,8123,8125
7708,8125,7709
7709,8125,8127
7709,8127,7710
7710,8127,8128
7710,8128,7711
7711,8128,8129
7711,8129,7712
7712,8129,8130
7712,8130,7713
7713,8130,8131
7713,8131,7714
7714,8131,8132
7714,8132,7715
7715,8132,8133
7715,8133,7690
8134,7716,7697
7716,8134,7718
7718,8134,8136
7718,8136,7720
7720,8136,8137
8154,8153,7721
8154,7721,7720
8139,8154,7720
8137,8139,7720
8156,8155,8153
8156,8153,8154
8158,8157,8155
8158,8155,8156
8157,8158,8142
8157,8142,8140
7724,8157,8140
7723,7724,8140
7723,8140,7698
8144,7725,7699
8160,8159,7727
8160,7727,7725
8145,8160,7725
8144,8145,7725
8162,8161,8159
8162,8159,8160
8164,8163,8161
8164,8161,8162
8163,8164,8148
8163,8148,8146
7730,8163,8146
7729,7730,8146
7729,8146,7732
7732,8146,8149
7732,8149,7733
7733,8149,8151
7733,8151,7702
8153,7734,7721
7734,8153,7736
7736,8153,8155
7736,8155,7738
7738,8155,8157
7738,8157,7724
8159,7739,7727
7739,8159,7741
7741,8159,8161
7741,8161,7742
7742,8161,8163
7742,8163,7730
8165,7748,7749
7750,8166,7749
7749,8166,8165
7751,8167,7750
7750,8167,8166
7752,8168,7751
7751,8168,8167
7753,8169,7752
7752,8169,8168
7754,8170,7753
7753,8170,8169
7756,8170,7754
8172,8171,7760
7760,8171,7759
7760,7748,8165
8173,7760,8165
8172,7760,8173
8173,8165,8166
8173,8166,8174
8174,8166,8167
8174,8167,8175
8175,8167,8168
8175,8168,8176
8176,8168,8169
8176,8169,8177
8177,8169,8170
8177,8170,8178
8180,8178,8179
8179,8178,7761
8178,8170,7761
8170,7756,7761
7762,8181,7761
7761,8181,8179
7764,8181,7762
8183,8182,7767
7767,8182,7766
7767,7759,8171
7767,8171,8183
8184,8180,8179
8184,8179,8181
8184,8181,8185
8187,8185,8186
8186,8185,7768
8185,8181,7768
8181,7764,7768
7770,8186,7768
8190,8189,8188
8182,8190,8188
7773,8182,8188
7766,8182,7773
8191,8187,8186
8191,8186,7770
7774,8191,7770
8192,8191,7774
7774,7775,8192
8192,7775,8193
8188,8189,7780
8189,7779,7780
8189,8194,7779
8188,7780,7773
8195,8193,7775
8195,7775,7781
8197,8195,8196
8195,7782,8196
8195,7781,7782
7784,8196,7782
8200,8199,8198
8194,8200,8198
7787,8194,8198
7779,8194,7787
8201,8197,8196
8201,8196,7784
7788,8201,7784
8202,8201,7788
7788,7789,8202
8202,7789,8203
8198,8199,8204
8204,8199,8205
8204,7793,7787
8204,7787,8198
8206,8203,7789
8206,7789,7795
8207,7795,7796
8207,8206,7795
7796,7798,8207
8207,7798,8208
8211,8210,8209
8211,8209,8205
8209,8204,8205
8209,8212,8204
8212,7801,7793
8212,7793,8204
8213,8208,7798
8213,7798,7804
8214,7804,7805
8214,8213,7804
7805,7807,8214
8214,7807,8215
8210,8216,8209
8218,8217,8216
8217,8209,8216
8217,8212,8209
8219,7809,7801
8212,8219,7801
8217,8219,8212
8219,7811,7809
8220,8215,7807
8220,7807,7819
7819,7820,8220
8220,7820,8221
8224,8223,8222
8226,8225,8222
8222,8225,8224
8228,8227,8226
8226,8227,8225
8230,8229,8228
8228,8229,8227
8232,8231,8230
8230,8231,8229
8232,8233,8231
8218,8234,8217
8236,8235,8234
8235,8217,8234
8235,8219,8217
8237,7825,7811
8219,8237,7811
8235,8237,8219
8238,7826,7825
8238,7825,8237
8239,7827,7826
8239,7826,8238
8240,7828,7827
8240,7827,8239
8241,7829,7828
8241,7828,8240
8242,7830,7829
8242,7829,8241
8243,7831,7830
8243,7830,8242
8243,7833,7831
8244,8221,7820
8244,7820,7837
8245,7837,7838
8245,8244,7837
8246,7838,7839
8246,8245,7838
8247,7839,7840
8247,8246,7839
8248,7840,7841
8248,8247,7840
8249,7841,7842
8249,8248,7841
8250,7842,7843
8250,8249,7842
8251,7843,7844
8251,8250,7843
8252,7844,7845
8252,8251,7844
8253,7845,7846
8253,8252,7845
7847,8222,8223
8253,7847,8223
7846,7847,8253
8222,7847,7849
8222,7849,8226
8226,7849,7851
8226,7851,8228
8228,7851,7853
8228,7853,8230
8230,7853,7855
8230,7855,8232
8255,8254,7857
7857,8254,7855
8254,8233,7855
8233,8232,7855
8257,8256,8255
8255,8256,8254
8259,8258,8257
8257,8258,8256
8259,8260,8258
8236,8261,8235
8235,8261,8237
8237,8261,8262
8237,8262,8238
8238,8262,8263
8265,8264,8263
8264,8238,8263
8264,8239,8238
8239,8266,8240
8239,8264,8266
8240,8267,8241
8240,8266,8267
8241,8268,8242
8241,8267,8268
8242,8269,8243
8242,8268,8269
8270,7858,7833
8243,8270,7833
8269,8270,8243
8271,7859,7858
8271,7858,8270
8272,7860,7859
8272,7859,8271
8272,7862,7860
7868,8255,7857
8255,7868,7870
8255,7870,8257
8257,7870,7872
8273,8257,7872
8259,8257,8273
8260,8259,8274
8259,8275,8274
8259,8273,8275
8275,8276,8274
8265,8277,8264
8264,8277,8266
8266,8277,8278
8280,8279,8278
8279,8266,8278
8279,8267,8266
8267,8281,8268
8267,8279,8281
8268,8282,8269
8268,8281,8282
8269,8283,8270
8269,8282,8283
8270,8284,8271
8270,8283,8284
8271,8285,8272
8271,8284,8285
8286,7873,7862
8272,8286,7862
8285,8286,8272
8287,7874,7873
8287,7873,8286
8287,7876,7874
7884,8288,8273
7884,8273,7872
8290,8275,8289
8275,8288,8289
8275,8273,8288
8275,8290,8276
8280,8291,8279
8279,8291,8281
8281,8291,8292
8281,8292,8282
8282,8292,8293
8282,8293,8283
8283,8293,8294
8283,8294,8284
8284,8294,8295
8284,8295,8285
8285,8295,8296
8285,8296,8286
8286,8296,8297
8286,8297,8287
8287,8297,8298
8298,8300,8299
8298,8299,7885
8287,8298,7885
7876,8287,7885
8301,7886,7885
8301,7885,8299
8301,7888,7886
7895,8302,7896
8303,7897,7896
8303,7896,8302
8303,8304,7897
7897,8304,7884
8304,8305,7884
8305,8288,7884
8288,8305,8289
8300,8306,8299
8308,8307,8306
8307,8299,8306
8307,8301,8299
8309,7898,7888
8301,8309,7888
8307,8309,8301
8309,7900,7898
7918,8310,7919
8311,7920,7919
8311,7919,8310
8302,7895,7920
8311,8302,7920
8312,8302,8311
8314,8303,8313
8303,8312,8313
8303,8302,8312
8303,8314,8304
8308,8315,8307
8307,8315,8309
8309,8315,8316
8316,8318,8317
8316,8317,7921
8309,8316,7921
7900,8309,7921
8317,7923,7921
7938,8319,7939
8320,7940,7939
8320,7939,8319
8310,7918,7940
8320,8310,7940
8321,8310,8320
8310,8322,8311
8310,8321,8322
8324,8312,8323
8312,8322,8323
8312,8311,8322
8312,8324,8313
8318,8325,8317
8325,8327,8326
8325,8326,7941
8317,8325,7941
7923,8317,7941
8328,7942,7941
8328,7941,8326
8329,7943,7942
8329,7942,8328
8330,7944,7943
8330,7943,8329
8331,7945,7944
8331,7944,8330
8332,7946,7945
8332,7945,8331
8333,7947,7946
8333,7946,8332
8334,7948,7947
8334,7947,8333
8335,7949,7948
8335,7948,8334
8336,7950,7949
8336,7949,8335
8337,7951,7950
8337,7950,8336
8338,7952,7951
8338,7951,8337
8339,7953,7952
8339,7952,8338
8340,7954,7953
8340,7953,8339
8341,7955,7954
8341,7954,8340
8319,7938,7955
8341,8319,7955
8342,8319,8341
8319,8343,8320
8319,8342,8343
8320,8344,8321
8320,8343,8344
8346,8322,8345
8322,8344,8345
8322,8321,8344
8322,8346,8323
8327,8347,8326
8326,8347,8328
8328,8347,8348
8350,8349,8348
8349,8328,8348
8349,8329,8328
8329,8351,8330
8329,8349,8351
8330,8352,8331
8330,8351,8352
8331,8353,8332
8331,8352,8353
8332,8354,8333
8332,8353,8354
8333,8355,8334
8333,8354,8355
8334,8356,8335
8334,8355,8356
8335,8357,8336
8335,8356,8357
8336,8358,8337
8336,8357,8358
8337,8359,8338
8337,8358,8359
8338,8360,8339
8338,8359,8360
8339,8361,8340
8339,8360,8361
8340,8362,8341
8340,8361,8362
8341,8363,8342
8341,8362,8363
8365,8343,8364
8343,8363,8364
8343,8342,8363
8343,8365,8344
8344,8365,8366
8344,8366,8345
8350,8367,8349
8349,8367,8351
8351,8367,8368
8351,8368,8352
8352,8368,8369
8371,8370,8369
8370,8352,8369
8370,8353,8352
8353,8372,8354
8353,8370,8372
8354,8373,8355
8354,8372,8373
8355,8374,8356
8355,8373,8374
8356,8375,8357
8356,8374,8375
8357,8376,8358
8357,8375,8376
8358,8377,8359
8358,8376,8377
8359,8378,8360
8359,8377,8378
8360,8379,8361
8360,8378,8379
8361,8380,8362
8361,8379,8380
8382,8363,8381
8363,8380,8381
8363,8362,8380
8363,8382,8364
8371,8383,8370
8370,8383,8372
8372,8383,8384
8386,8385,8384
8385,8372,8384
8385,8373,8372
8373,8387,8374
8373,8385,8387
8374,8388,8375
8374,8387,8388
8375,8389,8376
8375,8388,8389
8376,8390,8377
8376,8389,8390
8377,8391,8378
8377,8390,8391
8378,8392,8379
8378,8391,8392
8394,8380,8393
8380,8392,8393
8380,8379,8392
8380,8394,8381
8385,8386,8395
8395,8386,8396
8385,8397,8387
8385,8395,8397
8387,8398,8388
8387,8397,8398
8388,8399,8389
8388,8398,8399
8389,8400,8390
8389,8399,8400
8390,8401,8391
8390,8400,8401
8391,8402,8392
8391,8401,8402
8393,8392,8403
8403,8392,8402
8395,8396,8404
8404,8396,8405
8395,8406,8397
8395,8404,8406
8397,8407,8398
8397,8406,8407
8398,8408,8399
8398,8407,8408
8399,8409,8400
8399,8408,8409
8400,8410,8401
8400,8409,8410
8401,8411,8402
8401,8410,8411
8403,8402,8412
8412,8402,8411
8404,8405,8413
8413,8405,8414
8404,8415,8406
8404,8413,8415
8406,8416,8407
8406,8415,8416
8407,8417,8408
8407,8416,8417
8408,8418,8409
8408,8417,8418
8409,8419,8410
8409,8418,8419
8410,8420,8411
8410,8419,8420
8412,8411,8421
8411,8422,8421
8411,8420,8422
8422,8423,8421
8426,8425,8424
8426,8424,8414
8424,8413,8414
8424,8427,8413
8413,8428,8415
8413,8427,8428
8415,8429,8416
8415,8428,8429
8429,7957,7958
8417,8429,7958
8416,8429,8417
8417,7958,7959
8417,7959,8418
8418,7959,7961
8418,7961,8419
8419,7961,7963
8430,8419,7963
8420,8419,8430
8420,8431,8422
8420,8430,8431
8423,8422,8432
8432,8422,8431
8435,8434,8433
8435,8433,8425
8433,8424,8425
8433,8436,8424
8424,8437,8427
8424,8436,8437
8437,7965,7966
8428,8437,7966
8427,8437,8428
8428,7966,7967
8428,7967,8429
8429,7967,7957
7972,8430,7963
8430,7972,7974
8430,7974,8431
8438,8432,8431
7974,8438,8431
7976,8438,7974
7976,7978,8438
8438,7978,8439
8442,8441,8440
8442,8440,8434
8440,8433,8434
8440,8443,8433
8443,7980,7981
8436,8443,7981
8433,8443,8436
8436,7981,7982
8436,7982,8437
8437,7982,7965
8444,8439,7978
8444,7978,7986
8446,8444,8445
8444,7987,8445
8444,7986,7987
7988,8445,7987
8449,8448,8447
8449,8447,8441
8441,8447,8440
8447,7990,8440
7990,7991,8440
8440,7991,7992
8440,7992,8443
8443,7992,7980
8450,8446,8445
8452,8450,8451
8451,8450,7995
8450,8445,7995
8445,7988,7995
7996,8451,7995
8455,8454,8453
7998,7999,8453
7999,8455,8453
7999,8456,8455
8457,7999,8000
8457,8456,7999
8002,8447,8448
8457,8002,8448
8000,8002,8457
8447,8002,7990
8458,8452,8451
8451,7996,8458
7996,8459,8458
7996,8005,8459
8461,8460,8007
8007,8460,8006
8462,8007,8008
8462,8461,8007
8463,8008,8009
8463,8462,8008
8464,8009,8010
8464,8463,8009
8465,8010,8011
8465,8464,8010
8466,8011,8012
8466,8465,8011
8467,8012,8013
8467,8466,8012
8014,8453,8454
8467,8014,8454
8013,8014,8467
8453,8014,7998
8015,8459,8005
8015,8468,8459
8470,8469,8017
8017,8469,8016
8017,8006,8460
8017,8460,8470
8018,8468,8015
8018,8471,8468
8469,8019,8016
8472,8019,8469
8474,8473,8021
8474,8021,8022
8018,8021,8471
8471,8021,8473
8472,8023,8019
8475,8023,8472
8024,8474,8022
8024,8476,8474
8475,8026,8023
8477,8026,8475
8027,8476,8024
8027,8478,8476
8028,8026,8479
8026,8480,8479
8026,8477,8480
8479,8029,8028
8030,8478,8027
8030,8481,8478
8479,8480,8482
8482,8480,8483
8482,8031,8029
8482,8029,8479
8032,8481,8030
8032,8484,8481
8483,8485,8482
8031,8482,8485
8486,8031,8485
8033,8031,8486
8488,8487,8035
8488,8035,8036
8032,8035,8484
8484,8035,8487
8486,8038,8033
8489,8038,8486
8036,8039,8490
8491,8036,8490
8488,8036,8491
8040,8490,8039
8489,8042,8038
8492,8042,8489
8493,8491,8490
8490,8040,8493
8040,8494,8493
8040,8043,8494
8044,8042,8495
8042,8496,8495
8042,8492,8496
8495,8045,8044
8046,8494,8043
8046,8497,8494
8495,8496,8498
8498,8496,8499
8498,8047,8045
8498,8045,8495
8048,8497,8046
8048,8500,8497
8498,8499,8501
8501,8499,8502
8501,8049,8047
8501,8047,8498
8050,8500,8048
8050,8503,8500
8501,8502,8504
8504,8502,8505
8504,8051,8049
8504,8049,8501
8506,8503,8050
8506,8050,8052
8052,8053,8506
8506,8053,8507
8504,8505,8056
8505,8055,8056
8505,8508,8055
8504,8056,8051
8057,8507,8053
8057,8509,8507
8508,8059,8055
8510,8059,8508
8060,8509,8057
8060,8511,8509
8510,8061,8059
8512,8061,8510
8513,8511,8060
8513,8060,8062
8062,8064,8513
8513,8064,8514
8512,8065,8061
8515,8065,8512
8066,8514,8064
8066,8516,8514
8515,8067,8065
8517,8067,8515
8068,8516,8066
8068,8518,8516
8521,8520,8519
8517,8521,8519
8069,8517,8519
8067,8517,8069
8070,8518,8068
8070,8522,8518
8519,8520,8523
8523,8520,8524
8523,8071,8069
8523,8069,8519
8525,8522,8070
8525,8070,8072
8072,8074,8525
8525,8074,8526
8523,8524,8077
8524,8076,8077
8524,8527,8076
8523,8077,8071
8078,8526,8074
8078,8528,8526
8527,8079,8076
8529,8079,8527
8080,8528,8078
8080,8530,8528
8529,8081,8079
8531,8081,8529
8082,8530,8080
8082,8532,8530
8531,8083,8081
8533,8083,8531
8084,8532,8082
8084,8534,8532
8533,8085,8083
8535,8085,8533
8538,8537,8536
8540,8539,8536
8540,8536,8537
8541,8539,8540
8086,8534,8084
8086,8542,8534
8535,8087,8085
8543,8087,8535
8546,8545,8544
8548,8547,8544
8548,8544,8545
8550,8549,8547
8550,8547,8548
8552,8551,8549
8552,8549,8550
8554,8553,8551
8554,8551,8552
8556,8555,8553
8556,8553,8554
8558,8557,8555
8558,8555,8556
8560,8559,8557
8560,8557,8558
8559,8560,8538
8536,8559,8538
8561,8559,8536
8562,8536,8539
8561,8536,8562
8539,8541,8563
8564,8539,8563
8562,8539,8564
8566,8565,8564
8566,8564,8563
8568,8567,8565
8568,8565,8566
8569,8567,8568
8572,8571,8570
8571,8542,8570
8542,8088,8570
8542,8086,8088
8543,8089,8087
8573,8089,8543
8576,8575,8574
8578,8577,8574
8578,8574,8575
8580,8579,8577
8580,8577,8578
8582,8581,8579
8582,8579,8580
8581,8582,8546
8544,8581,8546
8583,8581,8544
8092,8583,8091
8583,8547,8091
8583,8544,8547
8091,8547,8094
8094,8547,8549
8094,8549,8096
8096,8549,8551
8096,8551,8098
8098,8551,8553
8098,8553,8100
8100,8553,8555
8100,8555,8102
8102,8555,8557
8102,8557,8104
8104,8557,8559
8104,8559,8106
8106,8559,8561
8106,8561,8108
8108,8561,8562
8108,8562,8110
8110,8562,8564
8110,8564,8112
8112,8564,8565
8112,8565,8114
8114,8565,8567
8585,8584,8115
8585,8115,8114
8569,8585,8114
8567,8569,8114
8587,8586,8584
8587,8584,8585
8588,8586,8587
8572,8570,8589
8572,8589,8590
8116,8589,8088
8088,8589,8570
8592,8117,8591
8117,8573,8591
8117,8089,8573
8593,8592,8591
8596,8595,8594
8598,8597,8594
8598,8594,8595
8597,8598,8576
8574,8597,8576
8599,8597,8574
8120,8599,8119
8599,8577,8119
8599,8574,8577
8119,8577,8122
8122,8577,8579
8122,8579,8124
8124,8579,8581
8124,8581,8126
8126,8581,8583
8126,8583,8092
8584,8135,8115
8135,8584,8138
8138,8584,8586
8601,8600,8139
8601,8139,8138
8588,8601,8138
8586,8588,8138
8603,8602,8600
8603,8600,8601
8605,8604,8602
8605,8602,8603
8604,8605,8590
8604,8590,8589
8142,8604,8589
8141,8142,8589
8141,8589,8116
8592,8143,8117
8607,8606,8145
8607,8145,8143
8593,8607,8143
8592,8593,8143
8609,8608,8606
8609,8606,8607
8611,8610,8608
8611,8608,8609
8610,8611,8596
8610,8596,8594
8148,8610,8594
8147,8148,8594
8147,8594,8150
8150,8594,8597
8150,8597,8152
8152,8597,8599
8152,8599,8120
8600,8154,8139
8154,8600,8156
8156,8600,8602
8156,8602,8158
8158,8602,8604
8158,8604,8142
8606,8160,8145
8160,8606,8162
8162,8606,8608
8162,8608,8164
8164,8608,8610
8164,8610,8148
8612,8171,8172
8612,8172,8613
8172,8614,8613
8172,8173,8614
8615,8173,8174
8615,8614,8173
8616,8174,8175
8616,8615,8174
8617,8175,8176
8617,8616,8175
8618,8176,8177
8618,8617,8176
8620,8618,8619
8618,8178,8619
8618,8177,8178
8180,8619,8178
8622,8621,8183
8183,8621,8182
8183,8171,8612
8623,8183,8612
8622,8183,8623
8623,8612,8613
8624,8620,8619
8624,8619,8180
8184,8624,8180
8625,8624,8184
8626,8184,8185
8626,8625,8184
8185,8187,8626
8626,8187,8627
8630,8629,8628
8189,8190,8628
8190,8630,8628
8190,8631,8630
8190,8182,8621
8190,8621,8631
8632,8627,8187
8632,8187,8191
8634,8632,8633
8632,8192,8633
8632,8191,8192
8193,8633,8192
8637,8636,8635
8637,8635,8629
8635,8628,8629
8635,8638,8628
8638,8194,8189
8638,8189,8628
8639,8634,8633
8639,8633,8193
8195,8639,8193
8640,8639,8195
8195,8197,8640
8640,8197,8641
8635,8636,8642
8642,8636,8643
8642,8199,8200
8638,8642,8200
8635,8642,8638
8638,8200,8194
8644,8641,8197
8644,8197,8201
8645,8201,8202
8645,8644,8201
8202,8203,8645
8645,8203,8646
8649,8648,8647
8649,8647,8643
8647,8642,8643
8647,8650,8642
8650,8205,8199
8650,8199,8642
8651,8646,8203
8651,8203,8206
8653,8651,8652
8651,8207,8652
8651,8206,8207
8208,8652,8207
8647,8648,8654
8654,8648,8655
8654,8210,8211
8650,8654,8211
8647,8654,8650
8650,8211,8205
8656,8653,8652
8656,8652,8208
8213,8656,8208
8657,8656,8213
8658,8213,8214
8658,8657,8213
8660,8659,8215
8659,8214,8215
8659,8658,8214
8660,8661,8659
8664,8663,8662
8666,8665,8662
8662,8665,8664
8668,8667,8666
8666,8667,8665
8670,8669,8668
8668,8669,8667
8672,8671,8670
8670,8671,8669
8674,8673,8672
8672,8673,8671
8676,8675,8674
8674,8675,8673
8678,8677,8676
8676,8677,8675
8680,8679,8678
8678,8679,8677
8682,8681,8680
8680,8681,8679
8684,8683,8682
8682,8683,8681
8684,8685,8683
8654,8655,8686
8686,8655,8687
8688,8216,8210
8654,8688,8210
8686,8688,8654
8688,8218,8216
8220,8660,8215
8690,8689,8221
8221,8689,8220
8689,8661,8220
8661,8660,8220
8692,8691,8690
8690,8691,8689
8694,8693,8692
8692,8693,8691
8696,8695,8694
8694,8695,8693
8698,8697,8696
8696,8697,8695
8700,8699,8698
8698,8699,8697
8699,8700,8663
8700,8662,8663
8700,8701,8662
8662,8702,8666
8662,8701,8702
8666,8703,8668
8666,8702,8703
8668,8704,8670
8668,8703,8704
8704,8223,8224
8672,8704,8224
8670,8704,8672
8672,8224,8225
8672,8225,8674
8674,8225,8227
8674,8227,8676
8676,8227,8229
8676,8229,8678
8678,8229,8231
8678,8231,8680
8680,8231,8233
8705,8680,8233
8682,8680,8705
8682,8706,8684
8682,8705,8706
8685,8684,8707
8684,8708,8707
8684,8706,8708
8708,8709,8707
8687,8710,8686
8712,8711,8710
8711,8686,8710
8711,8688,8686
8713,8234,8218
8688,8713,8218
8711,8713,8688
8713,8236,8234
8244,8690,8221
8690,8244,8245
8690,8245,8692
8692,8245,8246
8692,8246,8694
8694,8246,8247
8694,8247,8696
8696,8247,8248
8696,8248,8698
8698,8248,8249
8698,8249,8700
8700,8249,8250
8700,8250,8701
8701,8250,8251
8701,8251,8702
8702,8251,8252
8702,8252,8703
8703,8252,8253
8703,8253,8704
8704,8253,8223
8254,8705,8233
8705,8254,8256
8705,8256,8706
8706,8256,8258
8706,8258,8708
8715,8714,8260
8260,8714,8258
8714,8709,8258
8709,8708,8258
8715,8716,8714
8712,8717,8711
8719,8718,8717
8718,8711,8717
8718,8713,8711
8720,8261,8236
8713,8720,8236
8718,8720,8713
8721,8262,8261
8721,8261,8720
8722,8263,8262
8722,8262,8721
8722,8265,8263
8274,8715,8260
8274,8276,8715
8276,8716,8715
8276,8723,8716
8719,8724,8718
8718,8724,8720
8720,8724,8725
8720,8725,8721
8721,8725,8726
8721,8726,8722
8722,8726,8727
8722,8727,8265
8727,8277,8265
8727,8728,8277
8277,8729,8278
8728,8729,8277
8280,8278,8729
8280,8729,8730
8289,8731,8290
8731,8732,8290
8732,8276,8290
8732,8723,8276
8730,8733,8280
8280,8733,8291
8291,8734,8292
8733,8734,8291
8292,8735,8293
8734,8735,8292
8293,8736,8294
8735,8736,8293
8736,8738,8737
8295,8736,8737
8294,8736,8295
8739,8296,8295
8739,8295,8737
8740,8297,8296
8740,8296,8739
8741,8298,8297
8741,8297,8740
8741,8300,8298
8304,8742,8305
8742,8743,8305
8305,8743,8289
8743,8744,8289
8744,8731,8289
8731,8744,8732
8738,8745,8737
8737,8745,8739
8739,8745,8746
8739,8746,8740
8740,8746,8747
8740,8747,8741
8741,8747,8748
8748,8750,8749
8748,8749,8306
8741,8748,8306
8300,8741,8306
8749,8308,8306
8313,8751,8314
8751,8752,8314
8314,8752,8304
8752,8753,8304
8753,8742,8304
8742,8753,8743
8750,8754,8749
8749,8754,8308
8754,8315,8308
8754,8755,8315
8755,8757,8756
8316,8755,8756
8315,8755,8316
8756,8318,8316
8759,8758,8324
8759,8324,8323
8313,8324,8751
8324,8760,8751
8324,8758,8760
8751,8760,8752
8757,8761,8756
8761,8763,8762
8761,8762,8325
8756,8761,8325
8318,8756,8325
8762,8327,8325
8765,8764,8346
8765,8346,8345
8323,8346,8759
8759,8346,8764
8763,8766,8762
8766,8768,8767
8766,8767,8347
8762,8766,8347
8327,8762,8347
8769,8348,8347
8769,8347,8767
8769,8350,8348
8364,8770,8365
8365,8770,8771
8772,8365,8771
8366,8365,8772
8345,8366,8765
8765,8366,8772
8768,8773,8767
8767,8773,8769
8769,8773,8774
8774,8776,8775
8774,8775,8367
8769,8774,8367
8350,8769,8367
8777,8368,8367
8777,8367,8775
8778,8369,8368
8778,8368,8777
8778,8371,8369
8381,8779,8382
8779,8780,8382
8382,8780,8364
8780,8781,8364
8781,8770,8364
8770,8781,8771
8776,8782,8775
8784,8783,8782
8783,8775,8782
8783,8777,8775
8777,8785,8778
8777,8783,8785
8786,8383,8371
8778,8786,8371
8785,8786,8778
8787,8384,8383
8787,8383,8786
8787,8386,8384
8393,8788,8394
8788,8789,8394
8394,8789,8381
8789,8790,8381
8790,8779,8381
8779,8790,8780
8784,8791,8783
8793,8792,8791
8792,8783,8791
8792,8785,8783
8785,8794,8786
8785,8792,8794
8786,8795,8787
8786,8794,8795
8795,8396,8386
8795,8386,8787
8403,8796,8788
8403,8788,8393
8789,8788,8797
8797,8788,8796
8792,8793,8798
8798,8793,8799
8792,8800,8794
8792,8798,8800
8794,8801,8795
8794,8800,8801
8801,8405,8396
8801,8396,8795
8412,8802,8796
8412,8796,8403
8797,8796,8803
8803,8796,8802
8798,8799,8804
8804,8799,8805
8798,8806,8800
8798,8804,8806
8800,8807,8801
8800,8806,8807
8807,8414,8405
8807,8405,8801
8421,8802,8412
8421,8423,8802
8423,8803,8802
8423,8808,8803
8804,8805,8809
8809,8805,8810
8804,8811,8806
8804,8809,8811
8811,8425,8426
8807,8811,8426
8806,8811,8807
8807,8426,8414
8432,8813,8812
8808,8432,8812
8423,8432,8808
8813,8814,8812
8817,8816,8815
8817,8815,8810
8815,8809,8810
8815,8818,8809
8818,8434,8435
8811,8818,8435
8809,8818,8811
8811,8435,8425
8438,8813,8432
8438,8439,8813
8439,8814,8813
8439,8819,8814
8815,8816,8820
8820,8816,8821
8820,8441,8442
8818,8820,8442
8815,8820,8818
8818,8442,8434
8822,8819,8439
8822,8439,8444
8444,8446,8822
8822,8446,8823
8826,8825,8824
8826,8824,8821
8821,8824,8820
8824,8448,8820
8448,8449,8820
8820,8449,8441
8827,8823,8446
8827,8446,8450
8450,8452,8827
8827,8452,8828
8829,8454,8455
8829,8455,8830
8455,8831,8830
8455,8456,8831
8457,8824,8825
8831,8457,8825
8456,8457,8831
8824,8457,8448
8452,8458,8832
8833,8452,8832
8828,8452,8833
8459,8832,8458
8835,8834,8461
8461,8834,8460
8836,8461,8462
8836,8835,8461
8837,8462,8463
8837,8836,8462
8838,8463,8464
8838,8837,8463
8839,8464,8465
8839,8838,8464
8840,8465,8466
8840,8839,8465
8841,8466,8467
8841,8840,8466
8467,8454,8829
8842,8467,8829
8841,8467,8842
8842,8829,8830
8843,8833,8832
8832,8459,8843
8459,8844,8843
8459,8468,8844
8846,8845,8470
8470,8845,8469
8470,8460,8834
8470,8834,8846
8849,8848,8847
8848,8844,8847
8844,8471,8847
8844,8468,8471
8845,8472,8469
8850,8472,8845
8849,8847,8473
8474,8849,8473
8851,8849,8474
8473,8847,8471
8850,8475,8472
8852,8475,8850
8476,8851,8474
8476,8853,8851
8852,8477,8475
8854,8477,8852
8478,8853,8476
8478,8855,8853
8854,8480,8477
8856,8480,8854
8481,8855,8478
8481,8857,8855
8856,8483,8480
8858,8483,8856
8484,8857,8481
8484,8859,8857
8485,8483,8860
8483,8861,8860
8483,8858,8861
8860,8486,8485
8488,8862,8487
8862,8863,8487
8863,8484,8487
8863,8859,8484
8861,8864,8860
8486,8860,8864
8865,8486,8864
8489,8486,8865
8491,8866,8862
8491,8862,8488
8863,8862,8867
8867,8862,8866
8865,8492,8489
8868,8492,8865
8493,8866,8491
8493,8494,8866
8494,8867,8866
8494,8869,8867
8868,8496,8492
8870,8496,8868
8497,8869,8494
8497,8871,8869
8870,8499,8496
8872,8499,8870
8500,8871,8497
8500,8873,8871
8876,8875,8874
8872,8876,8874
8502,8872,8874
8499,8872,8502
8503,8873,8500
8503,8877,8873
8874,8875,8878
8878,8875,8879
8878,8505,8502
8878,8502,8874
8880,8877,8503
8880,8503,8506
8506,8507,8880
8880,8507,8881
8878,8879,8882
8882,8879,8883
8882,8508,8505
8882,8505,8878
8509,8881,8507
8509,8884,8881
8882,8883,8885
8885,8883,8886
8885,8510,8508
8885,8508,8882
8511,8884,8509
8511,8887,8884
8885,8886,8888
8888,8886,8889
8888,8512,8510
8888,8510,8885
8890,8887,8511
8890,8511,8513
8513,8514,8890
8890,8514,8891
8888,8889,8892
8892,8889,8893
8892,8515,8512
8892,8512,8888
8516,8891,8514
8516,8894,8891
8892,8893,8895
8895,8893,8896
8895,8517,8515
8895,8515,8892
8518,8894,8516
8518,8897,8894
8895,8896,8521
8896,8520,8521
8896,8898,8520
8895,8521,8517
8522,8897,8518
8522,8899,8897
8898,8524,8520
8900,8524,8898
8522,8525,8901
8902,8522,8901
8899,8522,8902
8526,8901,8525
8900,8527,8524
8903,8527,8900
8902,8901,8904
8902,8904,8905
8528,8904,8526
8526,8904,8901
8903,8529,8527
8906,8529,8903
8905,8904,8907
8905,8907,8908
8530,8907,8528
8528,8907,8904
8906,8531,8529
8909,8531,8906
8908,8907,8910
8908,8910,8911
8532,8910,8530
8530,8910,8907
8909,8533,8531
8912,8533,8909
8915,8914,8913
8917,8916,8913
8917,8913,8914
8919,8918,8916
8919,8916,8917
8921,8920,8918
8921,8918,8919
8923,8922,8920
8923,8920,8921
8924,8922,8923
8911,8910,8925
8911,8925,8926
8534,8925,8532
8532,8925,8910
8912,8535,8533
8927,8535,8912
8930,8929,8928
8932,8931,8928
8932,8928,8929
8934,8933,8931
8934,8931,8932
8936,8935,8933
8936,8933,8934
8938,8937,8935
8938,8935,8936
8940,8939,8937
8940,8937,8938
8942,8941,8939
8942,8939,8940
8941,8942,8915
8913,8941,8915
8943,8941,8913
8944,8913,8916
8943,8913,8944
8538,8944,8537
8944,8918,8537
8944,8916,8918
8537,8918,8540
8540,8918,8920
8540,8920,8541
8920,8945,8541
8920,8922,8945
8922,8924,8946
8947,8922,8946
8945,8922,8947
8949,8948,8947
8949,8947,8946
8950,8948,8949
8926,8925,8951
8926,8951,8952
8542,8951,8534
8534,8951,8925
8927,8543,8535
8953,8543,8927
8956,8955,8954
8958,8957,8954
8958,8954,8955
8960,8959,8957
8960,8957,8958
8959,8960,8930
8928,8959,8930
8961,8959,8928
8546,8961,8545
8961,8931,8545
8961,8928,8931
8545,8931,8548
8548,8931,8933
8548,8933,8550
8550,8933,8935
8550,8935,8552
8552,8935,8937
8552,8937,8554
8554,8937,8939
8554,8939,8556
8556,8939,8941
8556,8941,8558
8558,8941,8943
8558,8943,8560
8560,8943,8944
8560,8944,8538
8945,8563,8541
8563,8945,8566
8566,8945,8947
8566,8947,8568
8568,8947,8948
8963,8962,8569
8963,8569,8568
8950,8963,8568
8948,8950,8568
8965,8964,8962
8965,8962,8963
8966,8964,8965
8969,8968,8967
8967,8968,8952
8967,8952,8951
8572,8967,8951
8571,8572,8951
8571,8951,8542
8971,8573,8970
8573,8953,8970
8573,8543,8953
8973,8972,8971
8973,8971,8970
8974,8972,8973
8977,8976,8975
8979,8978,8975
8979,8975,8976
8981,8980,8978
8981,8978,8979
8980,8981,8956
8980,8956,8954
8576,8980,8954
8575,8576,8954
8575,8954,8578
8578,8954,8957
8578,8957,8580
8580,8957,8959
8580,8959,8582
8582,8959,8961
8582,8961,8546
8962,8585,8569
8585,8962,8587
8587,8962,8964
8983,8982,8588
8983,8588,8587
8966,8983,8587
8964,8966,8587
8985,8984,8982
8985,8982,8983
8984,8985,8969
8967,8984,8969
8986,8984,8967
8590,8986,8572
8572,8986,8967
8971,8591,8573
8591,8971,8593
8971,8987,8593
8971,8972,8987
8972,8974,8988
8989,8972,8988
8987,8972,8989
8989,8988,8977
8975,8989,8977
8990,8989,8975
8596,8990,8595
8990,8978,8595
8990,8975,8978
8595,8978,8598
8598,8978,8980
8598,8980,8576
8982,8601,8588
8601,8982,8603
8603,8982,8984
8603,8984,8605
8605,8984,8986
8605,8986,8590
8987,8607,8593
8607,8987,8609
8609,8987,8989
8609,8989,8611
8611,8989,8990
8611,8990,8596
8991,8613,8614
8615,8992,8614
8614,8992,8991
8616,8993,8615
8615,8993,8992
8617,8994,8616
8616,8994,8993
8618,8995,8617
8617,8995,8994
8620,8995,8618
8997,8996,8622
8622,8996,8621
8998,8622,8623
8998,8997,8622
8623,8613,8991
8999,8623,8991
8998,8623,8999
8999,8991,8992
8999,8992,9000
9000,8992,8993
9000,8993,9001
9001,8993,8994
9001,8994,9002
9002,8994,8995
9002,8995,9003
9003,8995,8620
8624,9003,8620
9004,9003,8624
9005,8624,8625
9005,9004,8624
9007,9005,9006
9005,8626,9006
9005,8625,8626
8627,9006,8626
9009,9008,8630
8630,9008,8629
9010,8630,8631
9010,9009,8630
8631,8621,8996
8631,8996,9010
9011,9007,9006
9011,9006,8627
8632,9011,8627
9012,9011,8632
8632,8634,9012
9012,8634,9013
9015,9014,8637
8637,9014,8636
8637,8629,9008
8637,9008,9015
9016,9013,8634
9016,8634,8639
9017,8639,8640
9017,9016,8639
8640,8641,9017
9017,8641,9018
9021,9020,9019
9023,9022,9019
9019,9022,9021
9025,9024,9023
9023,9024,9022
9027,9026,9025
9025,9026,9024
9029,9028,9027
9027,9028,9026
9031,9030,9029
9029,9030,9028
9033,9032,9031
9031,9032,9030
9033,9034,9032
9037,9036,9035
9014,9037,9035
8643,9014,9035
8636,9014,8643
9038,9018,8641
9038,8641,8644
9040,9038,9039
9038,8645,9039
9038,8644,8645
8646,9039,8645
9043,9042,9041
9045,9044,9041
9041,9044,9043
9044,9045,9020
9045,9019,9020
9045,9046,9019
9019,9047,9023
9019,9046,9047
9023,9048,9025
9023,9047,9048
9025,9049,9027
9025,9048,9049
9027,9050,9029
9027,9049,9050
9029,9051,9031
9029,9050,9051
9031,9052,9033
9031,9051,9052
9034,9033,9053
9033,9054,9053
9033,9052,9054
9056,9055,9054
9054,9055,9053
9056,9057,9055
9035,9036,8649
9036,8648,8649
9036,9058,8648
9035,8649,8643
9059,9040,9039
9061,9059,9060
9060,9059,8651
9059,9039,8651
9039,8646,8651
8653,9060,8651
9064,9063,9062
9066,9065,9062
9062,9065,9064
9065,9066,9042
9066,9041,9042
9066,9067,9041
9041,9068,9045
9041,9067,9068
9045,9069,9046
9045,9068,9069
9046,9070,9047
9046,9069,9070
9047,9071,9048
9047,9070,9071
9048,9072,9049
9048,9071,9072
9049,9073,9050
9049,9072,9073
9050,9074,9051
9050,9073,9074
9051,9075,9052
9051,9074,9075
9052,9076,9054
9052,9075,9076
9054,9077,9056
9054,9076,9077
9057,9056,9078
9078,9056,9077
9058,8655,8648
9079,8655,9058
9080,9061,9060
9080,9060,8653
8656,9080,8653
9081,9080,8656
9083,9081,9082
9081,8657,9082
9081,8656,8657
8658,9084,8657
8657,9084,9082
8659,9085,8658
8658,9085,9084
8661,9085,8659
9088,9087,9086
9090,9089,9086
9086,9089,9088
9092,9091,9090
9090,9091,9089
9091,9092,9063
9092,9062,9063
9092,9093,9062
9093,8663,8664
9066,9093,8664
9062,9093,9066
9066,8664,8665
9066,8665,9067
9067,8665,8667
9067,8667,9068
9068,8667,8669
9068,8669,9069
9069,8669,8671
9069,8671,9070
9070,8671,8673
9070,8673,9071
9071,8673,8675
9071,8675,9072
9072,8675,8677
9072,8677,9073
9073,8677,8679
9073,8679,9074
9074,8679,8681
9074,8681,9075
9075,8681,8683
9075,8683,9076
9076,8683,8685
9094,9076,8685
9077,9076,9094
9078,9077,9095
9077,9096,9095
9077,9094,9096
9096,9097,9095
9079,8687,8655
9098,8687,9079
9099,9083,9082
9099,9082,9084
9099,9084,9100
9100,9084,9085
9100,9085,9101
9101,9085,8661
8689,9101,8661
9102,9101,8689
9103,8689,8691
9103,9102,8689
8693,9086,9087
9103,8693,9087
8691,8693,9103
9086,8693,8695
9086,8695,9090
9090,8695,8697
9090,8697,9092
9092,8697,8699
9092,8699,9093
9093,8699,8663
8707,9094,8685
9094,8707,8709
9104,9094,8709
9096,9094,9104
9097,9096,9105
9105,9096,9104
9098,9106,8687
8687,9106,8710
8712,8710,9106
8712,9106,9107
8714,9104,8709
8714,8716,9104
8716,9105,9104
8716,9108,9105
9107,9109,8712
8712,9109,8717
9111,9110,8719
8717,9111,8719
9109,9111,8717
9113,9112,9110
9113,9110,9111
9115,9114,9112
9115,9112,9113
9117,9116,9114
9117,9114,9115
9119,9118,9116
9119,9116,9117
9120,9118,9119
8723,9108,8716
8723,9121,9108
9110,8724,8719
8724,9110,8725
8725,9110,9112
8725,9112,8726
8726,9112,9114
8726,9114,8727
8727,9114,9116
8727,9116,8728
8728,9116,9118
9120,9122,9118
9122,8728,9118
9122,8729,8728
9124,9123,8730
8729,9124,8730
9122,9124,8729
9126,9125,9123
9126,9123,9124
9128,9127,9125
9128,9125,9126
9129,9127,9128
9132,9131,9130
9131,9121,9130
9121,8732,9130
9121,8723,8732
9123,8733,8730
8733,9123,8734
8734,9123,9125
8734,9125,8735
8735,9125,9127
9129,9133,9127
9133,8735,9127
9133,8736,8735
9135,9134,8738
8736,9135,8738
9133,9135,8736
9137,9136,9134
9137,9134,9135
9139,9138,9136
9139,9136,9137
9140,9138,9139
9143,9142,9141
9141,9142,9132
9141,9132,9130
8743,9141,9130
8744,8743,9130
8744,9130,8732
9134,8745,8738
8745,9134,8746
8746,9134,9136
8746,9136,8747
8747,9136,9138
9140,9144,9138
9144,8747,9138
9144,8748,8747
9146,9145,8750
8748,9146,8750
9144,9146,8748
9148,9147,9145
9148,9145,9146
9149,9147,9148
9152,9151,9150
9150,9151,9143
9150,9143,9141
8752,9150,9141
8753,8752,9141
8753,9141,8743
9145,8754,8750
8754,9145,8755
8755,9145,9147
9154,9153,8757
9154,8757,8755
9149,9154,8755
9147,9149,8755
9155,9153,9154
9158,9157,9156
8758,8759,9156
9157,8758,9156
9159,8758,9157
9150,8760,9152
8760,9159,9152
8760,8758,9159
8760,9150,8752
9153,8761,8757
9161,9160,8763
9161,8763,8761
9155,9161,8761
9153,9155,8761
9162,9160,9161
9165,9164,9163
9163,9164,9158
9163,9158,9156
8765,9163,9156
8764,8765,9156
8764,9156,8759
9160,8766,8763
9167,9166,8768
9167,8768,8766
9162,9167,8766
9160,9162,8766
9168,9166,9167
9171,9170,9169
9169,9170,9165
9169,9165,9163
8771,9169,9163
8772,8771,9163
8772,9163,8765
9166,8773,8768
8774,8773,9166
9172,8774,9166
9168,9172,9166
9173,8774,9172
9173,8776,8774
9171,9169,8781
8780,9171,8781
9174,9171,8780
8781,9169,8771
9172,9175,9173
9175,9177,9176
9175,9176,8782
9173,9175,8782
8776,9173,8782
9176,8784,8782
9179,9178,8790
9179,8790,8789
8780,8790,9174
9174,8790,9178
9176,9177,9180
9180,9177,9181
9182,8791,8784
9176,9182,8784
9180,9182,9176
9182,8793,8791
8797,9179,8789
8797,9183,9179
9181,9184,9180
9186,9185,9184
9185,9180,9184
9185,9182,9180
9185,8799,8793
9185,8793,9182
8803,9183,8797
8803,9187,9183
9185,9186,9188
9188,9186,9189
9188,8805,8799
9188,8799,9185
8808,9187,8803
8808,9190,9187
9188,9189,9191
9191,9189,9192
9191,8810,8805
9191,8805,9188
8808,8812,9193
9194,8808,9193
9190,8808,9194
8814,9193,8812
9191,9192,8817
9192,8816,8817
9192,9195,8816
9191,8817,8810
9194,9193,9196
9194,9196,9197
8819,9196,8814
8814,9196,9193
9200,9199,9198
9195,9200,9198
8821,9195,9198
8816,9195,8821
9201,9197,9196
9203,9201,9202
9202,9201,8822
9201,9196,8822
9196,8819,8822
8823,9202,8822
9198,9199,8826
9199,8825,8826
9199,9204,8825
9198,8826,8821
9205,9203,9202
9207,9205,9206
9206,9205,8827
9205,9202,8827
9202,8823,8827
8828,9206,8827
9209,9208,8831
8831,9208,8830
8831,8825,9204
8831,9204,9209
9210,9207,9206
9206,8828,9210
8828,9211,9210
8828,8833,9211
9212,8834,8835
8836,9213,8835
8835,9213,9212
8837,9214,8836
8836,9214,9213
8838,9215,8837
8837,9215,9214
8839,9216,8838
8838,9216,9215
8840,9217,8839
8839,9217,9216
8841,9218,8840
8840,9218,9217
9218,8841,9219
8841,9220,9219
8841,8842,9220
8842,8830,9208
8842,9208,9220
8833,8843,9221
9222,8833,9221
9211,8833,9222
8844,9221,8843
9223,8845,8846
9224,9223,8846
9224,8846,8834
9225,9224,8834
9212,9225,8834
9225,9212,9213
9225,9213,9226
9226,9213,9214
9226,9214,9227
9227,9214,9215
9227,9215,9228
9228,9215,9216
9228,9216,9229
9229,9216,9217
9229,9217,9230
9230,9217,9218
9230,9218,9231
9231,9218,9219
9222,9221,8848
8849,9222,8848
9232,9222,8849
8848,9221,8844
9234,9233,9223
9233,8845,9223
9233,8850,8845
9234,9223,9224
8851,9232,8849
8851,9235,9232
9233,8852,8850
9236,8852,9233
8853,9235,8851
8853,9237,9235
9236,8854,8852
9238,8854,9236
8855,9237,8853
8855,9239,9237
9238,8856,8854
9240,8856,9238
8857,9239,8855
8857,9241,9239
9240,8858,8856
9242,8858,9240
8859,9241,8857
8859,9243,9241
9242,8861,8858
9244,8861,9242
8863,9243,8859
8863,9245,9243
8864,8861,9246
8861,9247,9246
8861,9244,9247
9246,8865,8864
8867,9245,8863
8867,9248,9245
9246,9247,9249
9249,9247,9250
9249,8868,8865
9249,8865,9246
8869,9248,8867
8869,9251,9248
9249,9250,9252
9252,9250,9253
9252,8870,8868
9252,8868,9249
8871,9251,8869
8871,9254,9251
9252,9253,9255
9255,9253,9256
9255,8872,8870
9255,8870,9252
8873,9254,8871
8873,9257,9254
9255,9256,8876
9256,8875,8876
9256,9258,8875
9255,8876,8872
8877,9257,8873
8877,9259,9257
9258,8879,8875
9260,8879,9258
9261,9259,8877
9261,8877,8880
8880,8881,9261
9261,8881,9262
9260,8883,8879
9263,8883,9260
8884,9262,8881
8884,9264,9262
9263,8886,8883
9265,8886,9263
8887,9264,8884
8887,9266,9264
9265,8889,8886
9267,8889,9265
8887,8890,9268
9269,8887,9268
9266,8887,9269
8891,9268,8890
9267,8893,8889
9270,8893,9267
9271,9269,9268
9268,8891,9271
8891,9272,9271
8891,8894,9272
9270,8896,8893
9273,8896,9270
8897,9272,8894
8897,9274,9272
9273,8898,8896
9275,8898,9273
8899,9274,8897
8899,9276,9274
9275,8900,8898
9277,8900,9275
8902,9276,8899
8902,9278,9276
9277,8903,8900
9279,8903,9277
8905,9278,8902
8905,9280,9278
9279,8906,8903
9281,8906,9279
9284,9283,9282
9286,9285,9282
9286,9282,9283
9288,9287,9285
9288,9285,9286
9290,9289,9287
9290,9287,9288
9291,9289,9290
8908,9280,8905
8908,9292,9280
9281,8909,8906
9293,8909,9281
9296,9295,9294
9298,9297,9294
9298,9294,9295
9300,9299,9297
9300,9297,9298
9302,9301,9299
9302,9299,9300
9301,9302,9284
9282,9301,9284
9303,9301,9282
9304,9282,9285
9303,9282,9304
9305,9285,9287
9304,9285,9305
9306,9287,9289
9305,9287,9306
9289,9291,9307
9308,9289,9307
9306,9289,9308
9310,9309,9308
9310,9308,9307
9311,9309,9310
9314,9313,9312
9313,9292,9312
9292,8911,9312
9292,8908,8911
9293,8912,8909
9315,8912,9293
9318,9317,9316
9320,9319,9316
9320,9316,9317
9322,9321,9319
9322,9319,9320
9321,9322,9296
9294,9321,9296
9323,9321,9294
9324,9294,9297
9323,9294,9324
9325,9297,9299
9324,9297,9325
9326,9299,9301
9325,9299,9326
9327,9301,9303
9326,9301,9327
8915,9327,8914
9327,9304,8914
9327,9303,9304
8914,9304,8917
8917,9304,9305
8917,9305,8919
8919,9305,9306
8919,9306,8921
8921,9306,9308
8921,9308,8923
8923,9308,9309
9329,9328,8924
9329,8924,8923
9311,9329,8923
9309,9311,8923
9331,9330,9328
9331,9328,9329
9332,9330,9331
9314,9312,9333
9314,9333,9334
8926,9333,8911
8911,9333,9312
9336,8927,9335
8927,9315,9335
8927,8912,9315
9337,9336,9335
9340,9339,9338
9342,9341,9338
9342,9338,9339
9344,9343,9341
9344,9341,9342
9343,9344,9318
9316,9343,9318
9345,9343,9316
8930,9345,8929
9345,9319,8929
9345,9316,9319
8929,9319,8932
8932,9319,9321
8932,9321,8934
8934,9321,9323
8934,9323,8936
8936,9323,9324
8936,9324,8938
8938,9324,9325
8938,9325,8940
8940,9325,9326
8940,9326,8942
8942,9326,9327
8942,9327,8915
9328,8946,8924
8946,9328,8949
8949,9328,9330
9347,9346,8950
9347,8950,8949
9332,9347,8949
9330,9332,8949
9348,9346,9347
9351,9350,9349
9349,9350,9334
9333,9349,9334
9352,9349,9333
8952,9352,8926
8926,9352,9333
9353,8953,9336
9336,8953,8927
9336,9337,9354
9355,9336,9354
9353,9336,9355
9357,9356,9355
9357,9355,9354
9359,9358,9356
9359,9356,9357
9361,9360,9358
9361,9358,9359
9360,9361,9340
9338,9360,9340
9362,9360,9338
8956,9362,8955
9362,9341,8955
9362,9338,9341
8955,9341,8958
8958,9341,9343
8958,9343,8960
8960,9343,9345
8960,9345,8930
9346,8963,8950
9348,9363,9346
9363,8963,9346
9363,8965,8963
9365,9364,8966
8965,9365,8966
9363,9365,8965
9364,9365,9351
9349,9364,9351
9366,9364,9349
8969,9366,8968
9366,9352,8968
9366,9349,9352
8968,9352,8952
9353,8970,8953
8970,9353,8973
8973,9353,9355
8973,9355,8974
9355,9367,8974
9355,9356,9367
8977,9367,8976
9367,9358,8976
9367,9356,9358
8976,9358,8979
8979,9358,9360
8979,9360,8981
8981,9360,9362
8981,9362,8956
9364,8983,8966
8983,9364,8985
8985,9364,9366
8985,9366,8969
9367,8988,8974
8988,9367,8977
9370,9369,9368
9372,9371,9368
9368,9371,9370
9374,9373,9372
9372,9373,9371
9376,9375,9374
9374,9375,9373
9378,9377,9376
9376,9377,9375
9380,9379,9378
9378,9379,9377
9380,9381,9379
9384,9383,9382
9386,9385,9382
9382,9385,9384
9388,9387,9386
9386,9387,9385
9390,9389,9388
9388,9389,9387
9392,9391,9390
9390,9391,9389
9394,9393,9392
9392,9393,9391
9396,9395,9394
9394,9395,9393
9396,9397,9395
9400,9399,9398
9400,9398,9369
9398,9368,9369
9398,9401,9368
9368,9402,9372
9368,9401,9402
9372,9403,9374
9372,9402,9403
9374,9404,9376
9374,9403,9404
9376,9405,9378
9376,9404,9405
9378,9406,9380
9378,9405,9406
9381,9380,9407
9380,9408,9407
9380,9406,9408
9408,9409,9407
9412,9411,9410
9412,9410,9383
9383,9410,9382
9410,8996,9382
8996,8997,9382
9382,8997,8998
9382,8998,9386
9386,8998,8999
9386,8999,9388
9388,8999,9000
9388,9000,9390
9390,9000,9001
9390,9001,9392
9392,9001,9002
9392,9002,9394
9394,9002,9003
9394,9003,9396
9413,9397,9396
9003,9413,9396
9004,9413,9003
9414,9004,9005
9414,9413,9004
9005,9007,9414
9414,9007,9415
9418,9417,9416
9418,9416,9399
9416,9398,9399
9416,9419,9398
9398,9420,9401
9398,9419,9420
9401,9421,9402
9401,9420,9421
9402,9422,9403
9402,9421,9422
9403,9423,9404
9403,9422,9423
9404,9424,9405
9404,9423,9424
9405,9425,9406
9405,9424,9425
9406,9426,9408
9406,9425,9426
9409,9408,9427
9408,9428,9427
9408,9426,9428
9428,9429,9427
9431,9430,9009
9009,9430,9008
9010,9410,9411
9431,9010,9411
9009,9010,9431
9410,9010,8996
9432,9415,9007
9432,9007,9011
9433,9011,9012
9433,9432,9011
9012,9013,9433
9433,9013,9434
9416,9417,9435
9435,9417,9436
9416,9437,9419
9416,9435,9437
9419,9438,9420
9419,9437,9438
9420,9439,9421
9420,9438,9439
9421,9440,9422
9421,9439,9440
9422,9441,9423
9422,9440,9441
9423,9442,9424
9423,9441,9442
9424,9443,9425
9424,9442,9443
9425,9444,9426
9425,9443,9444
9426,9445,9428
9426,9444,9445
9429,9428,9446
9428,9447,9446
9428,9445,9447
9447,9448,9446
9450,9449,9015
9015,9449,9014
9015,9008,9430
9015,9430,9450
9451,9434,9013
9451,9013,9016
9453,9451,9452
9451,9017,9452
9451,9016,9017
9018,9452,9017
9435,9436,9454
9454,9436,9455
9435,9456,9437
9435,9454,9456
9437,9457,9438
9437,9456,9457
9457,9020,9021
9439,9457,9021
9438,9457,9439
9439,9021,9022
9439,9022,9440
9440,9022,9024
9440,9024,9441
9441,9024,9026
9441,9026,9442
9442,9026,9028
9442,9028,9443
9443,9028,9030
9443,9030,9444
9444,9030,9032
9444,9032,9445
9445,9032,9034
9458,9445,9034
9447,9445,9458
9448,9447,9459
9459,9447,9458
9461,9460,9037
9037,9460,9036
9037,9014,9449
9037,9449,9461
9462,9453,9452
9464,9462,9463
9463,9462,9038
9462,9452,9038
9452,9018,9038
9040,9463,9038
9467,9466,9465
9467,9465,9455
9465,9454,9455
9465,9468,9454
9468,9042,9043
9456,9468,9043
9454,9468,9456
9456,9043,9044
9456,9044,9457
9457,9044,9020
9053,9458,9034
9469,9459,9458
9053,9469,9458
9055,9469,9053
9055,9057,9469
9469,9057,9470
9460,9058,9036
9471,9058,9460
9472,9464,9463
9474,9472,9473
9473,9472,9059
9472,9463,9059
9463,9040,9059
9061,9473,9059
9477,9476,9475
9477,9475,9466
9466,9475,9465
9475,9063,9465
9063,9064,9465
9465,9064,9065
9465,9065,9468
9468,9065,9042
9078,9470,9057
9078,9478,9470
9480,9079,9479
9079,9471,9479
9079,9058,9471
9481,9480,9479
9482,9474,9473
9484,9482,9483
9483,9482,9080
9482,9473,9080
9473,9061,9080
9081,9485,9080
9080,9485,9483
9083,9485,9081
9486,9087,9088
9486,9088,9487
9088,9488,9487
9088,9089,9488
9091,9475,9476
9488,9091,9476
9089,9091,9488
9475,9091,9063
9489,9478,9078
9489,9078,9095
9095,9097,9489
9489,9097,9490
9491,9098,9480
9480,9098,9079
9480,9481,9492
9480,9492,9491
9484,9483,9493
9484,9493,9494
9495,9483,9485
9493,9483,9495
9099,9496,9083
9496,9485,9083
9496,9495,9485
9100,9497,9099
9099,9497,9496
9101,9498,9100
9100,9498,9497
9102,9499,9101
9101,9499,9498
9499,9102,9500
9102,9501,9500
9102,9103,9501
9103,9087,9486
9502,9103,9486
9501,9103,9502
9502,9486,9487
9105,9490,9097
9105,9503,9490
9491,9106,9098
9505,9504,9107
9505,9107,9106
9492,9505,9106
9491,9492,9106
9507,9506,9504
9507,9504,9505
9509,9508,9506
9509,9506,9507
9511,9510,9508
9511,9508,9509
9513,9512,9510
9513,9510,9511
9515,9514,9512
9515,9512,9513
9517,9516,9514
9517,9514,9515
9518,9516,9517
9494,9493,9519
9494,9519,9520
9521,9493,9495
9519,9493,9521
9522,9495,9496
9521,9495,9522
9523,9496,9497
9522,9496,9523
9524,9497,9498
9523,9497,9524
9499,9526,9525
9524,9499,9525
9498,9499,9524
9526,9499,9500
9529,9528,9527
9528,9503,9527
9503,9108,9527
9503,9105,9108
9504,9109,9107
9109,9504,9111
9111,9504,9506
9111,9506,9113
9113,9506,9508
9113,9508,9115
9115,9508,9510
9115,9510,9117
9117,9510,9512
9117,9512,9119
9119,9512,9514
9119,9514,9120
9514,9530,9120
9514,9516,9530
9516,9518,9531
9532,9516,9531
9530,9516,9532
9534,9533,9532
9534,9532,9531
9536,9535,9533
9536,9533,9534
9538,9537,9535
9538,9535,9536
9539,9537,9538
9542,9541,9540
9544,9543,9540
9544,9540,9541
9543,9544,9520
9519,9543,9520
9545,9543,9519
9546,9519,9521
9545,9519,9546
9547,9521,9522
9546,9521,9547
9548,9522,9523
9547,9522,9548
9524,9550,9549
9548,9524,9549
9523,9524,9548
9550,9524,9525
9529,9527,9551
9529,9551,9552
9121,9551,9108
9108,9551,9527
9530,9122,9120
9122,9530,9124
9124,9530,9532
9124,9532,9126
9126,9532,9533
9126,9533,9128
9128,9533,9535
9128,9535,9129
9535,9553,9129
9535,9537,9553
9537,9539,9554
9555,9537,9554
9553,9537,9555
9557,9556,9555
9557,9555,9554
9559,9558,9556
9559,9556,9557
9561,9560,9558
9561,9558,9559
9563,9562,9560
9563,9560,9561
9562,9563,9542
9540,9562,9542
9564,9562,9540
9565,9540,9543
9564,9540,9565
9566,9543,9545
9565,9543,9566
9567,9545,9546
9566,9545,9567
9568,9546,9547
9567,9546,9568
9548,9570,9569
9568,9548,9569
9547,9548,9568
9570,9548,9549
9573,9572,9571
9571,9572,9552
9571,9552,9551
9132,9571,9551
9131,9132,9551
9131,9551,9121
9553,9133,9129
9133,9553,9135
9135,9553,9555
9135,9555,9137
9137,9555,9556
9137,9556,9139
9139,9556,9558
9139,9558,9140
9558,9574,9140
9558,9560,9574
9575,9560,9562
9574,9560,9575
9576,9562,9564
9575,9562,9576
9577,9564,9565
9576,9564,9577
9578,9565,9566
9577,9565,9578
9579,9566,9567
9578,9566,9579
9568,9581,9580
9579,9568,9580
9567,9568,9579
9581,9568,9569
9584,9583,9582
9586,9585,9582
9586,9582,9583
9585,9586,9573
9585,9573,9571
9143,9585,9571
9142,9143,9571
9142,9571,9132
9574,9144,9140
9144,9574,9146
9146,9574,9575
9146,9575,9148
9148,9575,9576
9148,9576,9149
9576,9587,9149
9576,9577,9587
9588,9577,9578
9587,9577,9588
9589,9578,9579
9588,9578,9589
9579,9580,9590
9579,9590,9589
9593,9592,9591
9591,9592,9584
9582,9591,9584
9594,9591,9582
9152,9594,9151
9594,9585,9151
9594,9582,9585
9151,9585,9143
9587,9154,9149
9154,9587,9155
9587,9595,9155
9587,9588,9595
9596,9588,9589
9595,9588,9596
9589,9590,9597
9589,9597,9596
9600,9599,9598
9598,9599,9593
9598,9593,9591
9158,9598,9591
9157,9158,9591
9157,9591,9159
9159,9591,9594
9159,9594,9152
9595,9161,9155
9161,9595,9162
9595,9601,9162
9595,9596,9601
9596,9597,9602
9596,9602,9601
9605,9604,9603
9603,9604,9600
9603,9600,9598
9165,9603,9598
9164,9165,9598
9164,9598,9158
9601,9167,9162
9607,9606,9168
9607,9168,9167
9602,9607,9167
9601,9602,9167
9608,9606,9607
9611,9610,9609
9609,9610,9605
9609,9605,9603
9171,9609,9603
9170,9171,9603
9170,9603,9165
9612,9172,9606
9606,9172,9168
9606,9608,9613
9606,9613,9612
9611,9609,9614
9611,9614,9615
9174,9614,9171
9171,9614,9609
9612,9175,9172
9177,9175,9612
9613,9177,9612
9616,9177,9613
9615,9614,9178
9179,9615,9178
9617,9615,9179
9178,9614,9174
9619,9181,9618
9181,9616,9618
9181,9177,9616
9620,9619,9618
9623,9622,9621
9622,9617,9621
9617,9183,9621
9617,9179,9183
9619,9184,9181
9186,9184,9619
9620,9186,9619
9624,9186,9620
9623,9621,9625
9623,9625,9626
9187,9625,9183
9183,9625,9621
9624,9189,9186
9627,9189,9624
9626,9625,9628
9626,9628,9629
9190,9628,9187
9187,9628,9625
9627,9192,9189
9630,9192,9627
9629,9628,9631
9629,9631,9632
9194,9631,9190
9190,9631,9628
9630,9195,9192
9633,9195,9630
9632,9631,9634
9632,9634,9635
9197,9634,9194
9194,9634,9631
9636,9199,9200
9637,9636,9200
9195,9637,9200
9633,9637,9195
9635,9634,9638
9635,9638,9639
9201,9640,9197
9640,9634,9197
9640,9638,9634
9203,9640,9201
9642,9641,9636
9641,9199,9636
9641,9204,9199
9642,9636,9637
9643,9639,9638
9645,9644,9643
9638,9645,9643
9640,9645,9638
9205,9646,9203
9646,9640,9203
9646,9645,9640
9207,9646,9205
9647,9208,9209
9648,9647,9209
9204,9648,9209
9641,9648,9204
9649,9644,9645
9649,9645,9646
9649,9646,9650
9652,9650,9651
9651,9650,9210
9650,9646,9210
9646,9207,9210
9211,9651,9210
9653,9219,9220
9654,9653,9220
9654,9220,9208
9655,9654,9208
9647,9655,9208
9655,9647,9648
9656,9652,9651
9651,9211,9656
9211,9657,9656
9211,9222,9657
9658,9224,9225
9226,9659,9225
9225,9659,9658
9227,9660,9226
9226,9660,9659
9228,9661,9227
9227,9661,9660
9229,9662,9228
9228,9662,9661
9230,9663,9229
9229,9663,9662
9231,9664,9230
9230,9664,9663
9665,9664,9231
9665,9231,9219
9666,9665,9219
9653,9666,9219
9666,9653,9654
9232,9657,9222
9232,9667,9657
9668,9233,9234
9669,9668,9234
9669,9234,9224
9670,9669,9224
9658,9670,9224
9670,9658,9659
9670,9659,9671
9671,9659,9660
9671,9660,9672
9672,9660,9661
9672,9661,9673
9673,9661,9662
9673,9662,9674
9674,9662,9663
9674,9663,9675
9675,9663,9664
9675,9664,9676
9676,9664,9665
9235,9667,9232
9235,9677,9667
9679,9678,9668
9678,9233,9668
9678,9236,9233
9679,9668,9669
9237,9677,9235
9237,9680,9677
9678,9238,9236
9681,9238,9678
9239,9680,9237
9239,9682,9680
9681,9240,9238
9683,9240,9681
9241,9682,9239
9241,9684,9682
9683,9242,9240
9685,9242,9683
9243,9684,9241
9243,9686,9684
9685,9244,9242
9687,9244,9685
9245,9686,9243
9245,9688,9686
9687,9247,9244
9689,9247,9687
9248,9688,9245
9248,9690,9688
9689,9250,9247
9691,9250,9689
9251,9690,9248
9251,9692,9690
9691,9253,9250
9693,9253,9691
9254,9692,9251
9254,9694,9692
9693,9256,9253
9695,9256,9693
9257,9694,9254
9257,9696,9694
9695,9258,9256
9697,9258,9695
9259,9696,9257
9259,9698,9696
9697,9260,9258
9699,9260,9697
9700,9698,9259
9700,9259,9261
9261,9262,9700
9700,9262,9701
9699,9263,9260
9702,9263,9699
9264,9701,9262
9264,9703,9701
9702,9265,9263
9704,9265,9702
9266,9703,9264
9266,9705,9703
9704,9267,9265
9706,9267,9704
9269,9705,9266
9269,9707,9705
9706,9270,9267
9708,9270,9706
9269,9271,9709
9710,9269,9709
9707,9269,9710
9272,9709,9271
9708,9273,9270
9711,9273,9708
9710,9709,9712
9710,9712,9713
9274,9712,9272
9272,9712,9709
9711,9275,9273
9714,9275,9711
9717,9716,9715
9719,9718,9715
9719,9715,9716
9721,9720,9718
9721,9718,9719
9723,9722,9720
9723,9720,9721
9725,9724,9722
9725,9722,9723
9726,9724,9725
9713,9712,9727
9713,9727,9728
9276,9727,9274
9274,9727,9712
9714,9277,9275
9729,9277,9714
9732,9731,9730
9734,9733,9730
9734,9730,9731
9733,9734,9717
9715,9733,9717
9735,9733,9715
9736,9715,9718
9735,9715,9736
9737,9718,9720
9736,9718,9737
9738,9720,9722
9737,9720,9738
9739,9722,9724
9738,9722,9739
9724,9726,9740
9741,9724,9740
9739,9724,9741
9743,9742,9741
9743,9741,9740
9744,9742,9743
9728,9727,9745
9728,9745,9746
9278,9745,9276
9276,9745,9727
9729,9279,9277
9747,9279,9729
9750,9749,9748
9748,9749,9732
9730,9748,9732
9751,9748,9730
9752,9730,9733
9751,9730,9752
9753,9733,9735
9752,9733,9753
9754,9735,9736
9753,9735,9754
9755,9736,9737
9754,9736,9755
9756,9737,9738
9755,9737,9756
9757,9738,9739
9756,9738,9757
9758,9739,9741
9757,9739,9758
9759,9741,9742
9758,9741,9759
9742,9744,9760
9761,9742,9760
9759,9742,9761
9763,9762,9761
9763,9761,9760
9764,9762,9763
9746,9745,9765
9746,9765,9766
9280,9765,9278
9278,9765,9745
9747,9281,9279
9767,9281,9747
9770,9769,9768
9772,9771,9768
9772,9768,9769
9771,9772,9750
9748,9771,9750
9773,9771,9748
9774,9748,9751
9773,9748,9774
9775,9751,9752
9774,9751,9775
9776,9752,9753
9775,9752,9776
9777,9753,9754
9776,9753,9777
9284,9777,9283
9777,9755,9283
9777,9754,9755
9283,9755,9286
9286,9755,9756
9286,9756,9288
9288,9756,9757
9288,9757,9290
9290,9757,9758
9290,9758,9291
9758,9778,9291
9758,9759,9778
9779,9759,9761
9778,9759,9779
9780,9761,9762
9779,9761,9780
9762,9764,9781
9762,9781,9780
9766,9765,9782
9766,9782,9783
9292,9782,9280
9280,9782,9765
9767,9293,9281
9784,9293,9767
9787,9786,9785
9789,9788,9785
9789,9785,9786
9788,9789,9770
9768,9788,9770
9790,9788,9768
9791,9768,9771
9790,9768,9791
9792,9771,9773
9791,9771,9792
9296,9792,9295
9792,9774,9295
9792,9773,9774
9295,9774,9298
9298,9774,9775
9298,9775,9300
9300,9775,9776
9300,9776,9302
9302,9776,9777
9302,9777,9284
9778,9307,9291
9307,9778,9310
9310,9778,9779
9310,9779,9311
9779,9793,9311
9779,9780,9793
9780,9781,9794
9795,9780,9794
9793,9780,9795
9796,9795,9794
9799,9798,9797
9797,9798,9783
9797,9783,9782
9314,9797,9782
9313,9314,9782
9313,9782,9292
9801,9315,9800
9315,9784,9800
9315,9293,9784
9802,9801,9800
9805,9804,9803
9803,9804,9787
9785,9803,9787
9806,9803,9785
9807,9785,9788
9806,9785,9807
9318,9807,9317
9807,9790,9317
9807,9788,9790
9317,9790,9320
9320,9790,9791
9320,9791,9322
9322,9791,9792
9322,9792,9296
9793,9329,9311
9329,9793,9331
9331,9793,9795
9809,9808,9332
9809,9332,9331
9796,9809,9331
9795,9796,9331
9810,9808,9809
9799,9797,9811
9799,9811,9812
9334,9811,9314
9314,9811,9797
9801,9335,9315
9814,9813,9337
9814,9337,9335
9802,9814,9335
9801,9802,9335
9816,9815,9813
9816,9813,9814
9818,9817,9815
9818,9815,9816
9820,9819,9817
9820,9817,9818
9819,9820,9805
9819,9805,9803
9340,9819,9803
9339,9340,9803
9339,9803,9342
9342,9803,9806
9342,9806,9344
9344,9806,9807
9344,9807,9318
9808,9347,9332
9822,9821,9348
9822,9348,9347
9810,9822,9347
9808,9810,9347
9824,9823,9821
9824,9821,9822
9823,9824,9812
9823,9812,9811
9351,9823,9811
9350,9351,9811
9350,9811,9334
9813,9354,9337
9354,9813,9357
9357,9813,9815
9357,9815,9359
9359,9815,9817
9359,9817,9361
9361,9817,9819
9361,9819,9340
9821,9363,9348
9363,9821,9365
9365,9821,9823
9365,9823,9351
9827,9826,9825
9829,9828,9825
9825,9828,9827
9831,9830,9829
9829,9830,9828
9833,9832,9831
9831,9832,9830
9833,9834,9832
9837,9836,9835
9837,9835,9826
9835,9825,9826
9835,9838,9825
9825,9839,9829
9825,9838,9839
9829,9840,9831
9829,9839,9840
9831,9841,9833
9831,9840,9841
9834,9833,9842
9833,9843,9842
9833,9841,9843
9843,9844,9842
9847,9846,9845
9849,9848,9845
9845,9848,9847
9851,9850,9849
9849,9850,9848
9853,9852,9851
9851,9852,9850
9853,9854,9852
9857,9856,9855
9857,9855,9836
9836,9855,9835
9855,9369,9835
9369,9370,9835
9835,9370,9371
9835,9371,9838
9838,9371,9373
9838,9373,9839
9839,9373,9375
9839,9375,9840
9840,9375,9377
9840,9377,9841
9841,9377,9379
9841,9379,9843
9859,9858,9381
9381,9858,9379
9858,9844,9379
9844,9843,9379
9859,9860,9858
9863,9862,9861
9383,9384,9861
9384,9863,9861
9384,9864,9863
9385,9845,9846
9864,9385,9846
9384,9385,9864
9845,9385,9387
9845,9387,9849
9849,9387,9389
9849,9389,9851
9851,9389,9391
9851,9391,9853
9865,9854,9853
9391,9865,9853
9393,9865,9391
9866,9393,9395
9866,9865,9393
9868,9867,9397
9867,9395,9397
9867,9866,9395
9868,9869,9867
9872,9871,9870
9872,9870,9856
9856,9870,9855
9870,9399,9855
9399,9400,9855
9855,9400,9369
9407,9859,9381
9874,9873,9409
9409,9873,9407
9873,9860,9407
9860,9859,9407
9874,9875,9873
9878,9877,9876
9878,9876,9862
9862,9876,9861
9876,9411,9861
9411,9412,9861
9861,9412,9383
9413,9868,9397
9879,9869,9868
9413,9879,9868
9414,9879,9413
9414,9415,9879
9879,9415,9880
9870,9871,9418
9871,9417,9418
9871,9881,9417
9870,9418,9399
9427,9874,9409
9427,9429,9874
9429,9875,9874
9429,9882,9875
9885,9884,9883
9885,9883,9877
9877,9883,9876
9883,9430,9876
9430,9431,9876
9876,9431,9411
9415,9432,9886
9887,9415,9886
9880,9415,9887
9433,9888,9432
9432,9888,9886
9434,9888,9433
9891,9890,9889
9881,9891,9889
9436,9881,9889
9417,9881,9436
9892,9882,9429
9892,9429,9446
9446,9448,9892
9892,9448,9893
9883,9884,9450
9884,9449,9450
9884,9894,9449
9883,9450,9430
9895,9887,9886
9895,9886,9888
9895,9888,9896
9898,9896,9897
9897,9896,9451
9896,9888,9451
9888,9434,9451
9453,9897,9451
9889,9890,9899
9899,9890,9900
9899,9455,9436
9899,9436,9889
9459,9893,9448
9459,9901,9893
9902,9460,9461
9449,9894,9903
9902,9449,9903
9904,9902,9903
9461,9449,9902
9905,9904,9903
9898,9897,9906
9898,9906,9907
9462,9908,9453
9908,9897,9453
9908,9906,9897
9464,9908,9462
9899,9900,9467
9900,9466,9467
9900,9909,9466
9899,9467,9455
9459,9469,9910
9911,9459,9910
9901,9459,9911
9470,9910,9469
9912,9471,9902
9902,9471,9460
9913,9902,9904
9912,9902,9913
9904,9905,9914
9904,9914,9913
9915,9907,9906
9917,9916,9915
9906,9917,9915
9908,9917,9906
9472,9918,9464
9918,9908,9464
9918,9917,9908
9474,9918,9472
9920,9919,9477
9477,9919,9476
9477,9466,9909
9477,9909,9920
9911,9910,9921
9911,9921,9922
9478,9921,9470
9470,9921,9910
9912,9479,9471
9479,9912,9481
9912,9923,9481
9912,9913,9923
9913,9914,9924
9925,9913,9924
9923,9913,9925
9926,9925,9924
9929,9928,9927
9927,9928,9916
9917,9927,9916
9930,9927,9917
9931,9917,9918
9930,9917,9931
9482,9932,9474
9932,9918,9474
9932,9931,9918
9484,9932,9482
9934,9933,9488
9488,9933,9487
9488,9476,9919
9488,9919,9934
9937,9936,9935
9935,9936,9922
9921,9935,9922
9938,9935,9921
9489,9939,9478
9939,9921,9478
9939,9938,9921
9490,9939,9489
9940,9492,9923
9923,9492,9481
9941,9923,9925
9940,9923,9941
9925,9926,9942
9943,9925,9942
9941,9925,9943
9945,9944,9943
9945,9943,9942
9947,9946,9944
9947,9944,9945
9949,9948,9946
9949,9946,9947
9951,9950,9948
9951,9948,9949
9953,9952,9950
9953,9950,9951
9954,9952,9953
9929,9927,9955
9929,9955,9956
9957,9927,9930
9955,9927,9957
9958,9930,9931
9957,9930,9958
9959,9931,9932
9958,9931,9959
9494,9959,9484
9484,9959,9932
9960,9500,9501
9502,9961,9501
9501,9961,9960
9962,9961,9502
9487,9962,9502
9933,9962,9487
9937,9935,9963
9937,9963,9964
9965,9935,9938
9963,9935,9965
9966,9938,9939
9965,9938,9966
9503,9966,9490
9490,9966,9939
9940,9505,9492
9505,9940,9507
9507,9940,9941
9507,9941,9509
9509,9941,9943
9509,9943,9511
9511,9943,9944
9511,9944,9513
9513,9944,9946
9513,9946,9515
9515,9946,9948
9515,9948,9517
9517,9948,9950
9517,9950,9518
9950,9967,9518
9950,9952,9967
9952,9954,9968
9969,9952,9968
9967,9952,9969
9971,9970,9969
9971,9969,9968
9973,9972,9970
9973,9970,9971
9975,9974,9972
9975,9972,9973
9977,9976,9974
9977,9974,9975
9979,9978,9976
9979,9976,9977
9978,9979,9956
9955,9978,9956
9980,9978,9955
9981,9955,9957
9980,9955,9981
9982,9957,9958
9981,9957,9982
9983,9958,9959
9982,9958,9983
9520,9983,9494
9494,9983,9959
9984,9525,9526
9500,9960,9526
9960,9984,9526
9960,9985,9984
9961,9987,9986
9985,9961,9986
9960,9961,9985
9987,9961,9962
9990,9989,9988
9988,9989,9964
9963,9988,9964
9991,9988,9963
9992,9963,9965
9991,9963,9992
9529,9992,9528
9992,9966,9528
9992,9965,9966
9528,9966,9503
9967,9531,9518
9531,9967,9534
9534,9967,9969
9534,9969,9536
9536,9969,9970
9536,9970,9538
9538,9970,9972
9538,9972,9539
9972,9993,9539
9972,9974,9993
9994,9974,9976
9993,9974,9994
9995,9976,9978
9994,9976,9995
9996,9978,9980
9995,9978,9996
9997,9980,9981
9996,9980,9997
9542,9997,9541
9997,9982,9541
9997,9981,9982
9541,9982,9544
9544,9982,9983
9544,9983,9520
9998,9549,9550
9525,9984,9550
9984,9998,9550
9984,9999,9998
9985,10001,10000
9999,9985,10000
9984,9985,9999
10001,9985,9986
10004,10003,10002
10002,10003,9990
9988,10002,9990
10005,10002,9988
10006,9988,9991
10005,9988,10006
10007,9991,9992
10006,9991,10007
9552,10007,9529
9529,10007,9992
9993,9554,9539
9554,9993,9557
9557,9993,9994
9557,9994,9559
9559,9994,9995
9559,9995,9561
9561,9995,9996
9561,9996,9563
9563,9996,9997
9563,9997,9542
10008,9569,9570
9549,9998,9570
9998,10008,9570
9998,10009,10008
9999,10011,10010
10009,9999,10010
9998,9999,10009
10011,9999,10000
10004,10002,10012
10004,10012,10013
10014,10002,10005
10012,10002,10014
10015,10005,10006
10014,10005,10015
9573,10015,9572
10015,10007,9572
10015,10006,10007
9572,10007,9552
10016,9580,9581
9569,10008,9581
10008,10016,9581
10008,10017,10016
10009,10019,10018
10017,10009,10018
10008,10009,10017
10019,10009,10010
10022,10021,10020
10020,10021,10013
10012,10020,10013
10023,10020,10012
9584,10023,9583
10023,10014,9583
10023,10012,10014
9583,10014,9586
9586,10014,10015
9586,10015,9573
10024,9590,10016
10016,9590,9580
10025,10016,10017
10024,10016,10025
10017,10018,10026
10017,10026,10025
10029,10028,10027
10027,10028,10022
10020,10027,10022
10030,10027,10020
9593,10030,9592
10030,10023,9592
10030,10020,10023
9592,10023,9584
10031,9597,10024
10024,9597,9590
10025,10033,10032
10031,10025,10032
10024,10025,10031
10033,10025,10026
10036,10035,10034
10034,10035,10029
10027,10034,10029
10037,10034,10027
9600,10037,9599
10037,10030,9599
10037,10027,10030
9599,10030,9593
10038,9602,10031
10031,9602,9597
10031,10032,10039
10031,10039,10038
10036,10034,10040
10036,10040,10041
9605,10040,9604
10040,10037,9604
10040,10034,10037
9604,10037,9600
10038,9607,9602
10043,10042,9608
10043,9608,9607
10039,10043,9607
10038,10039,9607
10044,10042,10043
10047,10046,10045
10045,10046,10041
10045,10041,10040
9611,10045,10040
9610,9611,10040
9610,10040,9605
10048,9613,10042
10042,9613,9608
10042,10044,10049
10042,10049,10048
10047,10045,10050
10047,10050,10051
9615,10050,9611
9611,10050,10045
10052,9616,10048
10048,9616,9613
10048,10049,10053
10048,10053,10052
10056,10055,10054
10054,10055,10051
10050,10054,10051
10057,10054,10050
9617,10057,9615
9615,10057,10050
10052,9618,9616
9620,9618,10052
10053,9620,10052
10058,9620,10053
10056,10054,10059
10056,10059,10060
9623,10059,9622
10059,10057,9622
10059,10054,10057
9622,10057,9617
10062,9624,10061
9624,10058,10061
9624,9620,10058
10063,10062,10061
10066,10065,10064
10064,10065,10060
10059,10064,10060
10067,10064,10059
9626,10067,9623
9623,10067,10059
10068,9627,10062
10062,9627,9624
10062,10063,10069
10062,10069,10068
10066,10064,10070
10066,10070,10071
10072,10064,10067
10070,10064,10072
9629,10072,9626
9626,10072,10067
10073,9630,10068
10068,9630,9627
10068,10069,10074
10068,10074,10073
10071,10070,10075
10071,10075,10076
10077,10070,10072
10075,10070,10077
9632,10077,9629
9629,10077,10072
10078,9633,10073
10073,9633,9630
10073,10074,10079
10073,10079,10078
10076,10075,10080
10076,10080,10081
10082,10075,10077
10080,10075,10082
9635,10082,9632
9632,10082,10077
10083,9637,10078
10078,9637,9633
10078,10079,10084
10078,10084,10083
10081,10080,10085
10081,10085,10086
10087,10080,10082
10085,10080,10087
9639,10087,9635
9635,10087,10082
10088,9641,9642
9637,10083,9642
10083,10088,9642
10083,10089,10088
10083,10084,10090
10083,10090,10089
10091,10086,10085
10093,10092,10091
10085,10093,10091
10087,10093,10085
9643,10094,9639
10094,10087,9639
10094,10093,10087
9644,10094,9643
10095,9648,10088
10088,9648,9641
10096,10088,10089
10095,10088,10096
10089,10090,10097
10089,10097,10096
10098,10092,10093
10100,10099,10098
10093,10100,10098
10094,10100,10093
9649,10101,9644
10101,10094,9644
10101,10100,10094
9650,10102,9649
9649,10102,10101
9652,10102,9650
10103,9654,9655
9648,10095,9655
10095,10103,9655
10095,10104,10103
10096,10106,10105
10104,10096,10105
10095,10096,10104
10106,10096,10097
10107,10099,10100
10107,10100,10101
10107,10101,10108
10110,10109,10108
10101,10110,10108
10102,10110,10101
9656,10111,9652
10111,10102,9652
10111,10110,10102
9657,10111,9656
10112,9665,9666
9654,10103,9666
10103,10112,9666
10103,10113,10112
10104,10115,10114
10113,10104,10114
10103,10104,10113
10115,10104,10105
10116,10109,10110
10118,10117,10116
10110,10118,10116
10111,10118,10110
9667,10118,9657
9657,10118,10111
10119,9669,9670
9671,10120,9670
9670,10120,10119
9672,10121,9671
9671,10121,10120
9673,10122,9672
9672,10122,10121
9674,10123,9673
9673,10123,10122
9675,10124,9674
9674,10124,10123
9676,10125,9675
9675,10125,10124
9665,10112,9676
10112,10125,9676
10112,10126,10125
10113,10128,10127
10126,10113,10127
10112,10113,10126
10128,10113,10114
10129,10117,10118
10118,9667,10129
9667,10130,10129
9667,9677,10130
10131,9678,9679
10132,10131,9679
10132,9679,9669
10133,10132,9669
10119,10133,9669
10133,10119,10120
10133,10120,10134
10134,10120,10121
10134,10121,10135
10135,10121,10122
10135,10122,10136
10136,10122,10123
10136,10123,10137
10137,10123,10124
10137,10124,10138
10138,10124,10125
10138,10125,10139
10139,10125,10126
10139,10126,10140
10140,10126,10127
9680,10130,9677
9680,10141,10130
10143,10142,10131
10142,9678,10131
10142,9681,9678
10143,10131,10132
9682,10141,9680
9682,10144,10141
10142,9683,9681
10145,9683,10142
9684,10144,9682
9684,10146,10144
10145,9685,9683
10147,9685,10145
9686,10146,9684
9686,10148,10146
10147,9687,9685
10149,9687,10147
9688,10148,9686
9688,10150,10148
10149,9689,9687
10151,9689,10149
9690,10150,9688
9690,10152,10150
10151,9691,9689
10153,9691,10151
9692,10152,9690
9692,10154,10152
10153,9693,9691
10155,9693,10153
9694,10154,9692
9694,10156,10154
10155,9695,9693
10157,9695,10155
9696,10156,9694
9696,10158,10156
10157,9697,9695
10159,9697,10157
9698,10158,9696
9698,10160,10158
10159,9699,9697
10161,9699,10159
10164,10163,10162
10166,10165,10162
10166,10162,10163
10168,10167,10165
10168,10165,10166
10169,10167,10168
9698,9700,10170
10171,9698,10170
10160,9698,10171
9701,10170,9700
10161,9702,9699
10172,9702,10161
10175,10174,10173
10173,10174,10164
10162,10173,10164
10176,10173,10162
10177,10162,10165
10176,10162,10177
10178,10165,10167
10177,10165,10178
10167,10169,10179
10180,10167,10179
10178,10167,10180
10182,10181,10180
10182,10180,10179
10183,10181,10182
10171,10170,10184
10171,10184,10185
9703,10184,9701
9701,10184,10170
10172,9704,9702
10186,9704,10172
10189,10188,10187
10187,10188,10175
10173,10187,10175
10190,10187,10173
10191,10173,10176
10190,10173,10191
10192,10176,10177
10191,10176,10192
10193,10177,10178
10192,10177,10193
10194,10178,10180
10193,10178,10194
10195,10180,10181
10194,10180,10195
10181,10183,10196
10197,10181,10196
10195,10181,10197
10198,10197,10196
10185,10184,10199
10185,10199,10200
9705,10199,9703
9703,10199,10184
10186,9706,9704
10201,9706,10186
10204,10203,10202
10202,10203,10189
10187,10202,10189
10205,10202,10187
10206,10187,10190
10205,10187,10206
10207,10190,10191
10206,10190,10207
10208,10191,10192
10207,10191,10208
10209,10192,10193
10208,10192,10209
10210,10193,10194
10209,10193,10210
10211,10194,10195
10210,10194,10211
10212,10195,10197
10211,10195,10212
10197,10198,10213
10214,10197,10213
10212,10197,10214
10215,10214,10213
10216,10200,10199
10199,9705,10216
9705,10217,10216
9705,9707,10217
10201,9708,9706
10218,9708,10201
10204,10202,10219
10204,10219,10220
10221,10202,10205
10219,10202,10221
10222,10205,10206
10221,10205,10222
10223,10206,10207
10222,10206,10223
10224,10207,10208
10223,10207,10224
10225,10208,10209
10224,10208,10225
10226,10209,10210
10225,10209,10226
10227,10210,10211
10226,10210,10227
10228,10211,10212
10227,10211,10228
10229,10212,10214
10228,10212,10229
10214,10215,10230
10231,10214,10230
10229,10214,10231
10232,10231,10230
9710,10217,9707
9710,10233,10217
10218,9711,9708
10234,9711,10218
10237,10236,10235
10235,10236,10220
10219,10235,10220
10238,10235,10219
10239,10219,10221
10238,10219,10239
10240,10221,10222
10239,10221,10240
10241,10222,10223
10240,10222,10241
10242,10223,10224
10241,10223,10242
10243,10224,10225
10242,10224,10243
10244,10225,10226
10243,10225,10244
10245,10226,10227
10244,10226,10245
10246,10227,10228
10245,10227,10246
10247,10228,10229
10246,10228,10247
10248,10229,10231
10247,10229,10248
10231,10232,10249
10250,10231,10249
10248,10231,10250
10251,10250,10249
10254,10253,10252
10253,10233,10252
10233,9713,10252
10233,9710,9713
10234,9714,9711
10255,9714,10234
10258,10257,10256
10256,10257,10237
10235,10256,10237
10259,10256,10235
10260,10235,10238
10259,10235,10260
10261,10238,10239
10260,10238,10261
10262,10239,10240
10261,10239,10262
9717,10262,9716
10262,10241,9716
10262,10240,10241
9716,10241,9719
9719,10241,10242
9719,10242,9721
9721,10242,10243
9721,10243,9723
9723,10243,10244
9723,10244,9725
9725,10244,10245
9725,10245,9726
10245,10263,9726
10245,10246,10263
10264,10246,10247
10263,10246,10264
10265,10247,10248
10264,10247,10265
10266,10248,10250
10265,10248,10266
10250,10251,10267
10268,10250,10267
10266,10250,10268
10269,10268,10267
10254,10252,10270
10254,10270,10271
9728,10270,9713
9713,10270,10252
10255,9729,9714
10272,9729,10255
10275,10274,10273
10273,10274,10258
10256,10273,10258
10276,10273,10256
10277,10256,10259
10276,10256,10277
10278,10259,10260
10277,10259,10278
9732,10278,9731
10278,10261,9731
10278,10260,10261
9731,10261,9734
9734,10261,10262
9734,10262,9717
10263,9740,9726
9740,10263,9743
9743,10263,10264
9743,10264,9744
10264,10279,9744
10264,10265,10279
10280,10265,10266
10279,10265,10280
10281,10266,10268
10280,10266,10281
10268,10269,10282
10283,10268,10282
10281,10268,10283
10284,10283,10282
10287,10286,10285
10285,10286,10271
10270,10285,10271
10288,10285,10270
9746,10288,9728
9728,10288,10270
10272,9747,9729
10289,9747,10272
10292,10291,10290
10290,10291,10275
10273,10290,10275
10293,10290,10273
10294,10273,10276
10293,10273,10294
10295,10276,10277
10294,10276,10295
9750,10295,9749
10295,10278,9749
10295,10277,10278
9749,10278,9732
10279,9760,9744
9760,10279,9763
9763,10279,10280
9763,10280,9764
10280,10296,9764
10280,10281,10296
10297,10281,10283
10296,10281,10297
10283,10284,10298
10299,10283,10298
10297,10283,10299
10299,10298,10287
10285,10299,10287
10300,10299,10285
10301,10285,10288
10300,10285,10301
9766,10301,9746
9746,10301,10288
10303,9767,10302
9767,10289,10302
9767,9747,10289
10304,10303,10302
10307,10306,10305
10305,10306,10292
10290,10305,10292
10308,10305,10290
10309,10290,10293
10308,10290,10309
9770,10309,9769
10309,10294,9769
10309,10293,10294
9769,10294,9772
9772,10294,10295
9772,10295,9750
10310,9781,10296
10296,9781,9764
10311,10296,10297
10310,10296,10311
10312,10297,10299
10311,10297,10312
10313,10299,10300
10312,10299,10313
10314,10300,10301
10313,10300,10314
9783,10314,9766
9766,10314,10301
10315,9784,10303
10303,9784,9767
10303,10304,10316
10317,10303,10316
10315,10303,10317
10318,10317,10316
10321,10320,10319
10323,10322,10319
10323,10319,10320
10322,10323,10307
10305,10322,10307
10324,10322,10305
9787,10324,9786
10324,10308,9786
10324,10305,10308
9786,10308,9789
9789,10308,10309
9789,10309,9770
10310,9794,9781
9794,10310,9796
10310,10325,9796
10310,10311,10325
10326,10311,10312
10325,10311,10326
10327,10312,10313
10326,10312,10327
9799,10327,9798
10327,10314,9798
10327,10313,10314
9798,10314,9783
10315,9800,9784
9800,10315,9802
10315,10328,9802
10315,10317,10328
10317,10318,10329
10330,10317,10329
10328,10317,10330
10330,10329,10321
10319,10330,10321
10331,10330,10319
10332,10319,10322
10331,10319,10332
9805,10332,9804
10332,10324,9804
10332,10322,10324
9804,10324,9787
10325,9809,9796
9809,10325,9810
10325,10333,9810
10325,10326,10333
10334,10326,10327
10333,10326,10334
9812,10334,9799
9799,10334,10327
10328,9814,9802
9814,10328,9816
9816,10328,10330
9816,10330,9818
9818,10330,10331
9818,10331,9820
9820,10331,10332
9820,10332,9805
10333,9822,9810
9822,10333,9824
9824,10333,10334
9824,10334,9812
10336,10335,9827
9827,10335,9826
10337,9827,9828
10337,10336,9827
10338,9828,9830
10338,10337,9828
10339,9830,9832
10339,10338,9830
9832,9834,10339
10339,9834,10340
10342,10341,9837
9837,10341,9836
9837,9826,10335
9837,10335,10342
10343,10340,9834
10343,9834,9842
9842,9844,10343
10343,9844,10344
10345,9846,9847
9848,10346,9847
9847,10346,10345
9850,10347,9848
9848,10347,10346
9852,10348,9850
9850,10348,10347
9854,10348,9852
10350,10349,9857
9857,10349,9856
9857,9836,10341
9857,10341,10350
10351,10344,9844
10351,9844,9858
9858,9860,10351
10351,9860,10352
10353,9862,9863
9864,10354,9863
9863,10354,10353
9846,10345,9864
10345,10354,9864
10345,10355,10354
10356,10345,10346
10355,10345,10356
10347,10358,10357
10356,10347,10357
10346,10347,10356
10358,10347,10348
10358,10348,10359
10361,10359,10360
10360,10359,9865
10359,10348,9865
10348,9854,9865
9866,10362,9865
9865,10362,10360
9867,10363,9866
9866,10363,10362
9869,10363,9867
10365,10364,9872
9872,10364,9871
9872,9856,10349
9872,10349,10365
9860,9873,10366
10367,9860,10366
10352,9860,10367
9875,10366,9873
10368,9877,9878
10369,10368,9878
10369,9878,9862
10370,10369,9862
10353,10370,9862
10370,10353,10354
10370,10354,10371
10371,10354,10355
10371,10355,10372
10372,10355,10356
10372,10356,10373
10373,10356,10357
10374,10361,10360
10374,10360,10362
10374,10362,10375
10377,10376,10375
10362,10377,10375
10363,10377,10362
9879,10378,9869
10378,10363,9869
10378,10377,10363
9880,10378,9879
10364,9881,9871
10379,9881,10364
10367,10366,10380
10367,10380,10381
9882,10380,9875
9875,10380,10366
10382,9884,9885
10383,10382,9885
10383,9885,9877
10384,10383,9877
10368,10384,9877
10384,10368,10369
10385,10376,10377
10385,10377,10378
10385,10378,10386
10378,9880,10386
9880,10387,10386
9880,9887,10387
10388,9890,9891
10389,10388,9891
9881,10389,9891
10379,10389,9881
10392,10391,10390
10390,10391,10381
10380,10390,10381
10393,10390,10380
9892,10394,9882
10394,10380,9882
10394,10393,10380
9893,10394,9892
10395,9894,10382
10382,9894,9884
10382,10383,10396
10382,10396,10395
10397,10387,9887
10397,9887,9895
10399,10397,10398
10397,9896,10398
10397,9895,9896
9898,10398,9896
10400,9900,10388
10388,9900,9890
10388,10389,10401
10388,10401,10400
10392,10390,10402
10392,10402,10403
10404,10390,10393
10402,10390,10404
10405,10393,10394
10404,10393,10405
9901,10405,9893
9893,10405,10394
10395,9903,9894
10407,10406,9905
10407,9905,9903
10396,10407,9903
10395,10396,9903
10408,10406,10407
10399,10398,10409
10399,10409,10410
9907,10409,9898
9898,10409,10398
10412,10411,10400
10411,9900,10400
10411,9909,9900
10412,10400,10401
10403,10402,10413
10403,10413,10414
10415,10402,10404
10413,10402,10415
10416,10404,10405
10415,10404,10416
9911,10416,9901
9901,10416,10405
10417,9914,10406
10406,9914,9905
10406,10408,10418
10419,10406,10418
10417,10406,10419
10420,10419,10418
10410,10409,10421
10410,10421,10422
9915,10423,9907
10423,10409,9907
10423,10421,10409
9916,10423,9915
10424,9919,9920
10425,10424,9920
9909,10425,9920
10411,10425,9909
10428,10427,10426
10426,10427,10414
10413,10426,10414
10429,10426,10413
10430,10413,10415
10429,10413,10430
10431,10415,10416
10430,10415,10431
9922,10431,9911
9911,10431,10416
10417,9924,9914
9924,10417,9926
10417,10432,9926
10417,10419,10432
10419,10420,10433
10434,10419,10433
10432,10419,10434
10436,10435,10434
10436,10434,10433
10438,10437,10435
10438,10435,10436
10440,10439,10437
10440,10437,10438
10442,10441,10439
10442,10439,10440
10444,10443,10441
10444,10441,10442
10446,10445,10443
10446,10443,10444
10448,10447,10445
10448,10445,10446
10449,10447,10448
10422,10421,10450
10422,10450,10451
9929,10450,9928
10450,10423,9928
10450,10421,10423
9928,10423,9916
10452,9933,9934
10453,10452,9934
10453,9934,9919
10454,10453,9919
10424,10454,9919
10454,10424,10425
10428,10426,10455
10428,10455,10456
10457,10426,10429
10455,10426,10457
10458,10429,10430
10457,10429,10458
9937,10458,9936
10458,10431,9936
10458,10430,10431
9936,10431,9922
10432,9942,9926
9942,10432,9945
9945,10432,10434
9945,10434,9947
9947,10434,10435
9947,10435,9949
9949,10435,10437
9949,10437,9951
9951,10437,10439
9951,10439,9953
9953,10439,10441
9953,10441,9954
10441,10459,9954
10441,10443,10459
10460,10443,10445
10459,10443,10460
10461,10445,10447
10460,10445,10461
10447,10449,10462
10463,10447,10462
10461,10447,10463
10465,10464,10463
10465,10463,10462
10464,10465,10451
10450,10464,10451
10466,10464,10450
9956,10466,9929
9929,10466,10450
10468,10467,10452
10467,9933,10452
10467,9962,9933
10468,10452,10453
10456,10455,10469
10456,10469,10470
10471,10455,10457
10469,10455,10471
10472,10457,10458
10471,10457,10472
9964,10472,9937
9937,10472,10458
10459,9968,9954
9968,10459,9971
9971,10459,10460
9971,10460,9973
9973,10460,10461
9973,10461,9975
9975,10461,10463
9975,10463,9977
9977,10463,10464
9977,10464,9979
9979,10464,10466
9979,10466,9956
10474,10473,9987
9987,10473,9986
9987,9962,10467
9987,10467,10474
10477,10476,10475
10475,10476,10470
10469,10475,10470
10478,10475,10469
10479,10469,10471
10478,10469,10479
9990,10479,9989
10479,10472,9989
10479,10471,10472
9989,10472,9964
10481,10480,10001
10001,10480,10000
10001,9986,10473
10001,10473,10481
10477,10475,10482
10477,10482,10483
10484,10475,10478
10482,10475,10484
10004,10484,10003
10484,10479,10003
10484,10478,10479
10003,10479,9990
10486,10485,10011
10011,10485,10010
10011,10000,10480
10011,10480,10486
10483,10482,10487
10483,10487,10488
10489,10482,10484
10487,10482,10489
10013,10489,10004
10004,10489,10484
10490,10018,10019
10491,10490,10019
10010,10491,10019
10485,10491,10010
10494,10493,10492
10492,10493,10488
10487,10492,10488
10495,10492,10487
10022,10495,10021
10495,10489,10021
10495,10487,10489
10021,10489,10013
10497,10496,10490
10496,10018,10490
10496,10026,10018
10497,10490,10491
10494,10492,10498
10494,10498,10499
10029,10498,10028
10498,10495,10028
10498,10492,10495
10028,10495,10022
10500,10032,10033
10501,10500,10033
10026,10501,10033
10496,10501,10026
10504,10503,10502
10502,10503,10499
10502,10499,10498
10036,10502,10498
10035,10036,10498
10035,10498,10029
10505,10039,10500
10500,10039,10032
10500,10501,10506
10500,10506,10505
10509,10508,10507
10507,10508,10504
10502,10507,10504
10510,10507,10502
10041,10510,10036
10036,10510,10502
10505,10043,10039
10044,10043,10505
10506,10044,10505
10511,10044,10506
10514,10513,10512
10512,10513,10509
10507,10512,10509
10515,10512,10507
10047,10515,10046
10515,10510,10046
10515,10507,10510
10046,10510,10041
10517,10049,10516
10049,10511,10516
10049,10044,10511
10518,10517,10516
10514,10512,10519
10514,10519,10520
10521,10512,10515
10519,10512,10521
10051,10521,10047
10047,10521,10515
10522,10053,10517
10517,10053,10049
10517,10518,10523
10517,10523,10522
10526,10525,10524
10524,10525,10520
10519,10524,10520
10527,10524,10519
10056,10527,10055
10527,10521,10055
10527,10519,10521
10055,10521,10051
10528,10058,10522
10522,10058,10053
10522,10523,10529
10522,10529,10528
10532,10531,10530
10530,10531,10526
10524,10530,10526
10533,10530,10524
10534,10524,10527
10533,10524,10534
10060,10534,10056
10056,10534,10527
10528,10061,10058
10536,10535,10063
10536,10063,10061
10529,10536,10061
10528,10529,10061
10537,10535,10536
10540,10539,10538
10542,10541,10538
10542,10538,10539
10541,10542,10532
10530,10541,10532
10543,10541,10530
10544,10530,10533
10543,10530,10544
10066,10544,10065
10544,10534,10065
10544,10533,10534
10065,10534,10060
10545,10069,10535
10535,10069,10063
10535,10537,10546
10547,10535,10546
10545,10535,10547
10549,10548,10547
10549,10547,10546
10551,10550,10548
10551,10548,10549
10550,10551,10540
10538,10550,10540
10552,10550,10538
10553,10538,10541
10552,10538,10553
10554,10541,10543
10553,10541,10554
10555,10543,10544
10554,10543,10555
10071,10555,10066
10066,10555,10544
10556,10074,10545
10545,10074,10069
10557,10545,10547
10556,10545,10557
10558,10547,10548
10557,10547,10558
10559,10548,10550
10558,10548,10559
10560,10550,10552
10559,10550,10560
10561,10552,10553
10560,10552,10561
10562,10553,10554
10561,10553,10562
10563,10554,10555
10562,10554,10563
10076,10563,10071
10071,10563,10555
10564,10079,10556
10556,10079,10074
10565,10556,10557
10564,10556,10565
10566,10557,10558
10565,10557,10566
10567,10558,10559
10566,10558,10567
10568,10559,10560
10567,10559,10568
10569,10560,10561
10568,10560,10569
10570,10561,10562
10569,10561,10570
10571,10562,10563
10570,10562,10571
10081,10571,10076
10076,10571,10563
10572,10084,10564
10564,10084,10079
10573,10564,10565
10572,10564,10573
10574,10565,10566
10573,10565,10574
10575,10566,10567
10574,10566,10575
10576,10567,10568
10575,10567,10576
10577,10568,10569
10576,10568,10577
10578,10569,10570
10577,10569,10578
10579,10570,10571
10578,10570,10579
10086,10579,10081
10081,10579,10571
10580,10090,10572
10572,10090,10084
10581,10572,10573
10580,10572,10581
10582,10573,10574
10581,10573,10582
10583,10574,10575
10582,10574,10583
10584,10575,10576
10583,10575,10584
10585,10576,10577
10584,10576,10585
10586,10577,10578
10585,10577,10586
10587,10578,10579
10586,10578,10587
10091,10588,10086
10588,10579,10086
10588,10587,10579
10092,10588,10091
10589,10097,10580
10580,10097,10090
10590,10580,10581
10589,10580,10590
10591,10581,10582
10590,10581,10591
10592,10582,10583
10591,10582,10592
10593,10583,10584
10592,10583,10593
10594,10584,10585
10593,10584,10594
10595,10585,10586
10594,10585,10595
10596,10586,10587
10595,10586,10596
10597,10587,10588
10596,10587,10597
10098,10598,10092
10598,10588,10092
10598,10597,10588
10099,10598,10098
10599,10105,10106
10097,10589,10106
10589,10599,10106
10589,10600,10599
10601,10589,10590
10600,10589,10601
10602,10590,10591
10601,10590,10602
10603,10591,10592
10602,10591,10603
10604,10592,10593
10603,10592,10604
10605,10593,10594
10604,10593,10605
10606,10594,10595
10605,10594,10606
10607,10595,10596
10606,10595,10607
10608,10596,10597
10607,10596,10608
10609,10597,10598
10608,10597,10609
10107,10610,10099
10610,10598,10099
10610,10609,10598
10108,10611,10107
10107,10611,10610
10109,10611,10108
10612,10114,10115
10105,10599,10115
10599,10612,10115
10599,10613,10612
10614,10599,10600
10613,10599,10614
10615,10600,10601
10614,10600,10615
10616,10601,10602
10615,10601,10616
10617,10602,10603
10616,10602,10617
10618,10603,10604
10617,10603,10618
10619,10604,10605
10618,10604,10619
10620,10605,10606
10619,10605,10620
10607,10622,10621
10620,10607,10621
10606,10607,10620
10622,10607,10608
10622,10608,10623
10623,10608,10609
10623,10609,10624
10624,10609,10610
10624,10610,10625
10627,10626,10625
10610,10627,10625
10611,10627,10610
10116,10628,10109
10628,10611,10109
10628,10627,10611
10117,10628,10116
10629,10127,10128
10114,10612,10128
10612,10629,10128
10612,10630,10629
10631,10612,10613
10630,10612,10631
10632,10613,10614
10631,10613,10632
10633,10614,10615
10632,10614,10633
10634,10615,10616
10633,10615,10634
10635,10616,10617
10634,10616,10635
10636,10617,10618
10635,10617,10636
10637,10618,10619
10636,10618,10637
10620,10639,10638
10637,10620,10638
10619,10620,10637
10639,10620,10621
10640,10626,10627
10640,10627,10628
10640,10628,10641
10643,10641,10642
10642,10641,10129
10641,10628,10129
10628,10117,10129
10130,10642,10129
10644,10132,10133
10134,10645,10133
10133,10645,10644
10135,10646,10134
10134,10646,10645
10136,10647,10135
10135,10647,10646
10137,10648,10136
10136,10648,10647
10138,10649,10137
10137,10649,10648
10139,10650,10138
10138,10650,10649
10140,10651,10139
10139,10651,10650
10127,10629,10140
10629,10651,10140
10629,10652,10651
10653,10629,10630
10652,10629,10653
10654,10630,10631
10653,10630,10654
10655,10631,10632
10654,10631,10655
10656,10632,10633
10655,10632,10656
10657,10633,10634
10656,10633,10657
10658,10634,10635
10657,10634,10658
10659,10635,10636
10658,10635,10659
10660,10636,10637
10659,10636,10660
10637,10638,10661
10637,10661,10660
10643,10642,10662
10643,10662,10663
10141,10662,10130
10130,10662,10642
10664,10142,10143
10665,10664,10143
10665,10143,10132
10666,10665,10132
10644,10666,10132
10666,10644,10645
10666,10645,10667
10667,10645,10646
10667,10646,10668
10670,10669,10668
10646,10670,10668
10647,10670,10646
10671,10647,10648
10670,10647,10671
10672,10648,10649
10671,10648,10672
10673,10649,10650
10672,10649,10673
10674,10650,10651
10673,10650,10674
10675,10651,10652
10674,10651,10675
10676,10652,10653
10675,10652,10676
10677,10653,10654
10676,10653,10677
10678,10654,10655
10677,10654,10678
10679,10655,10656
10678,10655,10679
10680,10656,10657
10679,10656,10680
10681,10657,10658
10680,10657,10681
10682,10658,10659
10681,10658,10682
10683,10659,10660
10682,10659,10683
10660,10661,10684
10660,10684,10683
10663,10662,10685
10663,10685,10686
10144,10685,10141
10141,10685,10662
10688,10687,10664
10687,10142,10664
10687,10145,10142
10688,10664,10665
10689,10669,10670
10689,10670,10671
10689,10671,10690
10692,10691,10690
10671,10692,10690
10672,10692,10671
10693,10672,10673
10692,10672,10693
10694,10673,10674
10693,10673,10694
10695,10674,10675
10694,10674,10695
10696,10675,10676
10695,10675,10696
10697,10676,10677
10696,10676,10697
10698,10677,10678
10697,10677,10698
10699,10678,10679
10698,10678,10699
10700,10679,10680
10699,10679,10700
10701,10680,10681
10700,10680,10701
10702,10681,10682
10701,10681,10702
10703,10682,10683
10702,10682,10703
10683,10684,10704
10683,10704,10703
10705,10686,10685
10685,10144,10705
10144,10706,10705
10144,10146,10706
10687,10147,10145
10707,10147,10687
10691,10692,10708
10691,10708,10709
10710,10692,10693
10708,10692,10710
10711,10693,10694
10710,10693,10711
10712,10694,10695
10711,10694,10712
10713,10695,10696
10712,10695,10713
10714,10696,10697
10713,10696,10714
10715,10697,10698
10714,10697,10715
10716,10698,10699
10715,10698,10716
10717,10699,10700
10716,10699,10717
10718,10700,10701
10717,10700,10718
10719,10701,10702
10718,10701,10719
10720,10702,10703
10719,10702,10720
10703,10704,10721
10722,10703,10721
10720,10703,10722
10723,10722,10721
10148,10706,10146
10148,10724,10706
10707,10149,10147
10725,10149,10707
10726,10709,10708
10728,10727,10726
10708,10728,10726
10710,10728,10708
10729,10710,10711
10728,10710,10729
10730,10711,10712
10729,10711,10730
10731,10712,10713
10730,10712,10731
10732,10713,10714
10731,10713,10732
10733,10714,10715
10732,10714,10733
10734,10715,10716
10733,10715,10734
10735,10716,10717
10734,10716,10735
10736,10717,10718
10735,10717,10736
10737,10718,10719
10736,10718,10737
10738,10719,10720
10737,10719,10738
10739,10720,10722
10738,10720,10739
10722,10723,10740
10722,10740,10739
10150,10724,10148
10150,10741,10724
10725,10151,10149
10742,10151,10725
10727,10728,10743
10727,10743,10744
10745,10728,10729
10743,10728,10745
10746,10729,10730
10745,10729,10746
10747,10730,10731
10746,10730,10747
10748,10731,10732
10747,10731,10748
10749,10732,10733
10748,10732,10749
10750,10733,10734
10749,10733,10750
10751,10734,10735
10750,10734,10751
10752,10735,10736
10751,10735,10752
10753,10736,10737
10752,10736,10753
10754,10737,10738
10753,10737,10754
10755,10738,10739
10754,10738,10755
10739,10740,10756
10739,10756,10755
10152,10741,10150
10152,10757,10741
10742,10153,10151
10758,10153,10742
10744,10743,10759
10744,10759,10760
10761,10743,10745
10759,10743,10761
10762,10745,10746
10761,10745,10762
10763,10746,10747
10762,10746,10763
10764,10747,10748
10763,10747,10764
10765,10748,10749
10764,10748,10765
10766,10749,10750
10765,10749,10766
10767,10750,10751
10766,10750,10767
10768,10751,10752
10767,10751,10768
10769,10752,10753
10768,10752,10769
10770,10753,10754
10769,10753,10770
10771,10754,10755
10770,10754,10771
10755,10756,10772
10755,10772,10771
10154,10757,10152
10154,10773,10757
10758,10155,10153
10774,10155,10758
10775,10760,10759
10777,10776,10775
10759,10777,10775
10761,10777,10759
10778,10761,10762
10777,10761,10778
10779,10762,10763
10778,10762,10779
10780,10763,10764
10779,10763,10780
10781,10764,10765
10780,10764,10781
10782,10765,10766
10781,10765,10782
10783,10766,10767
10782,10766,10783
10784,10767,10768
10783,10767,10784
10785,10768,10769
10784,10768,10785
10786,10769,10770
10785,10769,10786
10787,10770,10771
10786,10770,10787
10771,10772,10788
10789,10771,10788
10787,10771,10789
10790,10789,10788
10156,10773,10154
10156,10791,10773
10774,10157,10155
10792,10157,10774
10776,10777,10793
10776,10793,10794
10795,10777,10778
10793,10777,10795
10796,10778,10779
10795,10778,10796
10797,10779,10780
10796,10779,10797
10798,10780,10781
10797,10780,10798
10799,10781,10782
10798,10781,10799
10800,10782,10783
10799,10782,10800
10801,10783,10784
10800,10783,10801
10802,10784,10785
10801,10784,10802
10803,10785,10786
10802,10785,10803
10804,10786,10787
10803,10786,10804
10805,10787,10789
10804,10787,10805
10789,10790,10806
10789,10806,10805
10158,10791,10156
10158,10807,10791
10792,10159,10157
10808,10159,10792
10794,10793,10809
10794,10809,10810
10811,10793,10795
10809,10793,10811
10812,10795,10796
10811,10795,10812
10813,10796,10797
10812,10796,10813
10814,10797,10798
10813,10797,10814
10815,10798,10799
10814,10798,10815
10816,10799,10800
10815,10799,10816
10817,10800,10801
10816,10800,10817
10818,10801,10802
10817,10801,10818
10819,10802,10803
10818,10802,10819
10820,10803,10804
10819,10803,10820
10821,10804,10805
10820,10804,10821
10805,10806,10822
10823,10805,10822
10821,10805,10823
10824,10823,10822
10160,10807,10158
10160,10825,10807
10808,10161,10159
10826,10161,10808
10810,10809,10827
10810,10827,10828
10829,10809,10811
10827,10809,10829
10830,10811,10812
10829,10811,10830
10831,10812,10813
10830,10812,10831
10832,10813,10814
10831,10813,10832
10164,10832,10163
10832,10815,10163
10832,10814,10815
10163,10815,10166
10166,10815,10816
10166,10816,10168
10168,10816,10817
10168,10817,10169
10817,10833,10169
10817,10818,10833
10834,10818,10819
10833,10818,10834
10835,10819,10820
10834,10819,10835
10836,10820,10821
10835,10820,10836
10837,10821,10823
10836,10821,10837
10823,10824,10838
10823,10838,10837
10171,10825,10160
10171,10839,10825
10826,10172,10161
10840,10172,10826
10828,10827,10841
10828,10841,10842
10843,10827,10829
10841,10827,10843
10844,10829,10830
10843,10829,10844
10845,10830,10831
10844,10830,10845
10175,10845,10174
10845,10832,10174
10845,10831,10832
10174,10832,10164
10833,10179,10169
10179,10833,10182
10182,10833,10834
10182,10834,10183
10834,10846,10183
10834,10835,10846
10847,10835,10836
10846,10835,10847
10848,10836,10837
10847,10836,10848
10837,10838,10849
10850,10837,10849
10848,10837,10850
10851,10850,10849
10185,10839,10171
10185,10852,10839
10840,10186,10172
10853,10186,10840
10842,10841,10854
10842,10854,10855
10856,10841,10843
10854,10841,10856
10857,10843,10844
10856,10843,10857
10189,10857,10188
10857,10845,10188
10857,10844,10845
10188,10845,10175
10846,10196,10183
10196,10846,10198
10846,10858,10198
10846,10847,10858
10859,10847,10848
10858,10847,10859
10860,10848,10850
10859,10848,10860
10850,10851,10861
10850,10861,10860
10200,10852,10185
10200,10862,10852
10853,10201,10186
10863,10201,10853
10866,10865,10864
10864,10865,10855
10854,10864,10855
10867,10864,10854
10868,10854,10856
10867,10854,10868
10204,10868,10203
10868,10857,10203
10868,10856,10857
10203,10857,10189
10858,10213,10198
10213,10858,10215
10858,10869,10215
10858,10859,10869
10870,10859,10860
10869,10859,10870
10860,10861,10871
10872,10860,10871
10870,10860,10872
10873,10872,10871
10200,10216,10874
10875,10200,10874
10862,10200,10875
10217,10874,10216
10863,10218,10201
10876,10218,10863
10866,10864,10877
10866,10877,10878
10879,10864,10867
10877,10864,10879
10880,10867,10868
10879,10867,10880
10220,10880,10204
10204,10880,10868
10869,10230,10215
10230,10869,10232
10869,10881,10232
10869,10870,10881
10882,10870,10872
10881,10870,10882
10872,10873,10883
10884,10872,10883
10882,10872,10884
10885,10884,10883
10888,10887,10886
10886,10887,10875
10874,10886,10875
10889,10886,10874
10233,10889,10217
10217,10889,10874
10876,10234,10218
10890,10234,10876
10893,10892,10891
10891,10892,10878
10877,10891,10878
10894,10891,10877
10895,10877,10879
10894,10877,10895
10237,10895,10236
10895,10880,10236
10895,10879,10880
10236,10880,10220
10881,10249,10232
10249,10881,10251
10881,10896,10251
10881,10882,10896
10897,10882,10884
10896,10882,10897
10884,10885,10898
10899,10884,10898
10897,10884,10899
10899,10898,10888
10886,10899,10888
10900,10899,10886
10254,10900,10253
10900,10889,10253
10900,10886,10889
10253,10889,10233
10890,10255,10234
10901,10255,10890
10893,10891,10902
10893,10902,10903
10904,10891,10894
10902,10891,10904
10258,10904,10257
10904,10895,10257
10904,10894,10895
10257,10895,10237
10896,10267,10251
10267,10896,10269
10896,10905,10269
10896,10897,10905
10906,10897,10899
10905,10897,10906
10907,10899,10900
10906,10899,10907
10271,10907,10254
10254,10907,10900
10909,10272,10908
10272,10901,10908
10272,10255,10901
10910,10909,10908
10913,10912,10911
10911,10912,10903
10902,10911,10903
10914,10911,10902
10275,10914,10274
10914,10904,10274
10914,10902,10904
10274,10904,10258
10905,10282,10269
10282,10905,10284
10905,10915,10284
10905,10906,10915
10287,10915,10286
10915,10907,10286
10915,10906,10907
10286,10907,10271
10916,10289,10909
10909,10289,10272
10909,10910,10917
10909,10917,10916
10920,10919,10918
10918,10919,10913
10911,10918,10913
10921,10918,10911
10292,10921,10291
10921,10914,10291
10921,10911,10914
10291,10914,10275
10915,10298,10284
10298,10915,10287
10916,10302,10289
10923,10922,10304
10923,10304,10302
10917,10923,10302
10916,10917,10302
10925,10924,10922
10925,10922,10923
10927,10926,10924
10927,10924,10925
10926,10927,10920
10918,10926,10920
10928,10926,10918
10307,10928,10306
10928,10921,10306
10928,10918,10921
10306,10921,10292
10922,10316,10304
10316,10922,10318
10922,10929,10318
10922,10924,10929
10321,10929,10320
10929,10926,10320
10929,10924,10926
10320,10926,10323
10323,10926,10928
10323,10928,10307
10929,10329,10318
10329,10929,10321
10930,10335,10336
10337,10931,10336
10336,10931,10930
10338,10932,10337
10337,10932,10931
10339,10933,10338
10338,10933,10932
10340,10933,10339
10934,10341,10342
10335,10930,10342
10930,10934,10342
10930,10935,10934
10936,10930,10931
10935,10930,10936
10937,10931,10932
10936,10931,10937
10938,10932,10933
10937,10932,10938
10343,10939,10340
10939,10933,10340
10939,10938,10933
10344,10939,10343
10940,10349,10350
10341,10934,10350
10934,10940,10350
10934,10941,10940
10935,10943,10942
10941,10935,10942
10934,10935,10941
10943,10935,10936
10943,10936,10944
10944,10936,10937
10944,10937,10945
10947,10946,10945
10937,10947,10945
10938,10947,10937
10948,10938,10939
10947,10938,10948
10351,10949,10344
10949,10939,10344
10949,10948,10939
10352,10949,10351
10950,10357,10358
10359,10951,10358
10358,10951,10950
10361,10951,10359
10952,10364,10365
10349,10940,10365
10940,10952,10365
10940,10953,10952
10941,10955,10954
10953,10941,10954
10940,10941,10953
10955,10941,10942
10958,10957,10956
10956,10957,10946
10947,10956,10946
10959,10956,10947
10960,10947,10948
10959,10947,10960
10961,10948,10949
10960,10948,10961
10367,10961,10352
10352,10961,10949
10962,10369,10370
10371,10963,10370
10370,10963,10962
10372,10964,10371
10371,10964,10963
10373,10965,10372
10372,10965,10964
10357,10950,10373
10950,10965,10373
10950,10966,10965
10967,10950,10951
10966,10950,10967
10374,10968,10361
10968,10951,10361
10968,10967,10951
10375,10969,10374
10374,10969,10968
10376,10969,10375
10970,10379,10952
10952,10379,10364
10971,10952,10953
10970,10952,10971
10953,10954,10972
10953,10972,10971
10975,10974,10973
10977,10976,10973
10977,10973,10974
10976,10977,10958
10956,10976,10958
10978,10976,10956
10979,10956,10959
10978,10956,10979
10980,10959,10960
10979,10959,10980
10981,10960,10961
10980,10960,10981
10381,10981,10367
10367,10981,10961
10982,10383,10384
10369,10962,10384
10962,10982,10384
10962,10983,10982
10984,10962,10963
10983,10962,10984
10985,10963,10964
10984,10963,10985
10986,10964,10965
10985,10964,10986
10987,10965,10966
10986,10965,10987
10988,10966,10967
10987,10966,10988
10989,10967,10968
10988,10967,10989
10990,10968,10969
10989,10968,10990
10385,10991,10376
10991,10969,10376
10991,10990,10969
10386,10992,10385
10385,10992,10991
10387,10992,10386
10993,10389,10970
10970,10389,10379
10994,10970,10971
10993,10970,10994
10971,10972,10995
10996,10971,10995
10994,10971,10996
10996,10995,10975
10973,10996,10975
10997,10996,10973
10998,10973,10976
10997,10973,10998
10999,10976,10978
10998,10976,10999
11000,10978,10979
10999,10978,11000
11001,10979,10980
11000,10979,11001
10392,11001,10391
11001,10981,10391
11001,10980,10981
10391,10981,10381
11002,10396,10982
10982,10396,10383
11003,10982,10983
11002,10982,11003
11004,10983,10984
11003,10983,11004
11005,10984,10985
11004,10984,11005
11006,10985,10986
11005,10985,11006
11007,10986,10987
11006,10986,11007
11008,10987,10988
11007,10987,11008
11009,10988,10989
11008,10988,11009
11010,10989,10990
11009,10989,11010
11011,10990,10991
11010,10990,11011
11012,10991,10992
11011,10991,11012
10397,11013,10387
11013,10992,10387
11013,11012,10992
10399,11013,10397
11014,10401,10993
10993,10401,10389
11015,10993,10994
11014,10993,11015
11016,10994,10996
11015,10994,11016
11017,10996,10997
11016,10996,11017
11018,10997,10998
11017,10997,11018
11019,10998,10999
11018,10998,11019
11020,10999,11000
11019,10999,11020
11021,11000,11001
11020,11000,11021
10403,11021,10392
10392,11021,11001
11002,10407,10396
10407,11002,10408
11002,11022,10408
11002,11003,11022
11023,11003,11004
11022,11003,11023
11024,11004,11005
11023,11004,11024
11025,11005,11006
11024,11005,11025
11026,11006,11007
11025,11006,11026
11027,11007,11008
11026,11007,11027
11028,11008,11009
11027,11008,11028
11029,11009,11010
11028,11009,11029
11030,11010,11011
11029,11010,11030
11031,11011,11012
11030,11011,11031
11032,11012,11013
11031,11012,11032
10410,11032,10399
10399,11032,11013
11033,10411,10412
10401,11014,10412
11014,11033,10412
11014,11034,11033
11035,11014,11015
11034,11014,11035
11036,11015,11016
11035,11015,11036
11037,11016,11017
11036,11016,11037
11038,11017,11018
11037,11017,11038
11039,11018,11019
11038,11018,11039
11040,11019,11020
11039,11019,11040
11041,11020,11021
11040,11020,11041
10414,11041,10403
10403,11041,11021
11022,10418,10408
10418,11022,10420
11022,11042,10420
11022,11023,11042
11043,11023,11024
11042,11023,11043
11044,11024,11025
11043,11024,11044
11045,11025,11026
11044,11025,11045
11046,11026,11027
11045,11026,11046
11047,11027,11028
11046,11027,11047
11048,11028,11029
11047,11028,11048
11049,11029,11030
11048,11029,11049
11050,11030,11031
11049,11030,11050
11051,11031,11032
11050,11031,11051
10422,11051,10410
10410,11051,11032
11052,10425,11033
11033,10425,10411
11053,11033,11034
11052,11033,11053
11054,11034,11035
11053,11034,11054
11055,11035,11036
11054,11035,11055
11056,11036,11037
11055,11036,11056
11057,11037,11038
11056,11037,11057
11058,11038,11039
11057,11038,11058
11059,11039,11040
11058,11039,11059
10428,11059,10427
11059,11041,10427
11059,11040,11041
10427,11041,10414
11042,10433,10420
10433,11042,10436
10436,11042,11043
10436,11043,10438
10438,11043,11044
10438,11044,10440
10440,11044,11045
10440,11045,10442
10442,11045,11046
10442,11046,10444
10444,11046,11047
10444,11047,10446
10446,11047,11048
10446,11048,10448
10448,11048,11049
10448,11049,10449
11049,11060,10449
11049,11050,11060
11061,11050,11051
11060,11050,11061
10451,11061,10422
10422,11061,11051
11063,11062,10454
10454,11062,10453
10454,10425,11052
11064,10454,11052
11063,10454,11064
11064,11052,11053
11064,11053,11065
11067,11066,11065
11053,11067,11065
11054,11067,11053
11068,11054,11055
11067,11054,11068
11069,11055,11056
11068,11055,11069
11070,11056,11057
11069,11056,11070
11071,11057,11058
11070,11057,11071
11072,11058,11059
11071,11058,11072
10456,11072,10428
10428,11072,11059
11060,10462,10449
10462,11060,10465
10465,11060,11061
10465,11061,10451
11075,11074,11073
10467,10468,11073
10468,11075,11073
10468,11076,11075
10468,10453,11062
10468,11062,11076
11077,11066,11067
11079,11078,11077
11067,11079,11077
11068,11079,11067
11080,11068,11069
11079,11068,11080
11081,11069,11070
11080,11069,11081
11082,11070,11071
11081,11070,11082
11083,11071,11072
11082,11071,11083
10470,11083,10456
10456,11083,11072
11086,11085,11084
11086,11084,11074
11074,11084,11073
11084,10473,11073
10473,10474,11073
11073,10474,10467
11087,11078,11079
11087,11079,11080
11087,11080,11088
11090,11089,11088
11080,11090,11088
11081,11090,11080
11091,11081,11082
11090,11081,11091
10477,11091,10476
11091,11083,10476
11091,11082,11083
10476,11083,10470
11084,11085,10481
11085,10480,10481
11085,11092,10480
11084,10481,10473
11089,11090,11093
11089,11093,11094
11095,11090,11091
11093,11090,11095
10483,11095,10477
10477,11095,11091
11097,11096,10486
10486,11096,10485
10486,10480,11092
10486,11092,11097
11098,11094,11093
11100,11099,11098
11093,11100,11098
11095,11100,11093
10488,11100,10483
10483,11100,11095
11096,10491,10485
11101,10491,11096
11104,11103,11102
11102,11103,11099
11102,11099,11100
10494,11102,11100
10493,10494,11100
10493,11100,10488
11106,11105,10497
10497,11105,10496
10497,10491,11101
10497,11101,11106
11104,11102,11107
11104,11107,11108
10499,11107,10494
10494,11107,11102
11110,10501,11109
10501,11105,11109
10501,10496,11105
11111,11110,11109
11114,11113,11112
11112,11113,11108
11112,11108,11107
10504,11112,11107
10503,10504,11107
10503,11107,10499
11115,10506,11110
11110,10506,10501
11110,11111,11116
11110,11116,11115
11119,11118,11117
11121,11120,11117
11121,11117,11118
11120,11121,11114
11120,11114,11112
10509,11120,11112
10508,10509,11112
10508,11112,10504
11122,10511,11115
11115,10511,10506
11115,11116,11123
11115,11123,11122
11126,11125,11124
11124,11125,11119
11117,11124,11119
11127,11124,11117
10514,11127,10513
11127,11120,10513
11127,11117,11120
10513,11120,10509
11122,10516,10511
11129,11128,10518
11129,10518,10516
11123,11129,10516
11122,11123,10516
11131,11130,11128
11131,11128,11129
11132,11130,11131
11135,11134,11133
11137,11136,11133
11137,11133,11134
11136,11137,11126
11124,11136,11126
11138,11136,11124
11139,11124,11127
11138,11124,11139
10520,11139,10514
10514,11139,11127
11140,10523,11128
11128,10523,10518
11141,11128,11130
11140,11128,11141
11130,11132,11142
11143,11130,11142
11141,11130,11143
11145,11144,11143
11145,11143,11142
11144,11145,11135
11133,11144,11135
11146,11144,11133
11147,11133,11136
11146,11133,11147
11148,11136,11138
11147,11136,11148
10526,11148,10525
11148,11139,10525
11148,11138,11139
10525,11139,10520
11149,10529,11140
11140,10529,10523
11150,11140,11141
11149,11140,11150
11151,11141,11143
11150,11141,11151
11152,11143,11144
11151,11143,11152
11153,11144,11146
11152,11144,11153
11154,11146,11147
11153,11146,11154
10532,11154,10531
11154,11148,10531
11154,11147,11148
10531,11148,10526
11149,10536,10529
10536,11149,10537
11149,11155,10537
11149,11150,11155
11156,11150,11151
11155,11150,11156
11157,11151,11152
11156,11151,11157
10540,11157,10539
11157,11153,10539
11157,11152,11153
10539,11153,10542
10542,11153,11154
10542,11154,10532
11155,10546,10537
10546,11155,10549
10549,11155,11156
10549,11156,10551
10551,11156,11157
10551,11157,10540
11158,10621,10622
10623,11159,10622
10622,11159,11158
10624,11160,10623
10623,11160,11159
10625,11161,10624
10624,11161,11160
10626,11161,10625
11162,10638,10639
10621,11158,10639
11158,11162,10639
11158,11163,11162
11164,11158,11159
11163,11158,11164
11165,11159,11160
11164,11159,11165
11166,11160,11161
11165,11160,11166
10640,11167,10626
11167,11161,10626
11167,11166,11161
10641,11168,10640
10640,11168,11167
10643,11168,10641
11169,10661,11162
11162,10661,10638
11170,11162,11163
11169,11162,11170
11171,11163,11164
11170,11163,11171
11172,11164,11165
11171,11164,11172
11173,11165,11166
11172,11165,11173
11174,11166,11167
11173,11166,11174
11175,11167,11168
11174,11167,11175
10663,11175,10643
10643,11175,11168
11176,10665,10666
10667,11177,10666
10666,11177,11176
10668,11178,10667
10667,11178,11177
10669,11178,10668
11179,10684,11169
11169,10684,10661
11180,11169,11170
11179,11169,11180
11181,11170,11171
11180,11170,11181
11182,11171,11172
11181,11171,11182
11173,11184,11183
11182,11173,11183
11172,11173,11182
11184,11173,11174
11184,11174,11185
11187,11186,11185
11174,11187,11185
11175,11187,11174
10686,11187,10663
10663,11187,11175
11188,10687,10688
10665,11176,10688
11176,11188,10688
11176,11189,11188
11190,11176,11177
11189,11176,11190
11191,11177,11178
11190,11177,11191
10689,11192,10669
11192,11178,10669
11192,11191,11178
10690,11193,10689
10689,11193,11192
10691,11193,10690
11194,10704,11179
11179,10704,10684
11195,11179,11180
11194,11179,11195
11196,11180,11181
11195,11180,11196
11197,11181,11182
11196,11181,11197
11182,11183,11198
11182,11198,11197
11199,11186,11187
11201,11199,11200
11200,11199,10705
11199,11187,10705
11187,10686,10705
10706,11200,10705
11202,10707,11188
11188,10707,10687
11189,11204,11203
11202,11189,11203
11188,11189,11202
11204,11189,11190
11204,11190,11205
11207,11206,11205
11190,11207,11205
11191,11207,11190
11208,11191,11192
11207,11191,11208
11209,11192,11193
11208,11192,11209
10709,11209,10691
10691,11209,11193
11194,10721,10704
10721,11194,10723
11194,11210,10723
11194,11195,11210
11211,11195,11196
11210,11195,11211
11212,11196,11197
11211,11196,11212
11197,11198,11213
11197,11213,11212
11201,11200,11214
11201,11214,11215
10724,11214,10706
10706,11214,11200
11217,11216,11202
11216,10707,11202
11216,10725,10707
11217,11202,11203
11218,11206,11207
11220,11219,11218
11207,11220,11218
11208,11220,11207
11221,11208,11209
11220,11208,11221
10726,11222,10709
11222,11209,10709
11222,11221,11209
10727,11222,10726
11223,10740,11210
11210,10740,10723
11224,11210,11211
11223,11210,11224
11225,11211,11212
11224,11211,11225
11212,11213,11226
11212,11226,11225
11215,11214,11227
11215,11227,11228
10741,11227,10724
10724,11227,11214
11216,10742,10725
11229,10742,11216
11230,11219,11220
11232,11231,11230
11220,11232,11230
11221,11232,11220
11233,11221,11222
11232,11221,11233
10744,11233,10727
10727,11233,11222
11234,10756,11223
11223,10756,10740
11235,11223,11224
11234,11223,11235
11236,11224,11225
11235,11224,11236
11225,11226,11237
11225,11237,11236
11228,11227,11238
11228,11238,11239
10757,11238,10741
10741,11238,11227
11229,10758,10742
11240,10758,11229
11231,11232,11241
11231,11241,11242
11243,11232,11233
11241,11232,11243
10760,11243,10744
10744,11243,11233
11244,10772,11234
11234,10772,10756
11245,11234,11235
11244,11234,11245
11246,11235,11236
11245,11235,11246
11236,11237,11247
11236,11247,11246
11239,11238,11248
11239,11248,11249
10773,11248,10757
10757,11248,11238
11240,10774,10758
11250,10774,11240
11242,11241,11251
11242,11251,11252
11253,11241,11243
11251,11241,11253
10775,11254,10760
11254,11243,10760
11254,11253,11243
10776,11254,10775
11244,10788,10772
10788,11244,10790
11244,11255,10790
11244,11245,11255
11256,11245,11246
11255,11245,11256
11246,11247,11257
11258,11246,11257
11256,11246,11258
11259,11258,11257
11249,11248,11260
11249,11260,11261
10791,11260,10773
10773,11260,11248
11250,10792,10774
11262,10792,11250
11263,11252,11251
11265,11264,11263
11251,11265,11263
11253,11265,11251
11266,11253,11254
11265,11253,11266
10794,11266,10776
10776,11266,11254
11267,10806,11255
11255,10806,10790
11268,11255,11256
11267,11255,11268
11269,11256,11258
11268,11256,11269
11258,11259,11270
11258,11270,11269
11261,11260,11271
11261,11271,11272
10807,11271,10791
10791,11271,11260
11262,10808,10792
11273,10808,11262
11264,11265,11274
11264,11274,11275
11276,11265,11266
11274,11265,11276
10810,11276,10794
10794,11276,11266
11267,10822,10806
10822,11267,10824
11267,11277,10824
11267,11268,11277
11278,11268,11269
11277,11268,11278
11269,11270,11279
11269,11279,11278
11272,11271,11280
11272,11280,11281
10825,11280,10807
10807,11280,11271
11273,10826,10808
11282,10826,11273
11275,11274,11283
11275,11283,11284
11285,11274,11276
11283,11274,11285
10828,11285,10810
10810,11285,11276
11286,10838,11277
11277,10838,10824
11287,11277,11278
11286,11277,11287
11278,11279,11288
11289,11278,11288
11287,11278,11289
11291,11290,11289
11291,11289,11288
11290,11291,11281
11280,11290,11281
11292,11290,11280
10839,11292,10825
10825,11292,11280
11282,10840,10826
11293,10840,11282
11284,11283,11294
11284,11294,11295
11296,11283,11285
11294,11283,11296
10842,11296,10828
10828,11296,11285
11286,10849,10838
10849,11286,10851
11286,11297,10851
11286,11287,11297
11298,11287,11289
11297,11287,11298
11299,11289,11290
11298,11289,11299
11300,11290,11292
11299,11290,11300
10852,11300,10839
10839,11300,11292
11293,10853,10840
11301,10853,11293
11295,11294,11302
11295,11302,11303
11304,11294,11296
11302,11294,11304
10855,11304,10842
10842,11304,11296
11305,10861,11297
11297,10861,10851
11306,11297,11298
11305,11297,11306
11307,11298,11299
11306,11298,11307
11308,11299,11300
11307,11299,11308
10862,11308,10852
10852,11308,11300
11301,10863,10853
11309,10863,11301
11312,11311,11310
11310,11311,11303
11302,11310,11303
11313,11310,11302
10866,11313,10865
11313,11304,10865
11313,11302,11304
10865,11304,10855
11305,10871,10861
10871,11305,10873
11305,11314,10873
11305,11306,11314
11315,11306,11307
11314,11306,11315
11316,11307,11308
11315,11307,11316
10875,11316,10862
10862,11316,11308
11318,10876,11317
10876,11309,11317
10876,10863,11309
11319,11318,11317
11312,11310,11320
11312,11320,11321
11322,11310,11313
11320,11310,11322
10878,11322,10866
10866,11322,11313
11314,10883,10873
10883,11314,10885
11314,11323,10885
11314,11315,11323
10888,11323,10887
11323,11316,10887
11323,11315,11316
10887,11316,10875
11324,10890,11318
11318,10890,10876
11318,11319,11325
11318,11325,11324
11328,11327,11326
11326,11327,11321
11320,11326,11321
11329,11326,11320
10893,11329,10892
11329,11322,10892
11329,11320,11322
10892,11322,10878
11323,10898,10885
10898,11323,10888
11330,10901,11324
11324,10901,10890
11324,11325,11331
11332,11324,11331
11330,11324,11332
11333,11332,11331
11336,11335,11334
11334,11335,11328
11326,11334,11328
11337,11334,11326
11338,11326,11329
11337,11326,11338
10903,11338,10893
10893,11338,11329
11330,10908,10901
10908,11330,10910
11330,11339,10910
11330,11332,11339
11332,11333,11340
11341,11332,11340
11339,11332,11341
11341,11340,11336
11334,11341,11336
11342,11341,11334
11343,11334,11337
11342,11334,11343
10913,11343,10912
11343,11338,10912
11343,11337,11338
10912,11338,10903
11344,10917,11339
11339,10917,10910
11345,11339,11341
11344,11339,11345
11346,11341,11342
11345,11341,11346
10920,11346,10919
11346,11343,10919
11346,11342,11343
10919,11343,10913
11344,10923,10917
10923,11344,10925
10925,11344,11345
10925,11345,10927
10927,11345,11346
10927,11346,10920
11347,10942,10943
10944,11348,10943
10943,11348,11347
10945,11349,10944
10944,11349,11348
10946,11349,10945
11350,10954,10955
10942,11347,10955
11347,11350,10955
11347,11351,11350
11352,11347,11348
11351,11347,11352
10958,11352,10957
11352,11349,10957
11352,11348,11349
10957,11349,10946
11353,10972,11350
11350,10972,10954
10975,11353,10974
11353,11351,10974
11353,11350,11351
10974,11351,10977
10977,11351,11352
10977,11352,10958
11353,10995,10972
10995,11353,10975
11354,11062,11063
11064,11355,11063
11063,11355,11354
11065,11356,11064
11064,11356,11355
11066,11356,11065
11359,11358,11357
11074,11075,11357
11075,11359,11357
11075,11360,11359
11361,11075,11076
11361,11360,11075
11076,11062,11354
11362,11076,11354
11361,11076,11362
11362,11354,11355
11362,11355,11363
11365,11364,11363
11355,11365,11363
11356,11365,11355
11077,11366,11066
11366,11356,11066
11366,11365,11356
11078,11366,11077
11357,11358,11086
11358,11085,11086
11358,11367,11085
11357,11086,11074
11368,11364,11365
11368,11365,11366
11368,11366,11369
11371,11369,11370
11370,11369,11087
11369,11366,11087
11366,11078,11087
11088,11372,11087
11087,11372,11370
11089,11372,11088
11375,11374,11373
11367,11375,11373
11092,11367,11373
11085,11367,11092
11376,11371,11370
11376,11370,11372
11376,11372,11377
11372,11089,11377
11089,11378,11377
11089,11094,11378
11373,11374,11097
11374,11096,11097
11374,11379,11096
11373,11097,11092
11094,11098,11380
11381,11094,11380
11378,11094,11381
11099,11380,11098
11379,11101,11096
11382,11101,11379
11381,11380,11103
11104,11381,11103
11383,11381,11104
11103,11380,11099
11384,11105,11106
11385,11384,11106
11101,11385,11106
11382,11385,11101
11388,11387,11386
11387,11383,11386
11383,11108,11386
11383,11104,11108
11384,11109,11105
11390,11389,11111
11390,11111,11109
11385,11390,11109
11384,11385,11109
11391,11389,11390
11394,11393,11392
11396,11395,11392
11396,11392,11393
11395,11396,11388
11395,11388,11386
11114,11395,11386
11113,11114,11386
11113,11386,11108
11397,11116,11389
11389,11116,11111
11389,11391,11398
11399,11389,11398
11397,11389,11399
11400,11399,11398
11403,11402,11401
11405,11404,11401
11405,11401,11402
11404,11405,11394
11404,11394,11392
11119,11404,11392
11118,11119,11392
11118,11392,11121
11121,11392,11395
11121,11395,11114
11406,11123,11397
11397,11123,11116
11407,11397,11399
11406,11397,11407
11399,11400,11408
11409,11399,11408
11407,11399,11409
11411,11410,11409
11411,11409,11408
11413,11412,11410
11413,11410,11411
11412,11413,11403
11401,11412,11403
11414,11412,11401
11126,11414,11125
11414,11404,11125
11414,11401,11404
11125,11404,11119
11406,11129,11123
11129,11406,11131
11131,11406,11407
11131,11407,11132
11407,11415,11132
11407,11409,11415
11416,11409,11410
11415,11409,11416
11135,11416,11134
11416,11412,11134
11416,11410,11412
11134,11412,11137
11137,11412,11414
11137,11414,11126
11415,11142,11132
11142,11415,11145
11145,11415,11416
11145,11416,11135
11417,11183,11184
11185,11418,11184
11184,11418,11417
11186,11418,11185
11419,11198,11417
11417,11198,11183
11420,11417,11418
11419,11417,11420
11199,11421,11186
11421,11418,11186
11421,11420,11418
11201,11421,11199
11422,11203,11204
11205,11423,11204
11204,11423,11422
11206,11423,11205
11424,11213,11419
11419,11213,11198
11425,11419,11420
11424,11419,11425
11426,11420,11421
11425,11420,11426
11215,11426,11201
11201,11426,11421
11427,11216,11217
11203,11422,11217
11422,11427,11217
11422,11428,11427
11429,11422,11423
11428,11422,11429
11218,11430,11206
11430,11423,11206
11430,11429,11423
11219,11430,11218
11431,11226,11424
11424,11226,11213
11432,11424,11425
11431,11424,11432
11433,11425,11426
11432,11425,11433
11228,11433,11215
11215,11433,11426
11434,11229,11427
11427,11229,11216
11435,11427,11428
11434,11427,11435
11436,11428,11429
11435,11428,11436
11437,11429,11430
11436,11429,11437
11230,11438,11219
11438,11430,11219
11438,11437,11430
11231,11438,11230
11439,11237,11431
11431,11237,11226
11440,11431,11432
11439,11431,11440
11441,11432,11433
11440,11432,11441
11239,11441,11228
11228,11441,11433
11442,11240,11434
11434,11240,11229
11443,11434,11435
11442,11434,11443
11444,11435,11436
11443,11435,11444
11445,11436,11437
11444,11436,11445
11446,11437,11438
11445,11437,11446
11242,11446,11231
11231,11446,11438
11447,11247,11439
11439,11247,11237
11448,11439,11440
11447,11439,11448
11449,11440,11441
11448,11440,11449
11249,11449,11239
11239,11449,11441
11450,11250,11442
11442,11250,11240
11451,11442,11443
11450,11442,11451
11452,11443,11444
11451,11443,11452
11453,11444,11445
11452,11444,11453
11454,11445,11446
11453,11445,11454
11252,11454,11242
11242,11454,11446
11447,11257,11247
11257,11447,11259
11447,11455,11259
11447,11448,11455
11456,11448,11449
11455,11448,11456
11261,11456,11249
11249,11456,11449
11457,11262,11450
11450,11262,11250
11458,11450,11451
11457,11450,11458
11459,11451,11452
11458,11451,11459
11460,11452,11453
11459,11452,11460
11461,11453,11454
11460,11453,11461
11263,11462,11252
11462,11454,11252
11462,11461,11454
11264,11462,11263
11463,11270,11455
11455,11270,11259
11464,11455,11456
11463,11455,11464
11272,11464,11261
11261,11464,11456
11465,11273,11457
11457,11273,11262
11466,11457,11458
11465,11457,11466
11467,11458,11459
11466,11458,11467
11468,11459,11460
11467,11459,11468
11469,11460,11461
11468,11460,11469
11470,11461,11462
11469,11461,11470
11275,11470,11264
11264,11470,11462
11471,11279,11463
11463,11279,11270
11472,11463,11464
11471,11463,11472
11281,11472,11272
11272,11472,11464
11473,11282,11465
11465,11282,11273
11474,11465,11466
11473,11465,11474
11475,11466,11467
11474,11466,11475
11476,11467,11468
11475,11467,11476
11477,11468,11469
11476,11468,11477
11478,11469,11470
11477,11469,11478
11284,11478,11275
11275,11478,11470
11471,11288,11279
11288,11471,11291
11291,11471,11472
11291,11472,11281
11479,11293,11473
11473,11293,11282
11480,11473,11474
11479,11473,11480
11481,11474,11475
11480,11474,11481
11482,11475,11476
11481,11475,11482
11483,11476,11477
11482,11476,11483
11484,11477,11478
11483,11477,11484
11295,11484,11284
11284,11484,11478
11485,11301,11479
11479,11301,11293
11486,11479,11480
11485,11479,11486
11487,11480,11481
11486,11480,11487
11488,11481,11482
11487,11481,11488
11489,11482,11483
11488,11482,11489
11490,11483,11484
11489,11483,11490
11303,11490,11295
11295,11490,11484
11491,11309,11485
11485,11309,11301
11492,11485,11486
11491,11485,11492
11493,11486,11487
11492,11486,11493
11494,11487,11488
11493,11487,11494
11495,11488,11489
11494,11488,11495
11312,11495,11311
11495,11490,11311
11495,11489,11490
11311,11490,11303
11491,11317,11309
11317,11491,11319
11491,11496,11319
11491,11492,11496
11497,11492,11493
11496,11492,11497
11498,11493,11494
11497,11493,11498
11499,11494,11495
11498,11494,11499
11321,11499,11312
11312,11499,11495
11500,11325,11496
11496,11325,11319
11501,11496,11497
11500,11496,11501
11502,11497,11498
11501,11497,11502
11328,11502,11327
11502,11499,11327
11502,11498,11499
11327,11499,11321
11500,11331,11325
11331,11500,11333
11500,11503,11333
11500,11501,11503
11336,11503,11335
11503,11502,11335
11503,11501,11502
11335,11502,11328
11503,11340,11333
11340,11503,11336
11504,11358,11359
11360,11505,11359
11359,11505,11504
11505,11360,11506
11360,11507,11506
11360,11361,11507
11508,11361,11362
11508,11507,11361
11510,11508,11509
11508,11363,11509
11508,11362,11363
11364,11509,11363
11511,11367,11504
11504,11367,11358
11505,11513,11512
11511,11505,11512
11504,11505,11511
11513,11505,11506
11514,11510,11509
11514,11509,11364
11368,11514,11364
11515,11514,11368
11516,11368,11369
11516,11515,11368
11369,11371,11516
11516,11371,11517
11518,11374,11375
11519,11518,11375
11519,11375,11367
11520,11519,11367
11511,11520,11367
11520,11511,11512
11521,11517,11371
11521,11371,11376
11522,11376,11377
11522,11521,11376
11377,11378,11522
11522,11378,11523
11525,11524,11518
11524,11374,11518
11524,11379,11374
11525,11518,11519
11381,11523,11378
11381,11526,11523
11524,11382,11379
11527,11382,11524
11383,11526,11381
11383,11528,11526
11530,11385,11529
11385,11527,11529
11385,11382,11527
11531,11530,11529
11534,11533,11532
11536,11535,11532
11536,11532,11533
11387,11388,11535
11536,11387,11535
11537,11387,11536
11383,11387,11528
11528,11387,11537
11530,11390,11385
11539,11538,11391
11539,11391,11390
11531,11539,11390
11530,11531,11390
11541,11540,11538
11541,11538,11539
11543,11542,11540
11543,11540,11541
11545,11544,11542
11545,11542,11543
11547,11546,11544
11547,11544,11545
11549,11548,11546
11549,11546,11547
11548,11549,11534
11548,11534,11532
11394,11548,11532
11393,11394,11532
11393,11532,11396
11396,11532,11535
11396,11535,11388
11538,11398,11391
11398,11538,11400
11538,11550,11400
11538,11540,11550
11551,11540,11542
11550,11540,11551
11552,11542,11544
11551,11542,11552
11403,11552,11402
11552,11546,11402
11552,11544,11546
11402,11546,11405
11405,11546,11548
11405,11548,11394
11550,11408,11400
11408,11550,11411
11411,11550,11551
11411,11551,11413
11413,11551,11552
11413,11552,11403
11553,11506,11507
11508,11554,11507
11507,11554,11553
11510,11554,11508
11555,11512,11513
11556,11555,11513
11556,11513,11506
11557,11556,11506
11553,11557,11506
11557,11553,11554
11557,11554,11558
11558,11554,11510
11514,11558,11510
11559,11558,11514
11560,11514,11515
11560,11559,11514
11561,11515,11516
11561,11560,11515
11563,11562,11517
11562,11516,11517
11562,11561,11516
11565,11564,11563
11563,11564,11562
11565,11566,11564
11567,11519,11520
11568,11567,11520
11568,11520,11512
11569,11568,11512
11555,11569,11512
11569,11555,11556
11521,11563,11517
11563,11521,11522
11563,11522,11565
11571,11570,11523
11523,11570,11522
11570,11566,11522
11566,11565,11522
11571,11572,11570
11573,11524,11525
11574,11573,11525
11574,11525,11519
11575,11574,11519
11567,11575,11519
11575,11567,11568
11577,11576,11571
11523,11577,11571
11526,11577,11523
11571,11576,11572
11578,11527,11573
11573,11527,11524
11573,11574,11579
11580,11573,11579
11578,11573,11580
11581,11580,11579
11584,11583,11582
11586,11585,11582
11586,11582,11583
11586,11577,11585
11577,11528,11585
11577,11526,11528
11578,11529,11527
11529,11578,11531
11578,11587,11531
11578,11580,11587
11580,11581,11588
11589,11580,11588
11587,11580,11589
11591,11590,11589
11591,11589,11588
11593,11592,11590
11593,11590,11591
11595,11594,11592
11595,11592,11593
11597,11596,11594
11597,11594,11595
11533,11534,11596
11597,11533,11596
11598,11533,11597
11582,11536,11584
11536,11598,11584
11536,11533,11598
11536,11582,11537
11537,11582,11585
11537,11585,11528
11587,11539,11531
11539,11587,11541
11541,11587,11589
11541,11589,11543
11543,11589,11590
11543,11590,11545
11545,11590,11592
11545,11592,11547
11547,11592,11594
11547,11594,11549
11549,11594,11596
11549,11596,11534
11601,11600,11599
11603,11602,11599
11599,11602,11601
11605,11604,11603
11603,11604,11602
11607,11606,11605
11605,11606,11604
11607,11608,11606
11610,11609,11557
11557,11609,11556
11611,11557,11558
11611,11610,11557
11612,11558,11559
11612,11611,11558
11560,11599,11600
11612,11560,11600
11559,11560,11612
11599,11560,11561
11599,11561,11603
11603,11561,11562
11603,11562,11605
11605,11562,11564
11605,11564,11607
11614,11613,11566
11566,11613,11564
11613,11608,11564
11608,11607,11564
11614,11615,11613
11617,11616,11569
11569,11616,11568
11569,11556,11609
11569,11609,11617
11570,11614,11566
11570,11572,11614
11572,11615,11614
11572,11618,11615
11619,11574,11575
11620,11619,11575
11568,11620,11575
11616,11620,11568
11622,11621,11576
11622,11576,11577
11572,11576,11618
11618,11576,11621
11619,11579,11574
11581,11579,11619
11620,11581,11619
11623,11581,11620
11626,11625,11624
11628,11627,11624
11628,11624,11625
11583,11584,11627
11628,11583,11627
11629,11583,11628
11583,11630,11586
11629,11630,11583
11577,11586,11622
11622,11586,11630
11623,11631,11581
11581,11631,11588
11588,11632,11591
11631,11632,11588
11591,11633,11593
11632,11633,11591
11593,11634,11595
11633,11634,11593
11624,11597,11626
11597,11634,11626
11597,11595,11634
11597,11624,11598
11598,11624,11627
11598,11627,11584
11637,11636,11635
11639,11638,11635
11635,11638,11637
11641,11640,11639
11639,11640,11638
11641,11642,11640
11645,11644,11643
11600,11601,11643
11601,11645,11643
11601,11646,11645
11602,11635,11636
11646,11602,11636
11601,11602,11646
11635,11602,11604
11635,11604,11639
11639,11604,11606
11639,11606,11641
11648,11647,11608
11608,11647,11606
11647,11642,11606
11642,11641,11606
11648,11649,11647
11651,11650,11610
11610,11650,11609
11652,11610,11611
11652,11651,11610
11612,11643,11644
11652,11612,11644
11611,11612,11652
11643,11612,11600
11613,11648,11608
11613,11615,11648
11615,11649,11648
11615,11653,11649
11655,11654,11617
11617,11654,11616
11617,11609,11650
11617,11650,11655
11658,11657,11656
11657,11653,11656
11653,11618,11656
11653,11615,11618
11654,11620,11616
11659,11620,11654
11662,11661,11660
11664,11663,11660
11664,11660,11661
11663,11664,11658
11663,11658,11656
11622,11663,11656
11621,11622,11656
11621,11656,11618
11666,11623,11665
11623,11659,11665
11623,11620,11659
11668,11667,11666
11668,11666,11665
11670,11669,11667
11670,11667,11668
11672,11671,11669
11672,11669,11670
11625,11626,11671
11672,11625,11671
11673,11625,11672
11625,11674,11628
11673,11674,11625
11660,11629,11662
11629,11674,11662
11629,11628,11674
11629,11660,11630
11630,11660,11663
11630,11663,11622
11666,11631,11623
11631,11666,11632
11632,11666,11667
11632,11667,11633
11633,11667,11669
11633,11669,11634
11634,11669,11671
11634,11671,11626
11677,11676,11675
11679,11678,11675
11675,11678,11677
11681,11680,11679
11679,11680,11678
11683,11682,11681
11681,11682,11680
11685,11684,11683
11683,11684,11682
11685,11686,11684
11675,11676,11687
11687,11676,11688
11675,11689,11679
11675,11687,11689
11689,11636,11637
11681,11689,11637
11679,11689,11681
11681,11637,11638
11681,11638,11683
11683,11638,11640
11683,11640,11685
11640,11642,11685
11642,11686,11685
11642,11690,11686
11693,11692,11691
11693,11691,11688
11688,11691,11687
11691,11644,11687
11644,11645,11687
11687,11645,11646
11687,11646,11689
11689,11646,11636
11694,11690,11642
11694,11642,11647
11647,11649,11694
11694,11649,11695
11697,11696,11651
11651,11696,11650
11652,11691,11692
11697,11652,11692
11651,11652,11697
11691,11652,11644
11653,11695,11649
11653,11698,11695
11700,11699,11655
11655,11699,11654
11655,11650,11696
11655,11696,11700
11703,11702,11701
11657,11658,11701
11702,11657,11701
11704,11657,11702
11653,11657,11698
11698,11657,11704
11699,11659,11654
11705,11659,11699
11708,11707,11706
11710,11709,11706
11710,11706,11707
11661,11662,11709
11710,11661,11709
11711,11661,11710
11701,11664,11703
11664,11711,11703
11664,11661,11711
11664,11701,11658
11705,11712,11659
11659,11712,11665
11665,11713,11668
11712,11713,11665
11668,11714,11670
11713,11714,11668
11670,11715,11672
11714,11715,11670
11706,11673,11708
11673,11715,11708
11673,11672,11715
11673,11706,11674
11674,11706,11709
11674,11709,11662
11718,11717,11716
11676,11677,11716
11677,11718,11716
11677,11719,11718
11720,11677,11678
11720,11719,11677
11721,11678,11680
11721,11720,11678
11723,11721,11722
11721,11682,11722
11721,11680,11682
11684,11724,11682
11682,11724,11722
11686,11724,11684
11727,11726,11725
11727,11725,11717
11725,11716,11717
11725,11728,11716
11728,11688,11676
11728,11676,11716
11729,11723,11722
11731,11730,11729
11722,11731,11729
11724,11731,11722
11690,11731,11686
11686,11731,11724
11734,11733,11732
11734,11732,11726
11732,11725,11726
11732,11735,11725
11735,11692,11693
11728,11735,11693
11725,11735,11728
11728,11693,11688
11730,11731,11736
11730,11736,11737
11694,11738,11690
11738,11731,11690
11738,11736,11731
11695,11738,11694
11733,11739,11732
11740,11696,11697
11732,11740,11697
11735,11732,11697
11739,11740,11732
11735,11697,11692
11743,11742,11741
11741,11742,11737
11736,11741,11737
11744,11741,11736
11745,11736,11738
11744,11736,11745
11698,11745,11695
11695,11745,11738
11746,11699,11700
11696,11740,11747
11746,11696,11747
11748,11746,11747
11700,11696,11746
11750,11749,11748
11750,11748,11747
11752,11751,11749
11752,11749,11750
11754,11753,11751
11754,11751,11752
11756,11755,11753
11756,11753,11754
11755,11756,11743
11741,11755,11743
11757,11755,11741
11703,11757,11702
11757,11744,11702
11757,11741,11744
11702,11744,11704
11704,11744,11745
11704,11745,11698
11758,11705,11746
11746,11705,11699
11759,11746,11748
11758,11746,11759
11760,11748,11749
11759,11748,11760
11761,11749,11751
11760,11749,11761
11708,11761,11707
11761,11753,11707
11761,11751,11753
11707,11753,11710
11710,11753,11755
11710,11755,11711
11711,11755,11757
11711,11757,11703
11758,11712,11705
11712,11758,11713
11713,11758,11759
11713,11759,11714
11714,11759,11760
11714,11760,11715
11715,11760,11761
11715,11761,11708
11762,11717,11718
11719,11763,11718
11718,11763,11762
11720,11764,11719
11719,11764,11763
11721,11765,11720
11720,11765,11764
11723,11765,11721
11766,11726,11727
11717,11762,11727
11762,11766,11727
11762,11767,11766
11768,11762,11763
11767,11762,11768
11769,11763,11764
11768,11763,11769
11770,11764,11765
11769,11764,11770
11729,11771,11723
11771,11765,11723
11771,11770,11765
11730,11771,11729
11772,11733,11734
11726,11766,11734
11766,11772,11734
11766,11773,11772
11774,11766,11767
11773,11766,11774
11775,11767,11768
11774,11767,11775
11776,11768,11769
11775,11768,11776
11777,11769,11770
11776,11769,11777
11778,11770,11771
11777,11770,11778
11737,11778,11730
11730,11778,11771
11772,11739,11733
11739,11772,11740
11772,11779,11740
11772,11773,11779
11780,11773,11774
11779,11773,11780
11781,11774,11775
11780,11774,11781
11782,11775,11776
11781,11775,11782
11783,11776,11777
11782,11776,11783
11743,11783,11742
11783,11778,11742
11783,11777,11778
11742,11778,11737
11779,11747,11740
11747,11779,11750
11750,11779,11780
11750,11780,11752
11752,11780,11781
11752,11781,11754
11754,11781,11782
11754,11782,11756
11756,11782,11783
11756,11783,11743
