x_mm,y_mm,z_mm
2.300102543830871582e+01,8.900000000000000000e+01,9.900000000000000000e+01
2.400107002258300781e+01,8.900000000000000000e+01,9.850000000000000000e+01
2.400107002258300781e+01,8.850000000000000000e+01,9.900000000000000000e+01
2.400107002258300781e+01,8.850000000000000000e+01,1.000000000000000000e+02
2.300102543830871582e+01,8.900000000000000000e+01,1.000000000000000000e+02
2.400107002258300781e+01,8.900000000000000000e+01,1.005000000000000000e+02
2.300102543830871582e+01,9.000000000000000000e+01,9.700000000000000000e+01
2.400107002258300781e+01,9.000000000000000000e+01,9.650000000000000000e+01
2.400107002258300781e+01,8.950000000000000000e+01,9.700000000000000000e+01
2.400107002258300781e+01,8.950000000000000000e+01,9.800000000000000000e+01
2.300102543830871582e+01,9.000000000000000000e+01,9.800000000000000000e+01
2.300102543830871582e+01,9.000000000000000000e+01,9.900000000000000000e+01
2.300102543830871582e+01,9.000000000000000000e+01,1.000000000000000000e+02
2.400107002258300781e+01,8.950000000000000000e+01,1.010000000000000000e+02
2.300102543830871582e+01,9.000000000000000000e+01,1.010000000000000000e+02
2.400107002258300781e+01,8.950000000000000000e+01,1.020000000000000000e+02
2.300102543830871582e+01,9.000000000000000000e+01,1.020000000000000000e+02
2.400107002258300781e+01,9.000000000000000000e+01,1.025000000000000000e+02
2.300102543830871582e+01,9.100000000000000000e+01,9.700000000000000000e+01
2.400107002258300781e+01,9.100000000000000000e+01,9.650000000000000000e+01
2.300102543830871582e+01,9.100000000000000000e+01,9.800000000000000000e+01
2.300102543830871582e+01,9.100000000000000000e+01,9.900000000000000000e+01
2.300102543830871582e+01,9.100000000000000000e+01,1.000000000000000000e+02
2.300102543830871582e+01,9.100000000000000000e+01,1.010000000000000000e+02
2.400107002258300781e+01,9.100000000000000000e+01,1.015000000000000000e+02
2.400107002258300781e+01,9.050000000000000000e+01,1.020000000000000000e+02
2.400107002258300781e+01,9.150000000000000000e+01,9.700000000000000000e+01
2.400107002258300781e+01,9.150000000000000000e+01,9.800000000000000000e+01
2.400107002258300781e+01,9.150000000000000000e+01,9.900000000000000000e+01
2.400107002258300781e+01,9.150000000000000000e+01,1.000000000000000000e+02
2.400107002258300781e+01,9.150000000000000000e+01,1.010000000000000000e+02
2.500111460685729980e+01,8.900000000000000000e+01,9.900000000000000000e+01
2.500111460685729980e+01,8.900000000000000000e+01,1.000000000000000000e+02
2.500111460685729980e+01,9.000000000000000000e+01,9.700000000000000000e+01
2.500111460685729980e+01,9.000000000000000000e+01,9.800000000000000000e+01
2.600115919113159180e+01,9.000000000000000000e+01,9.850000000000000000e+01
2.600115919113159180e+01,8.950000000000000000e+01,9.900000000000000000e+01
2.600115919113159180e+01,8.950000000000000000e+01,1.000000000000000000e+02
2.600115919113159180e+01,8.950000000000000000e+01,1.010000000000000000e+02
2.600115919113159180e+01,8.950000000000000000e+01,1.020000000000000000e+02
2.600115919113159180e+01,8.950000000000000000e+01,1.030000000000000000e+02
2.500111460685729980e+01,9.000000000000000000e+01,1.030000000000000000e+02
2.600115919113159180e+01,9.000000000000000000e+01,1.035000000000000000e+02
2.500111460685729980e+01,9.100000000000000000e+01,9.700000000000000000e+01
2.500111460685729980e+01,9.100000000000000000e+01,9.800000000000000000e+01
2.600115919113159180e+01,9.100000000000000000e+01,9.850000000000000000e+01
2.500111460685729980e+01,9.100000000000000000e+01,1.020000000000000000e+02
2.500111460685729980e+01,9.100000000000000000e+01,1.030000000000000000e+02
2.600115919113159180e+01,9.050000000000000000e+01,1.040000000000000000e+02
2.500111460685729980e+01,9.100000000000000000e+01,1.040000000000000000e+02
2.600115919113159180e+01,9.100000000000000000e+01,1.045000000000000000e+02
2.500111460685729980e+01,9.200000000000000000e+01,9.800000000000000000e+01
2.600115919113159180e+01,9.200000000000000000e+01,9.750000000000000000e+01
2.600115919113159180e+01,9.150000000000000000e+01,9.800000000000000000e+01
2.500111460685729980e+01,9.150000000000000000e+01,9.850000000000000000e+01
2.500111460685729980e+01,9.200000000000000000e+01,9.900000000000000000e+01
2.500111460685729980e+01,9.200000000000000000e+01,1.000000000000000000e+02
2.500111460685729980e+01,9.200000000000000000e+01,1.010000000000000000e+02
2.500111460685729980e+01,9.200000000000000000e+01,1.020000000000000000e+02
2.500111460685729980e+01,9.200000000000000000e+01,1.030000000000000000e+02
2.600115919113159180e+01,9.200000000000000000e+01,1.035000000000000000e+02
2.600115919113159180e+01,9.150000000000000000e+01,1.040000000000000000e+02
2.500111460685729980e+01,9.300000000000000000e+01,9.700000000000000000e+01
2.600115919113159180e+01,9.300000000000000000e+01,9.650000000000000000e+01
2.600115919113159180e+01,9.250000000000000000e+01,9.700000000000000000e+01
2.500111460685729980e+01,9.300000000000000000e+01,9.800000000000000000e+01
2.500111460685729980e+01,9.300000000000000000e+01,9.900000000000000000e+01
2.600115919113159180e+01,9.300000000000000000e+01,9.950000000000000000e+01
2.600115919113159180e+01,9.250000000000000000e+01,1.000000000000000000e+02
2.600115919113159180e+01,9.250000000000000000e+01,1.010000000000000000e+02
2.600115919113159180e+01,9.250000000000000000e+01,1.020000000000000000e+02
2.600115919113159180e+01,9.250000000000000000e+01,1.030000000000000000e+02
2.600115919113159180e+01,9.350000000000000000e+01,9.700000000000000000e+01
2.600115919113159180e+01,9.350000000000000000e+01,9.800000000000000000e+01
2.600115919113159180e+01,9.350000000000000000e+01,9.900000000000000000e+01
2.700120377540588379e+01,9.000000000000000000e+01,9.900000000000000000e+01
2.700120377540588379e+01,9.000000000000000000e+01,1.000000000000000000e+02
2.800124835968017578e+01,9.000000000000000000e+01,1.005000000000000000e+02
2.800124835968017578e+01,8.950000000000000000e+01,1.010000000000000000e+02
2.700120377540588379e+01,9.000000000000000000e+01,1.020000000000000000e+02
2.800124835968017578e+01,9.000000000000000000e+01,1.015000000000000000e+02
2.700120377540588379e+01,9.000000000000000000e+01,1.030000000000000000e+02
2.700120377540588379e+01,9.100000000000000000e+01,9.800000000000000000e+01
2.800124835968017578e+01,9.100000000000000000e+01,9.750000000000000000e+01
2.800124835968017578e+01,9.050000000000000000e+01,9.800000000000000000e+01
2.800124835968017578e+01,9.050000000000000000e+01,9.900000000000000000e+01
2.800124835968017578e+01,9.050000000000000000e+01,1.000000000000000000e+02
2.800124835968017578e+01,9.050000000000000000e+01,1.020000000000000000e+02
2.800124835968017578e+01,9.050000000000000000e+01,1.030000000000000000e+02
2.700120377540588379e+01,9.100000000000000000e+01,1.040000000000000000e+02
2.800124835968017578e+01,9.100000000000000000e+01,1.035000000000000000e+02
2.700120377540588379e+01,9.200000000000000000e+01,9.700000000000000000e+01
2.800124835968017578e+01,9.200000000000000000e+01,9.650000000000000000e+01
2.800124835968017578e+01,9.150000000000000000e+01,9.700000000000000000e+01
2.800124835968017578e+01,9.200000000000000000e+01,1.035000000000000000e+02
2.700120377540588379e+01,9.300000000000000000e+01,9.600000000000000000e+01
2.800124835968017578e+01,9.300000000000000000e+01,9.550000000000000000e+01
2.800124835968017578e+01,9.250000000000000000e+01,9.600000000000000000e+01
2.700120377540588379e+01,9.300000000000000000e+01,1.000000000000000000e+02
2.700120377540588379e+01,9.300000000000000000e+01,1.010000000000000000e+02
2.700120377540588379e+01,9.300000000000000000e+01,1.020000000000000000e+02
2.800124835968017578e+01,9.300000000000000000e+01,1.025000000000000000e+02
2.800124835968017578e+01,9.250000000000000000e+01,1.030000000000000000e+02
2.700120377540588379e+01,9.400000000000000000e+01,9.600000000000000000e+01
2.800124835968017578e+01,9.400000000000000000e+01,9.550000000000000000e+01
2.700120377540588379e+01,9.400000000000000000e+01,9.700000000000000000e+01
2.700120377540588379e+01,9.400000000000000000e+01,9.800000000000000000e+01
2.700120377540588379e+01,9.400000000000000000e+01,9.900000000000000000e+01
2.800124835968017578e+01,9.400000000000000000e+01,9.950000000000000000e+01
2.800124835968017578e+01,9.350000000000000000e+01,1.000000000000000000e+02
2.800124835968017578e+01,9.350000000000000000e+01,1.010000000000000000e+02
2.800124835968017578e+01,9.350000000000000000e+01,1.020000000000000000e+02
2.800124835968017578e+01,9.450000000000000000e+01,9.600000000000000000e+01
2.800124835968017578e+01,9.450000000000000000e+01,9.700000000000000000e+01
2.800124835968017578e+01,9.450000000000000000e+01,9.800000000000000000e+01
2.800124835968017578e+01,9.450000000000000000e+01,9.900000000000000000e+01
2.900129294395446777e+01,9.000000000000000000e+01,1.010000000000000000e+02
2.900129294395446777e+01,9.100000000000000000e+01,9.800000000000000000e+01
2.900129294395446777e+01,9.100000000000000000e+01,9.900000000000000000e+01
2.900129294395446777e+01,9.100000000000000000e+01,1.000000000000000000e+02
2.900129294395446777e+01,9.100000000000000000e+01,1.010000000000000000e+02
2.900129294395446777e+01,9.100000000000000000e+01,1.020000000000000000e+02
2.900129294395446777e+01,9.100000000000000000e+01,1.030000000000000000e+02
3.000133752822875977e+01,9.200000000000000000e+01,9.650000000000000000e+01
3.000133752822875977e+01,9.150000000000000000e+01,9.700000000000000000e+01
3.000133752822875977e+01,9.150000000000000000e+01,9.800000000000000000e+01
3.000133752822875977e+01,9.150000000000000000e+01,9.900000000000000000e+01
3.000133752822875977e+01,9.150000000000000000e+01,1.000000000000000000e+02
3.000133752822875977e+01,9.150000000000000000e+01,1.010000000000000000e+02
3.000133752822875977e+01,9.150000000000000000e+01,1.020000000000000000e+02
3.000133752822875977e+01,9.150000000000000000e+01,1.030000000000000000e+02
3.000133752822875977e+01,9.200000000000000000e+01,1.035000000000000000e+02
3.000133752822875977e+01,9.300000000000000000e+01,9.550000000000000000e+01
3.000133752822875977e+01,9.250000000000000000e+01,9.600000000000000000e+01
2.900129294395446777e+01,9.300000000000000000e+01,1.030000000000000000e+02
3.000133752822875977e+01,9.300000000000000000e+01,1.035000000000000000e+02
2.900129294395446777e+01,9.400000000000000000e+01,9.500000000000000000e+01
3.000133752822875977e+01,9.400000000000000000e+01,9.450000000000000000e+01
3.000133752822875977e+01,9.350000000000000000e+01,9.500000000000000000e+01
2.900129294395446777e+01,9.400000000000000000e+01,1.000000000000000000e+02
2.900129294395446777e+01,9.400000000000000000e+01,1.010000000000000000e+02
2.900129294395446777e+01,9.400000000000000000e+01,1.020000000000000000e+02
3.000133752822875977e+01,9.400000000000000000e+01,1.025000000000000000e+02
3.000133752822875977e+01,9.350000000000000000e+01,1.030000000000000000e+02
2.900129294395446777e+01,9.500000000000000000e+01,9.500000000000000000e+01
3.000133752822875977e+01,9.500000000000000000e+01,9.450000000000000000e+01
2.900129294395446777e+01,9.500000000000000000e+01,9.600000000000000000e+01
2.900129294395446777e+01,9.500000000000000000e+01,9.700000000000000000e+01
2.900129294395446777e+01,9.500000000000000000e+01,9.800000000000000000e+01
2.900129294395446777e+01,9.500000000000000000e+01,9.900000000000000000e+01
3.000133752822875977e+01,9.500000000000000000e+01,9.950000000000000000e+01
3.000133752822875977e+01,9.450000000000000000e+01,1.000000000000000000e+02
3.000133752822875977e+01,9.450000000000000000e+01,1.010000000000000000e+02
3.000133752822875977e+01,9.450000000000000000e+01,1.020000000000000000e+02
3.000133752822875977e+01,9.550000000000000000e+01,9.500000000000000000e+01
3.000133752822875977e+01,9.550000000000000000e+01,9.600000000000000000e+01
3.000133752822875977e+01,9.550000000000000000e+01,9.700000000000000000e+01
3.000133752822875977e+01,9.550000000000000000e+01,9.800000000000000000e+01
3.000133752822875977e+01,9.550000000000000000e+01,9.900000000000000000e+01
3.100138211250305176e+01,9.200000000000000000e+01,9.700000000000000000e+01
3.200142669677734375e+01,9.200000000000000000e+01,9.750000000000000000e+01
3.200142669677734375e+01,9.150000000000000000e+01,9.800000000000000000e+01
3.200142669677734375e+01,9.150000000000000000e+01,9.900000000000000000e+01
3.200142669677734375e+01,9.150000000000000000e+01,1.000000000000000000e+02
3.100138211250305176e+01,9.200000000000000000e+01,1.010000000000000000e+02
3.200142669677734375e+01,9.200000000000000000e+01,1.005000000000000000e+02
3.100138211250305176e+01,9.200000000000000000e+01,1.020000000000000000e+02
3.100138211250305176e+01,9.200000000000000000e+01,1.030000000000000000e+02
3.100138211250305176e+01,9.300000000000000000e+01,9.500000000000000000e+01
3.200142669677734375e+01,9.300000000000000000e+01,9.450000000000000000e+01
3.200142669677734375e+01,9.250000000000000000e+01,9.500000000000000000e+01
3.200142669677734375e+01,9.250000000000000000e+01,9.600000000000000000e+01
3.200142669677734375e+01,9.250000000000000000e+01,9.700000000000000000e+01
3.200142669677734375e+01,9.250000000000000000e+01,1.010000000000000000e+02
3.200142669677734375e+01,9.250000000000000000e+01,1.020000000000000000e+02
3.200142669677734375e+01,9.250000000000000000e+01,1.030000000000000000e+02
3.200142669677734375e+01,9.300000000000000000e+01,1.035000000000000000e+02
3.200142669677734375e+01,9.400000000000000000e+01,9.450000000000000000e+01
3.100138211250305176e+01,9.400000000000000000e+01,1.030000000000000000e+02
3.200142669677734375e+01,9.400000000000000000e+01,1.035000000000000000e+02
3.100138211250305176e+01,9.500000000000000000e+01,9.400000000000000000e+01
3.200142669677734375e+01,9.500000000000000000e+01,9.350000000000000000e+01
3.200142669677734375e+01,9.450000000000000000e+01,9.400000000000000000e+01
3.100138211250305176e+01,9.500000000000000000e+01,1.000000000000000000e+02
3.100138211250305176e+01,9.500000000000000000e+01,1.010000000000000000e+02
3.200142669677734375e+01,9.500000000000000000e+01,1.015000000000000000e+02
3.200142669677734375e+01,9.450000000000000000e+01,1.020000000000000000e+02
3.200142669677734375e+01,9.450000000000000000e+01,1.030000000000000000e+02
3.200142669677734375e+01,9.550000000000000000e+01,9.400000000000000000e+01
3.100138211250305176e+01,9.600000000000000000e+01,9.500000000000000000e+01
3.200142669677734375e+01,9.600000000000000000e+01,9.450000000000000000e+01
3.100138211250305176e+01,9.600000000000000000e+01,9.600000000000000000e+01
3.100138211250305176e+01,9.600000000000000000e+01,9.700000000000000000e+01
3.200142669677734375e+01,9.600000000000000000e+01,9.750000000000000000e+01
3.200142669677734375e+01,9.550000000000000000e+01,9.800000000000000000e+01
3.200142669677734375e+01,9.550000000000000000e+01,9.900000000000000000e+01
3.200142669677734375e+01,9.550000000000000000e+01,1.000000000000000000e+02
3.200142669677734375e+01,9.550000000000000000e+01,1.010000000000000000e+02
3.200142669677734375e+01,9.650000000000000000e+01,9.500000000000000000e+01
3.200142669677734375e+01,9.650000000000000000e+01,9.600000000000000000e+01
3.200142669677734375e+01,9.650000000000000000e+01,9.700000000000000000e+01
3.300147128105163574e+01,9.200000000000000000e+01,9.500000000000000000e+01
3.400151586532592773e+01,9.200000000000000000e+01,9.450000000000000000e+01
3.400151586532592773e+01,9.150000000000000000e+01,9.500000000000000000e+01
3.400151586532592773e+01,9.150000000000000000e+01,9.600000000000000000e+01
3.300147128105163574e+01,9.200000000000000000e+01,9.600000000000000000e+01
3.400151586532592773e+01,9.150000000000000000e+01,9.700000000000000000e+01
3.300147128105163574e+01,9.200000000000000000e+01,9.700000000000000000e+01
3.400151586532592773e+01,9.200000000000000000e+01,9.750000000000000000e+01
3.300147128105163574e+01,9.200000000000000000e+01,9.800000000000000000e+01
3.300147128105163574e+01,9.200000000000000000e+01,9.900000000000000000e+01
3.300147128105163574e+01,9.200000000000000000e+01,1.000000000000000000e+02
3.400151586532592773e+01,9.300000000000000000e+01,9.450000000000000000e+01
3.400151586532592773e+01,9.250000000000000000e+01,9.800000000000000000e+01
3.400151586532592773e+01,9.250000000000000000e+01,9.900000000000000000e+01
3.400151586532592773e+01,9.250000000000000000e+01,1.000000000000000000e+02
3.400151586532592773e+01,9.250000000000000000e+01,1.010000000000000000e+02
3.300147128105163574e+01,9.300000000000000000e+01,1.020000000000000000e+02
3.400151586532592773e+01,9.300000000000000000e+01,1.015000000000000000e+02
3.300147128105163574e+01,9.300000000000000000e+01,1.030000000000000000e+02
3.300147128105163574e+01,9.400000000000000000e+01,9.400000000000000000e+01
3.400151586532592773e+01,9.400000000000000000e+01,9.350000000000000000e+01
3.400151586532592773e+01,9.350000000000000000e+01,9.400000000000000000e+01
3.400151586532592773e+01,9.350000000000000000e+01,1.020000000000000000e+02
3.400151586532592773e+01,9.350000000000000000e+01,1.030000000000000000e+02
3.400151586532592773e+01,9.400000000000000000e+01,1.035000000000000000e+02
3.400151586532592773e+01,9.500000000000000000e+01,9.350000000000000000e+01
3.300147128105163574e+01,9.500000000000000000e+01,1.020000000000000000e+02
3.400151586532592773e+01,9.500000000000000000e+01,1.025000000000000000e+02
3.400151586532592773e+01,9.450000000000000000e+01,1.030000000000000000e+02
3.300147128105163574e+01,9.600000000000000000e+01,9.400000000000000000e+01
3.400151586532592773e+01,9.600000000000000000e+01,9.350000000000000000e+01
3.300147128105163574e+01,9.600000000000000000e+01,9.800000000000000000e+01
3.300147128105163574e+01,9.600000000000000000e+01,9.900000000000000000e+01
3.400151586532592773e+01,9.600000000000000000e+01,9.950000000000000000e+01
3.400151586532592773e+01,9.550000000000000000e+01,1.000000000000000000e+02
3.400151586532592773e+01,9.550000000000000000e+01,1.010000000000000000e+02
3.400151586532592773e+01,9.550000000000000000e+01,1.020000000000000000e+02
3.400151586532592773e+01,9.650000000000000000e+01,9.400000000000000000e+01
3.400151586532592773e+01,9.650000000000000000e+01,9.500000000000000000e+01
3.400151586532592773e+01,9.650000000000000000e+01,9.600000000000000000e+01
3.400151586532592773e+01,9.650000000000000000e+01,9.700000000000000000e+01
3.400151586532592773e+01,9.650000000000000000e+01,9.800000000000000000e+01
3.400151586532592773e+01,9.650000000000000000e+01,9.900000000000000000e+01
3.500156044960021973e+01,9.200000000000000000e+01,9.400000000000000000e+01
3.600160503387451172e+01,9.200000000000000000e+01,9.350000000000000000e+01
3.600160503387451172e+01,9.150000000000000000e+01,9.400000000000000000e+01
3.600160503387451172e+01,9.150000000000000000e+01,9.500000000000000000e+01
3.600160503387451172e+01,9.150000000000000000e+01,9.600000000000000000e+01
3.500156044960021973e+01,9.200000000000000000e+01,9.700000000000000000e+01
3.600160503387451172e+01,9.200000000000000000e+01,9.650000000000000000e+01
3.500156044960021973e+01,9.300000000000000000e+01,9.400000000000000000e+01
3.600160503387451172e+01,9.300000000000000000e+01,9.350000000000000000e+01
3.600160503387451172e+01,9.250000000000000000e+01,9.700000000000000000e+01
3.600160503387451172e+01,9.250000000000000000e+01,9.800000000000000000e+01
3.600160503387451172e+01,9.250000000000000000e+01,9.900000000000000000e+01
3.600160503387451172e+01,9.250000000000000000e+01,1.000000000000000000e+02
3.500156044960021973e+01,9.300000000000000000e+01,1.010000000000000000e+02
3.600160503387451172e+01,9.300000000000000000e+01,1.005000000000000000e+02
3.600160503387451172e+01,9.400000000000000000e+01,9.350000000000000000e+01
3.600160503387451172e+01,9.350000000000000000e+01,1.010000000000000000e+02
3.500156044960021973e+01,9.400000000000000000e+01,1.020000000000000000e+02
3.600160503387451172e+01,9.400000000000000000e+01,1.015000000000000000e+02
3.500156044960021973e+01,9.400000000000000000e+01,1.030000000000000000e+02
3.500156044960021973e+01,9.500000000000000000e+01,9.300000000000000000e+01
3.600160503387451172e+01,9.500000000000000000e+01,9.250000000000000000e+01
3.600160503387451172e+01,9.450000000000000000e+01,9.300000000000000000e+01
3.600160503387451172e+01,9.450000000000000000e+01,1.020000000000000000e+02
3.600160503387451172e+01,9.450000000000000000e+01,1.030000000000000000e+02
3.500156044960021973e+01,9.450000000000000000e+01,1.025000000000000000e+02
3.500156044960021973e+01,9.500000000000000000e+01,1.030000000000000000e+02
3.600160503387451172e+01,9.500000000000000000e+01,1.035000000000000000e+02
3.500156044960021973e+01,9.600000000000000000e+01,9.300000000000000000e+01
3.600160503387451172e+01,9.600000000000000000e+01,9.250000000000000000e+01
3.500156044960021973e+01,9.600000000000000000e+01,1.000000000000000000e+02
3.500156044960021973e+01,9.600000000000000000e+01,1.010000000000000000e+02
3.600160503387451172e+01,9.600000000000000000e+01,1.015000000000000000e+02
3.600160503387451172e+01,9.550000000000000000e+01,1.020000000000000000e+02
3.600160503387451172e+01,9.550000000000000000e+01,1.030000000000000000e+02
3.600160503387451172e+01,9.650000000000000000e+01,9.300000000000000000e+01
3.500156044960021973e+01,9.700000000000000000e+01,9.400000000000000000e+01
3.600160503387451172e+01,9.700000000000000000e+01,9.350000000000000000e+01
3.500156044960021973e+01,9.700000000000000000e+01,9.500000000000000000e+01
3.500156044960021973e+01,9.700000000000000000e+01,9.600000000000000000e+01
3.500156044960021973e+01,9.700000000000000000e+01,9.700000000000000000e+01
3.500156044960021973e+01,9.700000000000000000e+01,9.800000000000000000e+01
3.600160503387451172e+01,9.700000000000000000e+01,9.850000000000000000e+01
3.600160503387451172e+01,9.650000000000000000e+01,9.900000000000000000e+01
3.600160503387451172e+01,9.650000000000000000e+01,1.000000000000000000e+02
3.600160503387451172e+01,9.650000000000000000e+01,1.010000000000000000e+02
3.600160503387451172e+01,9.750000000000000000e+01,9.400000000000000000e+01
3.600160503387451172e+01,9.750000000000000000e+01,9.500000000000000000e+01
3.600160503387451172e+01,9.750000000000000000e+01,9.600000000000000000e+01
3.600160503387451172e+01,9.750000000000000000e+01,9.700000000000000000e+01
3.600160503387451172e+01,9.750000000000000000e+01,9.800000000000000000e+01
3.700164961814880371e+01,9.200000000000000000e+01,9.400000000000000000e+01
3.700164961814880371e+01,9.200000000000000000e+01,9.500000000000000000e+01
3.800169420242309570e+01,9.200000000000000000e+01,9.550000000000000000e+01
3.800169420242309570e+01,9.150000000000000000e+01,9.600000000000000000e+01
3.800169420242309570e+01,9.150000000000000000e+01,9.700000000000000000e+01
3.700164961814880371e+01,9.200000000000000000e+01,9.700000000000000000e+01
3.800169420242309570e+01,9.200000000000000000e+01,9.750000000000000000e+01
3.800169420242309570e+01,9.300000000000000000e+01,9.350000000000000000e+01
3.800169420242309570e+01,9.250000000000000000e+01,9.400000000000000000e+01
3.800169420242309570e+01,9.250000000000000000e+01,9.500000000000000000e+01
3.800169420242309570e+01,9.250000000000000000e+01,9.800000000000000000e+01
3.800169420242309570e+01,9.250000000000000000e+01,9.900000000000000000e+01
3.800169420242309570e+01,9.250000000000000000e+01,1.000000000000000000e+02
3.800169420242309570e+01,9.300000000000000000e+01,1.005000000000000000e+02
3.700164961814880371e+01,9.400000000000000000e+01,9.300000000000000000e+01
3.800169420242309570e+01,9.400000000000000000e+01,9.250000000000000000e+01
3.800169420242309570e+01,9.350000000000000000e+01,9.300000000000000000e+01
3.800169420242309570e+01,9.350000000000000000e+01,1.010000000000000000e+02
3.800169420242309570e+01,9.400000000000000000e+01,1.015000000000000000e+02
3.800169420242309570e+01,9.500000000000000000e+01,9.250000000000000000e+01
3.800169420242309570e+01,9.450000000000000000e+01,1.020000000000000000e+02
3.700164961814880371e+01,9.500000000000000000e+01,1.030000000000000000e+02
3.800169420242309570e+01,9.500000000000000000e+01,1.025000000000000000e+02
3.800169420242309570e+01,9.600000000000000000e+01,9.250000000000000000e+01
3.700164961814880371e+01,9.600000000000000000e+01,1.020000000000000000e+02
3.800169420242309570e+01,9.600000000000000000e+01,1.025000000000000000e+02
3.700164961814880371e+01,9.700000000000000000e+01,9.300000000000000000e+01
3.800169420242309570e+01,9.700000000000000000e+01,9.250000000000000000e+01
3.700164961814880371e+01,9.700000000000000000e+01,9.900000000000000000e+01
3.700164961814880371e+01,9.700000000000000000e+01,1.000000000000000000e+02
3.800169420242309570e+01,9.700000000000000000e+01,1.005000000000000000e+02
3.800169420242309570e+01,9.650000000000000000e+01,1.010000000000000000e+02
3.800169420242309570e+01,9.650000000000000000e+01,1.020000000000000000e+02
3.800169420242309570e+01,9.750000000000000000e+01,9.300000000000000000e+01
3.800169420242309570e+01,9.750000000000000000e+01,9.400000000000000000e+01
3.700164961814880371e+01,9.800000000000000000e+01,9.500000000000000000e+01
3.800169420242309570e+01,9.800000000000000000e+01,9.450000000000000000e+01
3.700164961814880371e+01,9.800000000000000000e+01,9.600000000000000000e+01
3.700164961814880371e+01,9.800000000000000000e+01,9.700000000000000000e+01
3.800169420242309570e+01,9.800000000000000000e+01,9.750000000000000000e+01
3.800169420242309570e+01,9.750000000000000000e+01,9.800000000000000000e+01
3.800169420242309570e+01,9.750000000000000000e+01,9.900000000000000000e+01
3.800169420242309570e+01,9.750000000000000000e+01,1.000000000000000000e+02
3.800169420242309570e+01,9.850000000000000000e+01,9.500000000000000000e+01
3.800169420242309570e+01,9.850000000000000000e+01,9.600000000000000000e+01
3.800169420242309570e+01,9.850000000000000000e+01,9.700000000000000000e+01
3.900173878669738770e+01,9.200000000000000000e+01,9.500000000000000000e+01
4.000178337097167969e+01,9.200000000000000000e+01,9.450000000000000000e+01
4.000178337097167969e+01,9.150000000000000000e+01,9.500000000000000000e+01
4.000178337097167969e+01,9.150000000000000000e+01,9.600000000000000000e+01
4.000178337097167969e+01,9.150000000000000000e+01,9.700000000000000000e+01
4.000178337097167969e+01,9.150000000000000000e+01,9.800000000000000000e+01
3.900173878669738770e+01,9.200000000000000000e+01,9.800000000000000000e+01
4.000178337097167969e+01,9.150000000000000000e+01,9.900000000000000000e+01
3.900173878669738770e+01,9.200000000000000000e+01,9.900000000000000000e+01
4.000178337097167969e+01,9.150000000000000000e+01,1.000000000000000000e+02
3.900173878669738770e+01,9.200000000000000000e+01,1.000000000000000000e+02
4.000178337097167969e+01,9.200000000000000000e+01,1.005000000000000000e+02
4.000178337097167969e+01,9.300000000000000000e+01,9.350000000000000000e+01
4.000178337097167969e+01,9.250000000000000000e+01,9.400000000000000000e+01
4.000178337097167969e+01,9.250000000000000000e+01,1.010000000000000000e+02
3.900173878669738770e+01,9.300000000000000000e+01,1.010000000000000000e+02
4.000178337097167969e+01,9.300000000000000000e+01,1.015000000000000000e+02
4.000178337097167969e+01,9.400000000000000000e+01,9.250000000000000000e+01
4.000178337097167969e+01,9.350000000000000000e+01,9.300000000000000000e+01
4.000178337097167969e+01,9.350000000000000000e+01,1.020000000000000000e+02
3.900173878669738770e+01,9.400000000000000000e+01,1.020000000000000000e+02
4.000178337097167969e+01,9.400000000000000000e+01,1.025000000000000000e+02
4.000178337097167969e+01,9.500000000000000000e+01,9.250000000000000000e+01
4.000178337097167969e+01,9.500000000000000000e+01,1.025000000000000000e+02
3.900173878669738770e+01,9.600000000000000000e+01,9.200000000000000000e+01
4.000178337097167969e+01,9.600000000000000000e+01,9.150000000000000000e+01
4.000178337097167969e+01,9.550000000000000000e+01,9.200000000000000000e+01
4.000178337097167969e+01,9.600000000000000000e+01,1.025000000000000000e+02
3.900173878669738770e+01,9.700000000000000000e+01,9.200000000000000000e+01
4.000178337097167969e+01,9.700000000000000000e+01,9.150000000000000000e+01
3.900173878669738770e+01,9.700000000000000000e+01,1.010000000000000000e+02
3.900173878669738770e+01,9.700000000000000000e+01,1.020000000000000000e+02
4.000178337097167969e+01,9.700000000000000000e+01,1.025000000000000000e+02
3.900173878669738770e+01,9.800000000000000000e+01,9.200000000000000000e+01
4.000178337097167969e+01,9.800000000000000000e+01,9.150000000000000000e+01
3.900173878669738770e+01,9.800000000000000000e+01,9.300000000000000000e+01
3.900173878669738770e+01,9.800000000000000000e+01,9.400000000000000000e+01
3.900173878669738770e+01,9.800000000000000000e+01,9.800000000000000000e+01
3.900173878669738770e+01,9.800000000000000000e+01,9.900000000000000000e+01
3.900173878669738770e+01,9.800000000000000000e+01,1.000000000000000000e+02
4.000178337097167969e+01,9.800000000000000000e+01,1.005000000000000000e+02
4.000178337097167969e+01,9.750000000000000000e+01,1.010000000000000000e+02
4.000178337097167969e+01,9.750000000000000000e+01,1.020000000000000000e+02
4.000178337097167969e+01,9.850000000000000000e+01,9.200000000000000000e+01
3.900173878669738770e+01,9.900000000000000000e+01,9.300000000000000000e+01
4.000178337097167969e+01,9.900000000000000000e+01,9.250000000000000000e+01
3.900173878669738770e+01,9.900000000000000000e+01,9.400000000000000000e+01
3.900173878669738770e+01,9.900000000000000000e+01,9.500000000000000000e+01
3.900173878669738770e+01,9.900000000000000000e+01,9.600000000000000000e+01
3.900173878669738770e+01,9.900000000000000000e+01,9.700000000000000000e+01
4.000178337097167969e+01,9.900000000000000000e+01,9.750000000000000000e+01
4.000178337097167969e+01,9.850000000000000000e+01,9.800000000000000000e+01
4.000178337097167969e+01,9.850000000000000000e+01,9.900000000000000000e+01
4.000178337097167969e+01,9.850000000000000000e+01,1.000000000000000000e+02
4.000178337097167969e+01,9.950000000000000000e+01,9.300000000000000000e+01
4.000178337097167969e+01,9.950000000000000000e+01,9.400000000000000000e+01
4.000178337097167969e+01,9.950000000000000000e+01,9.500000000000000000e+01
4.000178337097167969e+01,9.950000000000000000e+01,9.600000000000000000e+01
4.000178337097167969e+01,9.950000000000000000e+01,9.700000000000000000e+01
4.100182795524597168e+01,8.300000000000000000e+01,1.030000000000000000e+02
4.200187253952026367e+01,8.300000000000000000e+01,1.025000000000000000e+02
4.200187253952026367e+01,8.250000000000000000e+01,1.030000000000000000e+02
4.200187253952026367e+01,8.300000000000000000e+01,1.035000000000000000e+02
4.100182795524597168e+01,8.400000000000000000e+01,1.020000000000000000e+02
4.200187253952026367e+01,8.400000000000000000e+01,1.015000000000000000e+02
4.200187253952026367e+01,8.350000000000000000e+01,1.020000000000000000e+02
4.100182795524597168e+01,8.400000000000000000e+01,1.030000000000000000e+02
4.200187253952026367e+01,8.400000000000000000e+01,1.035000000000000000e+02
4.100182795524597168e+01,8.500000000000000000e+01,1.010000000000000000e+02
4.200187253952026367e+01,8.500000000000000000e+01,1.005000000000000000e+02
4.200187253952026367e+01,8.450000000000000000e+01,1.010000000000000000e+02
4.100182795524597168e+01,8.500000000000000000e+01,1.020000000000000000e+02
4.100182795524597168e+01,8.500000000000000000e+01,1.030000000000000000e+02
4.200187253952026367e+01,8.500000000000000000e+01,1.035000000000000000e+02
4.100182795524597168e+01,8.600000000000000000e+01,9.900000000000000000e+01
4.200187253952026367e+01,8.600000000000000000e+01,9.850000000000000000e+01
4.200187253952026367e+01,8.550000000000000000e+01,9.900000000000000000e+01
4.200187253952026367e+01,8.550000000000000000e+01,1.000000000000000000e+02
4.100182795524597168e+01,8.600000000000000000e+01,1.000000000000000000e+02
4.100182795524597168e+01,8.600000000000000000e+01,1.010000000000000000e+02
4.100182795524597168e+01,8.600000000000000000e+01,1.020000000000000000e+02
4.100182795524597168e+01,8.600000000000000000e+01,1.030000000000000000e+02
4.200187253952026367e+01,8.600000000000000000e+01,1.035000000000000000e+02
4.100182795524597168e+01,8.700000000000000000e+01,7.200000000000000000e+01
4.200187253952026367e+01,8.700000000000000000e+01,7.150000000000000000e+01
4.200187253952026367e+01,8.650000000000000000e+01,7.200000000000000000e+01
4.200187253952026367e+01,8.650000000000000000e+01,7.300000000000000000e+01
4.100182795524597168e+01,8.700000000000000000e+01,7.300000000000000000e+01
4.200187253952026367e+01,8.650000000000000000e+01,7.400000000000000000e+01
4.100182795524597168e+01,8.700000000000000000e+01,7.400000000000000000e+01
4.200187253952026367e+01,8.650000000000000000e+01,7.500000000000000000e+01
4.100182795524597168e+01,8.700000000000000000e+01,7.500000000000000000e+01
4.200187253952026367e+01,8.650000000000000000e+01,7.600000000000000000e+01
4.100182795524597168e+01,8.700000000000000000e+01,7.600000000000000000e+01
4.200187253952026367e+01,8.650000000000000000e+01,7.700000000000000000e+01
4.100182795524597168e+01,8.700000000000000000e+01,7.700000000000000000e+01
4.200187253952026367e+01,8.650000000000000000e+01,7.800000000000000000e+01
4.100182795524597168e+01,8.700000000000000000e+01,7.800000000000000000e+01
4.200187253952026367e+01,8.700000000000000000e+01,7.850000000000000000e+01
4.100182795524597168e+01,8.700000000000000000e+01,9.900000000000000000e+01
4.200187253952026367e+01,8.700000000000000000e+01,9.850000000000000000e+01
4.100182795524597168e+01,8.700000000000000000e+01,1.000000000000000000e+02
4.100182795524597168e+01,8.700000000000000000e+01,1.010000000000000000e+02
4.100182795524597168e+01,8.700000000000000000e+01,1.020000000000000000e+02
4.200187253952026367e+01,8.700000000000000000e+01,1.025000000000000000e+02
4.200187253952026367e+01,8.650000000000000000e+01,1.030000000000000000e+02
4.100182795524597168e+01,8.800000000000000000e+01,7.100000000000000000e+01
4.200187253952026367e+01,8.800000000000000000e+01,7.050000000000000000e+01
4.200187253952026367e+01,8.750000000000000000e+01,7.100000000000000000e+01
4.100182795524597168e+01,8.800000000000000000e+01,7.200000000000000000e+01
4.100182795524597168e+01,8.800000000000000000e+01,7.300000000000000000e+01
4.100182795524597168e+01,8.800000000000000000e+01,7.400000000000000000e+01
4.100182795524597168e+01,8.800000000000000000e+01,7.500000000000000000e+01
4.100182795524597168e+01,8.800000000000000000e+01,7.600000000000000000e+01
4.100182795524597168e+01,8.800000000000000000e+01,7.700000000000000000e+01
4.100182795524597168e+01,8.800000000000000000e+01,7.800000000000000000e+01
4.200187253952026367e+01,8.750000000000000000e+01,7.900000000000000000e+01
4.100182795524597168e+01,8.800000000000000000e+01,7.900000000000000000e+01
4.200187253952026367e+01,8.800000000000000000e+01,7.950000000000000000e+01
4.100182795524597168e+01,8.800000000000000000e+01,9.800000000000000000e+01
4.200187253952026367e+01,8.800000000000000000e+01,9.750000000000000000e+01
4.200187253952026367e+01,8.750000000000000000e+01,9.800000000000000000e+01
4.100182795524597168e+01,8.800000000000000000e+01,9.900000000000000000e+01
4.100182795524597168e+01,8.800000000000000000e+01,1.000000000000000000e+02
4.100182795524597168e+01,8.800000000000000000e+01,1.010000000000000000e+02
4.100182795524597168e+01,8.800000000000000000e+01,1.020000000000000000e+02
4.200187253952026367e+01,8.800000000000000000e+01,1.025000000000000000e+02
4.100182795524597168e+01,8.900000000000000000e+01,7.000000000000000000e+01
4.200187253952026367e+01,8.900000000000000000e+01,6.950000000000000000e+01
4.200187253952026367e+01,8.850000000000000000e+01,7.000000000000000000e+01
4.100182795524597168e+01,8.900000000000000000e+01,7.100000000000000000e+01
4.100182795524597168e+01,8.900000000000000000e+01,7.200000000000000000e+01
4.100182795524597168e+01,8.900000000000000000e+01,7.300000000000000000e+01
4.100182795524597168e+01,8.900000000000000000e+01,7.400000000000000000e+01
4.100182795524597168e+01,8.900000000000000000e+01,7.500000000000000000e+01
4.100182795524597168e+01,8.900000000000000000e+01,7.600000000000000000e+01
4.100182795524597168e+01,8.900000000000000000e+01,7.700000000000000000e+01
4.100182795524597168e+01,8.900000000000000000e+01,7.800000000000000000e+01
4.100182795524597168e+01,8.900000000000000000e+01,7.900000000000000000e+01
4.200187253952026367e+01,8.850000000000000000e+01,8.000000000000000000e+01
4.100182795524597168e+01,8.900000000000000000e+01,8.000000000000000000e+01
4.200187253952026367e+01,8.900000000000000000e+01,8.050000000000000000e+01
4.100182795524597168e+01,8.900000000000000000e+01,9.800000000000000000e+01
4.200187253952026367e+01,8.900000000000000000e+01,9.750000000000000000e+01
4.100182795524597168e+01,8.900000000000000000e+01,9.900000000000000000e+01
4.100182795524597168e+01,8.900000000000000000e+01,1.000000000000000000e+02
4.100182795524597168e+01,8.900000000000000000e+01,1.010000000000000000e+02
4.100182795524597168e+01,8.900000000000000000e+01,1.020000000000000000e+02
4.200187253952026367e+01,8.900000000000000000e+01,1.025000000000000000e+02
4.200187253952026367e+01,8.950000000000000000e+01,7.000000000000000000e+01
4.100182795524597168e+01,9.000000000000000000e+01,7.100000000000000000e+01
4.200187253952026367e+01,9.000000000000000000e+01,7.050000000000000000e+01
4.100182795524597168e+01,9.000000000000000000e+01,7.200000000000000000e+01
4.100182795524597168e+01,9.000000000000000000e+01,7.300000000000000000e+01
4.100182795524597168e+01,9.000000000000000000e+01,7.400000000000000000e+01
4.100182795524597168e+01,9.000000000000000000e+01,7.500000000000000000e+01
4.100182795524597168e+01,9.000000000000000000e+01,7.600000000000000000e+01
4.100182795524597168e+01,9.000000000000000000e+01,7.700000000000000000e+01
4.100182795524597168e+01,9.000000000000000000e+01,7.800000000000000000e+01
4.100182795524597168e+01,9.000000000000000000e+01,7.900000000000000000e+01
4.100182795524597168e+01,9.000000000000000000e+01,8.000000000000000000e+01
4.200187253952026367e+01,9.000000000000000000e+01,8.050000000000000000e+01
4.100182795524597168e+01,9.000000000000000000e+01,9.700000000000000000e+01
4.200187253952026367e+01,9.000000000000000000e+01,9.650000000000000000e+01
4.200187253952026367e+01,8.950000000000000000e+01,9.700000000000000000e+01
4.100182795524597168e+01,9.000000000000000000e+01,9.800000000000000000e+01
4.100182795524597168e+01,9.000000000000000000e+01,9.900000000000000000e+01
4.100182795524597168e+01,9.000000000000000000e+01,1.000000000000000000e+02
4.100182795524597168e+01,9.000000000000000000e+01,1.010000000000000000e+02
4.100182795524597168e+01,9.000000000000000000e+01,1.020000000000000000e+02
4.200187253952026367e+01,9.000000000000000000e+01,1.025000000000000000e+02
4.100182795524597168e+01,9.100000000000000000e+01,7.100000000000000000e+01
4.200187253952026367e+01,9.100000000000000000e+01,7.050000000000000000e+01
4.100182795524597168e+01,9.100000000000000000e+01,7.200000000000000000e+01
4.100182795524597168e+01,9.100000000000000000e+01,7.300000000000000000e+01
4.100182795524597168e+01,9.100000000000000000e+01,7.400000000000000000e+01
4.100182795524597168e+01,9.100000000000000000e+01,7.500000000000000000e+01
4.100182795524597168e+01,9.100000000000000000e+01,7.600000000000000000e+01
4.100182795524597168e+01,9.100000000000000000e+01,7.700000000000000000e+01
4.100182795524597168e+01,9.100000000000000000e+01,7.800000000000000000e+01
4.100182795524597168e+01,9.100000000000000000e+01,7.900000000000000000e+01
4.100182795524597168e+01,9.100000000000000000e+01,8.000000000000000000e+01
4.200187253952026367e+01,9.050000000000000000e+01,8.100000000000000000e+01
4.100182795524597168e+01,9.100000000000000000e+01,8.100000000000000000e+01
4.200187253952026367e+01,9.100000000000000000e+01,8.150000000000000000e+01
4.100182795524597168e+01,9.100000000000000000e+01,9.600000000000000000e+01
4.200187253952026367e+01,9.100000000000000000e+01,9.550000000000000000e+01
4.200187253952026367e+01,9.050000000000000000e+01,9.600000000000000000e+01
4.100182795524597168e+01,9.100000000000000000e+01,9.700000000000000000e+01
4.100182795524597168e+01,9.100000000000000000e+01,9.800000000000000000e+01
4.100182795524597168e+01,9.100000000000000000e+01,9.900000000000000000e+01
4.100182795524597168e+01,9.100000000000000000e+01,1.000000000000000000e+02
4.100182795524597168e+01,9.100000000000000000e+01,1.010000000000000000e+02
4.100182795524597168e+01,9.100000000000000000e+01,1.020000000000000000e+02
4.200187253952026367e+01,9.050000000000000000e+01,1.030000000000000000e+02
4.100182795524597168e+01,9.100000000000000000e+01,1.030000000000000000e+02
4.200187253952026367e+01,9.100000000000000000e+01,1.035000000000000000e+02
4.200187253952026367e+01,9.150000000000000000e+01,7.100000000000000000e+01
4.200187253952026367e+01,9.150000000000000000e+01,7.200000000000000000e+01
4.200187253952026367e+01,9.150000000000000000e+01,7.300000000000000000e+01
4.200187253952026367e+01,9.150000000000000000e+01,7.400000000000000000e+01
4.200187253952026367e+01,9.150000000000000000e+01,7.500000000000000000e+01
4.200187253952026367e+01,9.150000000000000000e+01,7.600000000000000000e+01
4.200187253952026367e+01,9.150000000000000000e+01,7.700000000000000000e+01
4.100182795524597168e+01,9.200000000000000000e+01,7.800000000000000000e+01
4.200187253952026367e+01,9.200000000000000000e+01,7.750000000000000000e+01
4.100182795524597168e+01,9.200000000000000000e+01,7.900000000000000000e+01
4.100182795524597168e+01,9.200000000000000000e+01,8.000000000000000000e+01
4.200187253952026367e+01,9.200000000000000000e+01,8.050000000000000000e+01
4.200187253952026367e+01,9.150000000000000000e+01,8.100000000000000000e+01
4.200187253952026367e+01,9.200000000000000000e+01,9.450000000000000000e+01
4.200187253952026367e+01,9.150000000000000000e+01,9.500000000000000000e+01
4.100182795524597168e+01,9.200000000000000000e+01,1.010000000000000000e+02
4.100182795524597168e+01,9.200000000000000000e+01,1.020000000000000000e+02
4.100182795524597168e+01,9.200000000000000000e+01,1.030000000000000000e+02
4.200187253952026367e+01,9.200000000000000000e+01,1.035000000000000000e+02
4.200187253952026367e+01,9.250000000000000000e+01,7.800000000000000000e+01
4.200187253952026367e+01,9.250000000000000000e+01,7.900000000000000000e+01
4.200187253952026367e+01,9.250000000000000000e+01,8.000000000000000000e+01
4.100182795524597168e+01,9.300000000000000000e+01,9.400000000000000000e+01
4.200187253952026367e+01,9.300000000000000000e+01,9.450000000000000000e+01
4.100182795524597168e+01,9.300000000000000000e+01,1.020000000000000000e+02
4.100182795524597168e+01,9.300000000000000000e+01,1.030000000000000000e+02
4.200187253952026367e+01,9.300000000000000000e+01,1.035000000000000000e+02
4.100182795524597168e+01,9.400000000000000000e+01,9.300000000000000000e+01
4.200187253952026367e+01,9.400000000000000000e+01,9.350000000000000000e+01
4.200187253952026367e+01,9.350000000000000000e+01,9.400000000000000000e+01
4.100182795524597168e+01,9.400000000000000000e+01,1.030000000000000000e+02
4.200187253952026367e+01,9.400000000000000000e+01,1.035000000000000000e+02
4.200187253952026367e+01,9.500000000000000000e+01,9.250000000000000000e+01
4.200187253952026367e+01,9.450000000000000000e+01,9.300000000000000000e+01
4.100182795524597168e+01,9.500000000000000000e+01,1.030000000000000000e+02
4.200187253952026367e+01,9.500000000000000000e+01,1.035000000000000000e+02
4.100182795524597168e+01,9.600000000000000000e+01,9.200000000000000000e+01
4.200187253952026367e+01,9.600000000000000000e+01,9.250000000000000000e+01
4.100182795524597168e+01,9.600000000000000000e+01,1.030000000000000000e+02
4.200187253952026367e+01,9.600000000000000000e+01,1.035000000000000000e+02
4.200187253952026367e+01,9.700000000000000000e+01,9.150000000000000000e+01
4.200187253952026367e+01,9.650000000000000000e+01,9.200000000000000000e+01
4.200187253952026367e+01,9.650000000000000000e+01,1.030000000000000000e+02
4.200187253952026367e+01,9.700000000000000000e+01,1.025000000000000000e+02
4.200187253952026367e+01,9.800000000000000000e+01,9.150000000000000000e+01
4.100182795524597168e+01,9.800000000000000000e+01,1.010000000000000000e+02
4.100182795524597168e+01,9.800000000000000000e+01,1.020000000000000000e+02
4.200187253952026367e+01,9.800000000000000000e+01,1.025000000000000000e+02
4.100182795524597168e+01,9.900000000000000000e+01,9.200000000000000000e+01
4.200187253952026367e+01,9.900000000000000000e+01,9.150000000000000000e+01
4.100182795524597168e+01,9.900000000000000000e+01,9.800000000000000000e+01
4.100182795524597168e+01,9.900000000000000000e+01,9.900000000000000000e+01
4.100182795524597168e+01,9.900000000000000000e+01,1.000000000000000000e+02
4.100182795524597168e+01,9.900000000000000000e+01,1.010000000000000000e+02
4.200187253952026367e+01,9.900000000000000000e+01,1.015000000000000000e+02
4.200187253952026367e+01,9.850000000000000000e+01,1.020000000000000000e+02
4.100182795524597168e+01,1.000000000000000000e+02,9.200000000000000000e+01
4.200187253952026367e+01,1.000000000000000000e+02,9.150000000000000000e+01
4.100182795524597168e+01,1.000000000000000000e+02,9.300000000000000000e+01
4.100182795524597168e+01,1.000000000000000000e+02,9.400000000000000000e+01
4.100182795524597168e+01,1.000000000000000000e+02,9.500000000000000000e+01
4.100182795524597168e+01,1.000000000000000000e+02,9.600000000000000000e+01
4.100182795524597168e+01,1.000000000000000000e+02,9.700000000000000000e+01
4.100182795524597168e+01,1.000000000000000000e+02,9.800000000000000000e+01
4.100182795524597168e+01,1.000000000000000000e+02,9.900000000000000000e+01
4.200187253952026367e+01,1.000000000000000000e+02,9.950000000000000000e+01
4.200187253952026367e+01,9.950000000000000000e+01,1.000000000000000000e+02
4.200187253952026367e+01,9.950000000000000000e+01,1.010000000000000000e+02
4.200187253952026367e+01,1.005000000000000000e+02,9.200000000000000000e+01
4.100182795524597168e+01,1.010000000000000000e+02,9.300000000000000000e+01
4.200187253952026367e+01,1.010000000000000000e+02,9.250000000000000000e+01
4.100182795524597168e+01,1.010000000000000000e+02,9.400000000000000000e+01
4.100182795524597168e+01,1.010000000000000000e+02,9.500000000000000000e+01
4.100182795524597168e+01,1.010000000000000000e+02,9.600000000000000000e+01
4.100182795524597168e+01,1.010000000000000000e+02,9.700000000000000000e+01
4.200187253952026367e+01,1.010000000000000000e+02,9.750000000000000000e+01
4.200187253952026367e+01,1.005000000000000000e+02,9.800000000000000000e+01
4.200187253952026367e+01,1.005000000000000000e+02,9.900000000000000000e+01
4.200187253952026367e+01,1.015000000000000000e+02,9.300000000000000000e+01
4.200187253952026367e+01,1.015000000000000000e+02,9.400000000000000000e+01
4.200187253952026367e+01,1.015000000000000000e+02,9.500000000000000000e+01
4.200187253952026367e+01,1.015000000000000000e+02,9.600000000000000000e+01
4.200187253952026367e+01,1.015000000000000000e+02,9.700000000000000000e+01
4.300191712379455566e+01,8.300000000000000000e+01,1.010000000000000000e+02
4.400196170806884766e+01,8.300000000000000000e+01,1.005000000000000000e+02
4.400196170806884766e+01,8.250000000000000000e+01,1.010000000000000000e+02
4.400196170806884766e+01,8.250000000000000000e+01,1.020000000000000000e+02
4.300191712379455566e+01,8.300000000000000000e+01,1.020000000000000000e+02
4.400196170806884766e+01,8.250000000000000000e+01,1.030000000000000000e+02
4.400196170806884766e+01,8.250000000000000000e+01,1.040000000000000000e+02
4.300191712379455566e+01,8.300000000000000000e+01,1.040000000000000000e+02
4.400196170806884766e+01,8.300000000000000000e+01,1.045000000000000000e+02
4.300191712379455566e+01,8.400000000000000000e+01,9.900000000000000000e+01
4.400196170806884766e+01,8.400000000000000000e+01,9.850000000000000000e+01
4.400196170806884766e+01,8.350000000000000000e+01,9.900000000000000000e+01
4.400196170806884766e+01,8.350000000000000000e+01,1.000000000000000000e+02
4.300191712379455566e+01,8.400000000000000000e+01,1.000000000000000000e+02
4.300191712379455566e+01,8.400000000000000000e+01,1.010000000000000000e+02
4.300191712379455566e+01,8.400000000000000000e+01,1.040000000000000000e+02
4.400196170806884766e+01,8.350000000000000000e+01,1.050000000000000000e+02
4.300191712379455566e+01,8.400000000000000000e+01,1.050000000000000000e+02
4.400196170806884766e+01,8.400000000000000000e+01,1.055000000000000000e+02
4.300191712379455566e+01,8.500000000000000000e+01,9.800000000000000000e+01
4.400196170806884766e+01,8.500000000000000000e+01,9.750000000000000000e+01
4.400196170806884766e+01,8.450000000000000000e+01,9.800000000000000000e+01
4.300191712379455566e+01,8.500000000000000000e+01,9.900000000000000000e+01
4.300191712379455566e+01,8.500000000000000000e+01,1.000000000000000000e+02
4.300191712379455566e+01,8.500000000000000000e+01,1.040000000000000000e+02
4.300191712379455566e+01,8.500000000000000000e+01,1.050000000000000000e+02
4.400196170806884766e+01,8.450000000000000000e+01,1.060000000000000000e+02
4.300191712379455566e+01,8.500000000000000000e+01,1.060000000000000000e+02
4.400196170806884766e+01,8.500000000000000000e+01,1.065000000000000000e+02
4.300191712379455566e+01,8.600000000000000000e+01,9.800000000000000000e+01
4.400196170806884766e+01,8.600000000000000000e+01,9.750000000000000000e+01
4.300191712379455566e+01,8.600000000000000000e+01,1.040000000000000000e+02
4.300191712379455566e+01,8.600000000000000000e+01,1.050000000000000000e+02
4.300191712379455566e+01,8.600000000000000000e+01,1.060000000000000000e+02
4.400196170806884766e+01,8.600000000000000000e+01,1.065000000000000000e+02
4.400196170806884766e+01,8.700000000000000000e+01,7.150000000000000000e+01
4.400196170806884766e+01,8.650000000000000000e+01,7.200000000000000000e+01
4.400196170806884766e+01,8.650000000000000000e+01,7.300000000000000000e+01
4.400196170806884766e+01,8.650000000000000000e+01,7.400000000000000000e+01
4.400196170806884766e+01,8.650000000000000000e+01,7.500000000000000000e+01
4.300191712379455566e+01,8.700000000000000000e+01,7.600000000000000000e+01
4.400196170806884766e+01,8.700000000000000000e+01,7.550000000000000000e+01
4.300191712379455566e+01,8.700000000000000000e+01,7.700000000000000000e+01
4.300191712379455566e+01,8.700000000000000000e+01,7.800000000000000000e+01
4.300191712379455566e+01,8.700000000000000000e+01,9.700000000000000000e+01
4.400196170806884766e+01,8.700000000000000000e+01,9.650000000000000000e+01
4.400196170806884766e+01,8.650000000000000000e+01,9.700000000000000000e+01
4.300191712379455566e+01,8.700000000000000000e+01,9.800000000000000000e+01
4.300191712379455566e+01,8.700000000000000000e+01,1.030000000000000000e+02
4.300191712379455566e+01,8.700000000000000000e+01,1.040000000000000000e+02
4.300191712379455566e+01,8.700000000000000000e+01,1.050000000000000000e+02
4.300191712379455566e+01,8.700000000000000000e+01,1.060000000000000000e+02
4.400196170806884766e+01,8.700000000000000000e+01,1.065000000000000000e+02
4.400196170806884766e+01,8.800000000000000000e+01,7.050000000000000000e+01
4.400196170806884766e+01,8.750000000000000000e+01,7.100000000000000000e+01
4.400196170806884766e+01,8.750000000000000000e+01,7.600000000000000000e+01
4.400196170806884766e+01,8.750000000000000000e+01,7.700000000000000000e+01
4.400196170806884766e+01,8.750000000000000000e+01,7.800000000000000000e+01
4.400196170806884766e+01,8.750000000000000000e+01,7.900000000000000000e+01
4.400196170806884766e+01,8.800000000000000000e+01,7.950000000000000000e+01
4.300191712379455566e+01,8.800000000000000000e+01,9.700000000000000000e+01
4.400196170806884766e+01,8.800000000000000000e+01,9.650000000000000000e+01
4.300191712379455566e+01,8.800000000000000000e+01,1.030000000000000000e+02
4.300191712379455566e+01,8.800000000000000000e+01,1.040000000000000000e+02
4.300191712379455566e+01,8.800000000000000000e+01,1.050000000000000000e+02
4.300191712379455566e+01,8.800000000000000000e+01,1.060000000000000000e+02
4.400196170806884766e+01,8.800000000000000000e+01,1.065000000000000000e+02
4.400196170806884766e+01,8.900000000000000000e+01,6.950000000000000000e+01
4.400196170806884766e+01,8.850000000000000000e+01,7.000000000000000000e+01
4.400196170806884766e+01,8.850000000000000000e+01,8.000000000000000000e+01
4.400196170806884766e+01,8.850000000000000000e+01,8.100000000000000000e+01
4.300191712379455566e+01,8.900000000000000000e+01,8.100000000000000000e+01
4.400196170806884766e+01,8.900000000000000000e+01,8.150000000000000000e+01
4.300191712379455566e+01,8.900000000000000000e+01,9.700000000000000000e+01
4.400196170806884766e+01,8.900000000000000000e+01,9.650000000000000000e+01
4.300191712379455566e+01,8.900000000000000000e+01,1.030000000000000000e+02
4.300191712379455566e+01,8.900000000000000000e+01,1.040000000000000000e+02
4.300191712379455566e+01,8.900000000000000000e+01,1.050000000000000000e+02
4.300191712379455566e+01,8.900000000000000000e+01,1.060000000000000000e+02
4.400196170806884766e+01,8.900000000000000000e+01,1.065000000000000000e+02
4.300191712379455566e+01,9.000000000000000000e+01,6.900000000000000000e+01
4.400196170806884766e+01,9.000000000000000000e+01,6.850000000000000000e+01
4.400196170806884766e+01,8.950000000000000000e+01,6.900000000000000000e+01
4.300191712379455566e+01,9.000000000000000000e+01,7.000000000000000000e+01
4.300191712379455566e+01,9.000000000000000000e+01,8.100000000000000000e+01
4.400196170806884766e+01,8.950000000000000000e+01,8.200000000000000000e+01
4.300191712379455566e+01,9.000000000000000000e+01,8.200000000000000000e+01
4.400196170806884766e+01,9.000000000000000000e+01,8.250000000000000000e+01
4.300191712379455566e+01,9.000000000000000000e+01,9.600000000000000000e+01
4.400196170806884766e+01,9.000000000000000000e+01,9.550000000000000000e+01
4.400196170806884766e+01,8.950000000000000000e+01,9.600000000000000000e+01
4.300191712379455566e+01,9.000000000000000000e+01,1.030000000000000000e+02
4.300191712379455566e+01,9.000000000000000000e+01,1.040000000000000000e+02
4.300191712379455566e+01,9.000000000000000000e+01,1.050000000000000000e+02
4.400196170806884766e+01,9.000000000000000000e+01,1.055000000000000000e+02
4.400196170806884766e+01,8.950000000000000000e+01,1.060000000000000000e+02
4.300191712379455566e+01,9.100000000000000000e+01,6.900000000000000000e+01
4.400196170806884766e+01,9.100000000000000000e+01,6.850000000000000000e+01
4.300191712379455566e+01,9.100000000000000000e+01,7.000000000000000000e+01
4.400196170806884766e+01,9.050000000000000000e+01,8.200000000000000000e+01
4.400196170806884766e+01,9.100000000000000000e+01,8.150000000000000000e+01
4.400196170806884766e+01,9.100000000000000000e+01,9.550000000000000000e+01
4.300191712379455566e+01,9.100000000000000000e+01,1.040000000000000000e+02
4.300191712379455566e+01,9.100000000000000000e+01,1.050000000000000000e+02
4.400196170806884766e+01,9.100000000000000000e+01,1.055000000000000000e+02
4.300191712379455566e+01,9.200000000000000000e+01,6.900000000000000000e+01
4.400196170806884766e+01,9.200000000000000000e+01,6.850000000000000000e+01
4.300191712379455566e+01,9.200000000000000000e+01,7.000000000000000000e+01
4.300191712379455566e+01,9.200000000000000000e+01,7.100000000000000000e+01
4.300191712379455566e+01,9.200000000000000000e+01,7.200000000000000000e+01
4.300191712379455566e+01,9.200000000000000000e+01,7.300000000000000000e+01
4.300191712379455566e+01,9.200000000000000000e+01,7.400000000000000000e+01
4.300191712379455566e+01,9.200000000000000000e+01,7.500000000000000000e+01
4.300191712379455566e+01,9.200000000000000000e+01,7.600000000000000000e+01
4.300191712379455566e+01,9.200000000000000000e+01,7.700000000000000000e+01
4.300191712379455566e+01,9.200000000000000000e+01,8.100000000000000000e+01
4.400196170806884766e+01,9.200000000000000000e+01,8.150000000000000000e+01
4.400196170806884766e+01,9.200000000000000000e+01,9.450000000000000000e+01
4.400196170806884766e+01,9.150000000000000000e+01,9.500000000000000000e+01
4.300191712379455566e+01,9.200000000000000000e+01,1.040000000000000000e+02
4.300191712379455566e+01,9.200000000000000000e+01,1.050000000000000000e+02
4.400196170806884766e+01,9.200000000000000000e+01,1.055000000000000000e+02
4.400196170806884766e+01,9.250000000000000000e+01,6.900000000000000000e+01
4.300191712379455566e+01,9.300000000000000000e+01,7.000000000000000000e+01
4.400196170806884766e+01,9.300000000000000000e+01,6.950000000000000000e+01
4.300191712379455566e+01,9.300000000000000000e+01,7.100000000000000000e+01
4.300191712379455566e+01,9.300000000000000000e+01,7.200000000000000000e+01
4.300191712379455566e+01,9.300000000000000000e+01,7.300000000000000000e+01
4.300191712379455566e+01,9.300000000000000000e+01,7.400000000000000000e+01
4.300191712379455566e+01,9.300000000000000000e+01,7.500000000000000000e+01
4.300191712379455566e+01,9.300000000000000000e+01,7.600000000000000000e+01
4.300191712379455566e+01,9.300000000000000000e+01,7.700000000000000000e+01
4.300191712379455566e+01,9.300000000000000000e+01,7.800000000000000000e+01
4.300191712379455566e+01,9.300000000000000000e+01,7.900000000000000000e+01
4.300191712379455566e+01,9.300000000000000000e+01,8.000000000000000000e+01
4.300191712379455566e+01,9.300000000000000000e+01,8.100000000000000000e+01
4.400196170806884766e+01,9.300000000000000000e+01,8.150000000000000000e+01
4.400196170806884766e+01,9.300000000000000000e+01,9.450000000000000000e+01
4.300191712379455566e+01,9.300000000000000000e+01,1.040000000000000000e+02
4.300191712379455566e+01,9.300000000000000000e+01,1.050000000000000000e+02
4.400196170806884766e+01,9.300000000000000000e+01,1.055000000000000000e+02
4.400196170806884766e+01,9.350000000000000000e+01,7.000000000000000000e+01
4.400196170806884766e+01,9.350000000000000000e+01,7.100000000000000000e+01
4.400196170806884766e+01,9.350000000000000000e+01,7.200000000000000000e+01
4.400196170806884766e+01,9.350000000000000000e+01,7.300000000000000000e+01
4.400196170806884766e+01,9.350000000000000000e+01,7.400000000000000000e+01
4.400196170806884766e+01,9.350000000000000000e+01,7.500000000000000000e+01
4.400196170806884766e+01,9.350000000000000000e+01,7.600000000000000000e+01
4.300191712379455566e+01,9.400000000000000000e+01,7.700000000000000000e+01
4.400196170806884766e+01,9.400000000000000000e+01,7.650000000000000000e+01
4.300191712379455566e+01,9.400000000000000000e+01,7.800000000000000000e+01
4.300191712379455566e+01,9.400000000000000000e+01,7.900000000000000000e+01
4.300191712379455566e+01,9.400000000000000000e+01,8.000000000000000000e+01
4.400196170806884766e+01,9.400000000000000000e+01,8.050000000000000000e+01
4.400196170806884766e+01,9.350000000000000000e+01,8.100000000000000000e+01
4.300191712379455566e+01,9.400000000000000000e+01,9.400000000000000000e+01
4.400196170806884766e+01,9.400000000000000000e+01,9.450000000000000000e+01
4.300191712379455566e+01,9.400000000000000000e+01,1.040000000000000000e+02
4.400196170806884766e+01,9.400000000000000000e+01,1.045000000000000000e+02
4.400196170806884766e+01,9.350000000000000000e+01,1.050000000000000000e+02
4.400196170806884766e+01,9.450000000000000000e+01,7.700000000000000000e+01
4.400196170806884766e+01,9.450000000000000000e+01,7.800000000000000000e+01
4.400196170806884766e+01,9.450000000000000000e+01,7.900000000000000000e+01
4.400196170806884766e+01,9.450000000000000000e+01,8.000000000000000000e+01
4.300191712379455566e+01,9.500000000000000000e+01,9.300000000000000000e+01
4.400196170806884766e+01,9.500000000000000000e+01,9.350000000000000000e+01
4.400196170806884766e+01,9.450000000000000000e+01,9.400000000000000000e+01
4.300191712379455566e+01,9.500000000000000000e+01,1.040000000000000000e+02
4.400196170806884766e+01,9.500000000000000000e+01,1.045000000000000000e+02
4.400196170806884766e+01,9.600000000000000000e+01,9.250000000000000000e+01
4.400196170806884766e+01,9.550000000000000000e+01,9.300000000000000000e+01
4.300191712379455566e+01,9.600000000000000000e+01,1.040000000000000000e+02
4.400196170806884766e+01,9.600000000000000000e+01,1.045000000000000000e+02
4.400196170806884766e+01,9.700000000000000000e+01,9.150000000000000000e+01
4.400196170806884766e+01,9.650000000000000000e+01,9.200000000000000000e+01
4.300191712379455566e+01,9.700000000000000000e+01,1.030000000000000000e+02
4.400196170806884766e+01,9.700000000000000000e+01,1.035000000000000000e+02
4.400196170806884766e+01,9.650000000000000000e+01,1.040000000000000000e+02
4.300191712379455566e+01,9.800000000000000000e+01,9.100000000000000000e+01
4.400196170806884766e+01,9.800000000000000000e+01,9.050000000000000000e+01
4.400196170806884766e+01,9.750000000000000000e+01,9.100000000000000000e+01
4.300191712379455566e+01,9.800000000000000000e+01,1.030000000000000000e+02
4.400196170806884766e+01,9.800000000000000000e+01,1.035000000000000000e+02
4.300191712379455566e+01,9.900000000000000000e+01,9.100000000000000000e+01
4.400196170806884766e+01,9.900000000000000000e+01,9.050000000000000000e+01
4.300191712379455566e+01,9.900000000000000000e+01,1.020000000000000000e+02
4.400196170806884766e+01,9.900000000000000000e+01,1.025000000000000000e+02
4.400196170806884766e+01,9.850000000000000000e+01,1.030000000000000000e+02
4.300191712379455566e+01,1.000000000000000000e+02,9.100000000000000000e+01
4.400196170806884766e+01,1.000000000000000000e+02,9.050000000000000000e+01
4.300191712379455566e+01,1.000000000000000000e+02,1.000000000000000000e+02
4.300191712379455566e+01,1.000000000000000000e+02,1.010000000000000000e+02
4.400196170806884766e+01,1.000000000000000000e+02,1.015000000000000000e+02
4.400196170806884766e+01,9.950000000000000000e+01,1.020000000000000000e+02
4.300191712379455566e+01,1.010000000000000000e+02,9.100000000000000000e+01
4.400196170806884766e+01,1.010000000000000000e+02,9.050000000000000000e+01
4.300191712379455566e+01,1.010000000000000000e+02,9.200000000000000000e+01
4.300191712379455566e+01,1.010000000000000000e+02,9.800000000000000000e+01
4.300191712379455566e+01,1.010000000000000000e+02,9.900000000000000000e+01
4.300191712379455566e+01,1.010000000000000000e+02,1.000000000000000000e+02
4.300191712379455566e+01,1.010000000000000000e+02,1.010000000000000000e+02
4.400196170806884766e+01,1.010000000000000000e+02,1.015000000000000000e+02
4.400196170806884766e+01,1.015000000000000000e+02,9.100000000000000000e+01
4.300191712379455566e+01,1.020000000000000000e+02,9.200000000000000000e+01
4.400196170806884766e+01,1.020000000000000000e+02,9.150000000000000000e+01
4.300191712379455566e+01,1.020000000000000000e+02,9.300000000000000000e+01
4.300191712379455566e+01,1.020000000000000000e+02,9.400000000000000000e+01
4.300191712379455566e+01,1.020000000000000000e+02,9.500000000000000000e+01
4.300191712379455566e+01,1.020000000000000000e+02,9.600000000000000000e+01
4.300191712379455566e+01,1.020000000000000000e+02,9.700000000000000000e+01
4.300191712379455566e+01,1.020000000000000000e+02,9.800000000000000000e+01
4.300191712379455566e+01,1.020000000000000000e+02,9.900000000000000000e+01
4.300191712379455566e+01,1.020000000000000000e+02,1.000000000000000000e+02
4.400196170806884766e+01,1.020000000000000000e+02,1.005000000000000000e+02
4.400196170806884766e+01,1.015000000000000000e+02,1.010000000000000000e+02
4.300191712379455566e+01,1.030000000000000000e+02,9.200000000000000000e+01
4.400196170806884766e+01,1.030000000000000000e+02,9.150000000000000000e+01
4.300191712379455566e+01,1.030000000000000000e+02,9.300000000000000000e+01
4.300191712379455566e+01,1.030000000000000000e+02,9.400000000000000000e+01
4.300191712379455566e+01,1.030000000000000000e+02,9.500000000000000000e+01
4.300191712379455566e+01,1.030000000000000000e+02,9.600000000000000000e+01
4.300191712379455566e+01,1.030000000000000000e+02,9.700000000000000000e+01
4.300191712379455566e+01,1.030000000000000000e+02,9.800000000000000000e+01
4.300191712379455566e+01,1.030000000000000000e+02,9.900000000000000000e+01
4.400196170806884766e+01,1.030000000000000000e+02,9.950000000000000000e+01
4.400196170806884766e+01,1.025000000000000000e+02,1.000000000000000000e+02
4.400196170806884766e+01,1.035000000000000000e+02,9.200000000000000000e+01
4.300191712379455566e+01,1.040000000000000000e+02,9.300000000000000000e+01
4.400196170806884766e+01,1.040000000000000000e+02,9.250000000000000000e+01
4.300191712379455566e+01,1.040000000000000000e+02,9.400000000000000000e+01
4.300191712379455566e+01,1.040000000000000000e+02,9.500000000000000000e+01
4.300191712379455566e+01,1.040000000000000000e+02,9.600000000000000000e+01
4.400196170806884766e+01,1.040000000000000000e+02,9.650000000000000000e+01
4.400196170806884766e+01,1.035000000000000000e+02,9.700000000000000000e+01
4.400196170806884766e+01,1.035000000000000000e+02,9.800000000000000000e+01
4.400196170806884766e+01,1.035000000000000000e+02,9.900000000000000000e+01
4.400196170806884766e+01,1.045000000000000000e+02,9.300000000000000000e+01
4.400196170806884766e+01,1.045000000000000000e+02,9.400000000000000000e+01
4.400196170806884766e+01,1.045000000000000000e+02,9.500000000000000000e+01
4.400196170806884766e+01,1.045000000000000000e+02,9.600000000000000000e+01
4.300191712379455566e+01,1.170000000000000000e+02,8.300000000000000000e+01
4.400196170806884766e+01,1.170000000000000000e+02,8.250000000000000000e+01
4.400196170806884766e+01,1.165000000000000000e+02,8.300000000000000000e+01
4.400196170806884766e+01,1.170000000000000000e+02,8.350000000000000000e+01
4.300191712379455566e+01,1.180000000000000000e+02,8.200000000000000000e+01
4.400196170806884766e+01,1.180000000000000000e+02,8.150000000000000000e+01
4.400196170806884766e+01,1.175000000000000000e+02,8.200000000000000000e+01
4.300191712379455566e+01,1.180000000000000000e+02,8.300000000000000000e+01
4.400196170806884766e+01,1.180000000000000000e+02,8.350000000000000000e+01
4.300191712379455566e+01,1.180000000000000000e+02,1.030000000000000000e+02
4.400196170806884766e+01,1.180000000000000000e+02,1.025000000000000000e+02
4.400196170806884766e+01,1.175000000000000000e+02,1.030000000000000000e+02
4.400196170806884766e+01,1.175000000000000000e+02,1.040000000000000000e+02
4.300191712379455566e+01,1.180000000000000000e+02,1.040000000000000000e+02
4.400196170806884766e+01,1.180000000000000000e+02,1.045000000000000000e+02
4.300191712379455566e+01,1.190000000000000000e+02,8.200000000000000000e+01
4.400196170806884766e+01,1.190000000000000000e+02,8.150000000000000000e+01
4.300191712379455566e+01,1.190000000000000000e+02,8.300000000000000000e+01
4.400196170806884766e+01,1.185000000000000000e+02,8.400000000000000000e+01
4.300191712379455566e+01,1.190000000000000000e+02,8.400000000000000000e+01
4.400196170806884766e+01,1.190000000000000000e+02,8.450000000000000000e+01
4.300191712379455566e+01,1.190000000000000000e+02,1.030000000000000000e+02
4.400196170806884766e+01,1.190000000000000000e+02,1.025000000000000000e+02
4.300191712379455566e+01,1.190000000000000000e+02,1.040000000000000000e+02
4.400196170806884766e+01,1.190000000000000000e+02,1.045000000000000000e+02
4.300191712379455566e+01,1.200000000000000000e+02,8.200000000000000000e+01
4.400196170806884766e+01,1.200000000000000000e+02,8.150000000000000000e+01
4.300191712379455566e+01,1.200000000000000000e+02,8.300000000000000000e+01
4.300191712379455566e+01,1.200000000000000000e+02,8.400000000000000000e+01
4.400196170806884766e+01,1.200000000000000000e+02,8.450000000000000000e+01
4.300191712379455566e+01,1.200000000000000000e+02,1.030000000000000000e+02
4.400196170806884766e+01,1.200000000000000000e+02,1.025000000000000000e+02
4.300191712379455566e+01,1.200000000000000000e+02,1.040000000000000000e+02
4.400196170806884766e+01,1.195000000000000000e+02,1.050000000000000000e+02
4.300191712379455566e+01,1.200000000000000000e+02,1.050000000000000000e+02
4.400196170806884766e+01,1.200000000000000000e+02,1.055000000000000000e+02
4.300191712379455566e+01,1.210000000000000000e+02,8.100000000000000000e+01
4.400196170806884766e+01,1.210000000000000000e+02,8.050000000000000000e+01
4.400196170806884766e+01,1.205000000000000000e+02,8.100000000000000000e+01
4.300191712379455566e+01,1.210000000000000000e+02,8.200000000000000000e+01
4.300191712379455566e+01,1.210000000000000000e+02,8.300000000000000000e+01
4.300191712379455566e+01,1.210000000000000000e+02,8.400000000000000000e+01
4.400196170806884766e+01,1.205000000000000000e+02,8.500000000000000000e+01
4.300191712379455566e+01,1.210000000000000000e+02,8.500000000000000000e+01
4.400196170806884766e+01,1.210000000000000000e+02,8.550000000000000000e+01
4.300191712379455566e+01,1.210000000000000000e+02,1.030000000000000000e+02
4.400196170806884766e+01,1.210000000000000000e+02,1.025000000000000000e+02
4.300191712379455566e+01,1.210000000000000000e+02,1.040000000000000000e+02
4.300191712379455566e+01,1.210000000000000000e+02,1.050000000000000000e+02
4.400196170806884766e+01,1.210000000000000000e+02,1.055000000000000000e+02
4.300191712379455566e+01,1.220000000000000000e+02,8.100000000000000000e+01
4.400196170806884766e+01,1.220000000000000000e+02,8.050000000000000000e+01
4.300191712379455566e+01,1.220000000000000000e+02,8.200000000000000000e+01
4.300191712379455566e+01,1.220000000000000000e+02,8.300000000000000000e+01
4.300191712379455566e+01,1.220000000000000000e+02,8.400000000000000000e+01
4.300191712379455566e+01,1.220000000000000000e+02,8.500000000000000000e+01
4.400196170806884766e+01,1.220000000000000000e+02,8.550000000000000000e+01
4.300191712379455566e+01,1.220000000000000000e+02,1.030000000000000000e+02
4.400196170806884766e+01,1.220000000000000000e+02,1.025000000000000000e+02
4.300191712379455566e+01,1.220000000000000000e+02,1.040000000000000000e+02
4.300191712379455566e+01,1.220000000000000000e+02,1.050000000000000000e+02
4.400196170806884766e+01,1.220000000000000000e+02,1.055000000000000000e+02
4.300191712379455566e+01,1.230000000000000000e+02,8.100000000000000000e+01
4.400196170806884766e+01,1.230000000000000000e+02,8.050000000000000000e+01
4.300191712379455566e+01,1.230000000000000000e+02,8.200000000000000000e+01
4.300191712379455566e+01,1.230000000000000000e+02,8.300000000000000000e+01
4.300191712379455566e+01,1.230000000000000000e+02,8.400000000000000000e+01
4.300191712379455566e+01,1.230000000000000000e+02,8.500000000000000000e+01
4.400196170806884766e+01,1.230000000000000000e+02,8.550000000000000000e+01
4.300191712379455566e+01,1.230000000000000000e+02,1.030000000000000000e+02
4.400196170806884766e+01,1.230000000000000000e+02,1.025000000000000000e+02
4.300191712379455566e+01,1.230000000000000000e+02,1.040000000000000000e+02
4.300191712379455566e+01,1.230000000000000000e+02,1.050000000000000000e+02
4.400196170806884766e+01,1.230000000000000000e+02,1.055000000000000000e+02
4.300191712379455566e+01,1.240000000000000000e+02,8.100000000000000000e+01
4.400196170806884766e+01,1.240000000000000000e+02,8.050000000000000000e+01
4.300191712379455566e+01,1.240000000000000000e+02,8.200000000000000000e+01
4.300191712379455566e+01,1.240000000000000000e+02,8.300000000000000000e+01
4.300191712379455566e+01,1.240000000000000000e+02,8.400000000000000000e+01
4.300191712379455566e+01,1.240000000000000000e+02,8.500000000000000000e+01
4.400196170806884766e+01,1.240000000000000000e+02,8.550000000000000000e+01
4.400196170806884766e+01,1.235000000000000000e+02,1.030000000000000000e+02
4.300191712379455566e+01,1.240000000000000000e+02,1.040000000000000000e+02
4.400196170806884766e+01,1.240000000000000000e+02,1.035000000000000000e+02
4.400196170806884766e+01,1.240000000000000000e+02,1.045000000000000000e+02
4.400196170806884766e+01,1.235000000000000000e+02,1.050000000000000000e+02
4.400196170806884766e+01,1.245000000000000000e+02,8.100000000000000000e+01
4.300191712379455566e+01,1.250000000000000000e+02,8.200000000000000000e+01
4.400196170806884766e+01,1.250000000000000000e+02,8.150000000000000000e+01
4.300191712379455566e+01,1.250000000000000000e+02,8.300000000000000000e+01
4.300191712379455566e+01,1.250000000000000000e+02,8.400000000000000000e+01
4.300191712379455566e+01,1.250000000000000000e+02,8.500000000000000000e+01
4.400196170806884766e+01,1.250000000000000000e+02,8.550000000000000000e+01
4.400196170806884766e+01,1.245000000000000000e+02,1.040000000000000000e+02
4.300191712379455566e+01,1.260000000000000000e+02,8.200000000000000000e+01
4.400196170806884766e+01,1.260000000000000000e+02,8.150000000000000000e+01
4.300191712379455566e+01,1.260000000000000000e+02,8.300000000000000000e+01
4.300191712379455566e+01,1.260000000000000000e+02,8.400000000000000000e+01
4.400196170806884766e+01,1.260000000000000000e+02,8.450000000000000000e+01
4.400196170806884766e+01,1.255000000000000000e+02,8.500000000000000000e+01
4.300191712379455566e+01,1.270000000000000000e+02,8.200000000000000000e+01
4.400196170806884766e+01,1.270000000000000000e+02,8.150000000000000000e+01
4.300191712379455566e+01,1.270000000000000000e+02,8.300000000000000000e+01
4.300191712379455566e+01,1.270000000000000000e+02,8.400000000000000000e+01
4.400196170806884766e+01,1.270000000000000000e+02,8.450000000000000000e+01
4.400196170806884766e+01,1.275000000000000000e+02,8.200000000000000000e+01
4.300191712379455566e+01,1.280000000000000000e+02,8.300000000000000000e+01
4.400196170806884766e+01,1.280000000000000000e+02,8.250000000000000000e+01
4.300191712379455566e+01,1.280000000000000000e+02,8.400000000000000000e+01
4.400196170806884766e+01,1.280000000000000000e+02,8.450000000000000000e+01
4.400196170806884766e+01,1.285000000000000000e+02,8.300000000000000000e+01
4.400196170806884766e+01,1.285000000000000000e+02,8.400000000000000000e+01
4.500200629234313965e+01,8.300000000000000000e+01,1.010000000000000000e+02
4.600205087661743164e+01,8.300000000000000000e+01,1.015000000000000000e+02
4.600205087661743164e+01,8.250000000000000000e+01,1.020000000000000000e+02
4.600205087661743164e+01,8.250000000000000000e+01,1.030000000000000000e+02
4.600205087661743164e+01,8.250000000000000000e+01,1.040000000000000000e+02
4.600205087661743164e+01,8.300000000000000000e+01,1.045000000000000000e+02
4.500200629234313965e+01,8.400000000000000000e+01,9.900000000000000000e+01
4.600205087661743164e+01,8.400000000000000000e+01,9.950000000000000000e+01
4.600205087661743164e+01,8.350000000000000000e+01,1.000000000000000000e+02
4.600205087661743164e+01,8.350000000000000000e+01,1.010000000000000000e+02
4.600205087661743164e+01,8.350000000000000000e+01,1.050000000000000000e+02
4.600205087661743164e+01,8.350000000000000000e+01,1.060000000000000000e+02
4.500200629234313965e+01,8.400000000000000000e+01,1.060000000000000000e+02
4.600205087661743164e+01,8.400000000000000000e+01,1.065000000000000000e+02
4.500200629234313965e+01,8.500000000000000000e+01,9.800000000000000000e+01
4.600205087661743164e+01,8.500000000000000000e+01,9.850000000000000000e+01
4.600205087661743164e+01,8.450000000000000000e+01,9.900000000000000000e+01
4.600205087661743164e+01,8.500000000000000000e+01,1.065000000000000000e+02
4.600205087661743164e+01,8.600000000000000000e+01,9.750000000000000000e+01
4.600205087661743164e+01,8.550000000000000000e+01,9.800000000000000000e+01
4.600205087661743164e+01,8.550000000000000000e+01,1.070000000000000000e+02
4.500200629234313965e+01,8.600000000000000000e+01,1.070000000000000000e+02
4.600205087661743164e+01,8.600000000000000000e+01,1.075000000000000000e+02
4.500200629234313965e+01,8.700000000000000000e+01,7.200000000000000000e+01
4.500200629234313965e+01,8.700000000000000000e+01,7.300000000000000000e+01
4.500200629234313965e+01,8.700000000000000000e+01,7.400000000000000000e+01
4.500200629234313965e+01,8.700000000000000000e+01,7.500000000000000000e+01
4.500200629234313965e+01,8.700000000000000000e+01,7.700000000000000000e+01
4.600205087661743164e+01,8.700000000000000000e+01,7.650000000000000000e+01
4.600205087661743164e+01,8.650000000000000000e+01,7.700000000000000000e+01
4.600205087661743164e+01,8.650000000000000000e+01,7.800000000000000000e+01
4.500200629234313965e+01,8.700000000000000000e+01,7.800000000000000000e+01
4.600205087661743164e+01,8.700000000000000000e+01,7.850000000000000000e+01
4.500200629234313965e+01,8.700000000000000000e+01,9.700000000000000000e+01
4.600205087661743164e+01,8.700000000000000000e+01,9.750000000000000000e+01
4.500200629234313965e+01,8.700000000000000000e+01,1.070000000000000000e+02
4.600205087661743164e+01,8.650000000000000000e+01,1.080000000000000000e+02
4.500200629234313965e+01,8.700000000000000000e+01,1.080000000000000000e+02
4.600205087661743164e+01,8.700000000000000000e+01,1.085000000000000000e+02
4.500200629234313965e+01,8.800000000000000000e+01,7.100000000000000000e+01
4.500200629234313965e+01,8.800000000000000000e+01,7.200000000000000000e+01
4.500200629234313965e+01,8.800000000000000000e+01,7.300000000000000000e+01
4.500200629234313965e+01,8.800000000000000000e+01,7.400000000000000000e+01
4.600205087661743164e+01,8.800000000000000000e+01,7.450000000000000000e+01
4.600205087661743164e+01,8.750000000000000000e+01,7.500000000000000000e+01
4.600205087661743164e+01,8.750000000000000000e+01,7.600000000000000000e+01
4.600205087661743164e+01,8.750000000000000000e+01,7.900000000000000000e+01
4.600205087661743164e+01,8.750000000000000000e+01,8.000000000000000000e+01
4.500200629234313965e+01,8.800000000000000000e+01,8.000000000000000000e+01
4.600205087661743164e+01,8.750000000000000000e+01,8.100000000000000000e+01
4.500200629234313965e+01,8.800000000000000000e+01,8.100000000000000000e+01
4.600205087661743164e+01,8.800000000000000000e+01,8.150000000000000000e+01
4.600205087661743164e+01,8.800000000000000000e+01,9.650000000000000000e+01
4.600205087661743164e+01,8.750000000000000000e+01,9.700000000000000000e+01
4.500200629234313965e+01,8.800000000000000000e+01,1.070000000000000000e+02
4.500200629234313965e+01,8.800000000000000000e+01,1.080000000000000000e+02
4.600205087661743164e+01,8.800000000000000000e+01,1.085000000000000000e+02
4.500200629234313965e+01,8.900000000000000000e+01,7.000000000000000000e+01
4.500200629234313965e+01,8.900000000000000000e+01,7.100000000000000000e+01
4.500200629234313965e+01,8.900000000000000000e+01,7.200000000000000000e+01
4.500200629234313965e+01,8.900000000000000000e+01,7.300000000000000000e+01
4.600205087661743164e+01,8.900000000000000000e+01,7.350000000000000000e+01
4.600205087661743164e+01,8.850000000000000000e+01,7.400000000000000000e+01
4.600205087661743164e+01,8.850000000000000000e+01,8.200000000000000000e+01
4.500200629234313965e+01,8.900000000000000000e+01,8.200000000000000000e+01
4.600205087661743164e+01,8.900000000000000000e+01,8.250000000000000000e+01
4.600205087661743164e+01,8.900000000000000000e+01,9.650000000000000000e+01
4.500200629234313965e+01,8.900000000000000000e+01,1.070000000000000000e+02
4.500200629234313965e+01,8.900000000000000000e+01,1.080000000000000000e+02
4.600205087661743164e+01,8.900000000000000000e+01,1.085000000000000000e+02
4.600205087661743164e+01,9.000000000000000000e+01,6.850000000000000000e+01
4.600205087661743164e+01,8.950000000000000000e+01,6.900000000000000000e+01
4.600205087661743164e+01,8.950000000000000000e+01,7.000000000000000000e+01
4.600205087661743164e+01,8.950000000000000000e+01,7.100000000000000000e+01
4.600205087661743164e+01,8.950000000000000000e+01,7.200000000000000000e+01
4.600205087661743164e+01,8.950000000000000000e+01,7.300000000000000000e+01
4.600205087661743164e+01,8.950000000000000000e+01,8.300000000000000000e+01
4.500200629234313965e+01,9.000000000000000000e+01,8.300000000000000000e+01
4.600205087661743164e+01,9.000000000000000000e+01,8.350000000000000000e+01
4.600205087661743164e+01,9.000000000000000000e+01,9.550000000000000000e+01
4.600205087661743164e+01,8.950000000000000000e+01,9.600000000000000000e+01
4.500200629234313965e+01,9.000000000000000000e+01,1.060000000000000000e+02
4.500200629234313965e+01,9.000000000000000000e+01,1.070000000000000000e+02
4.500200629234313965e+01,9.000000000000000000e+01,1.080000000000000000e+02
4.600205087661743164e+01,9.000000000000000000e+01,1.085000000000000000e+02
4.500200629234313965e+01,9.100000000000000000e+01,6.800000000000000000e+01
4.600205087661743164e+01,9.100000000000000000e+01,6.750000000000000000e+01
4.600205087661743164e+01,9.050000000000000000e+01,6.800000000000000000e+01
4.500200629234313965e+01,9.100000000000000000e+01,8.200000000000000000e+01
4.500200629234313965e+01,9.100000000000000000e+01,8.300000000000000000e+01
4.600205087661743164e+01,9.050000000000000000e+01,8.400000000000000000e+01
4.500200629234313965e+01,9.100000000000000000e+01,8.400000000000000000e+01
4.600205087661743164e+01,9.100000000000000000e+01,8.450000000000000000e+01
4.500200629234313965e+01,9.100000000000000000e+01,9.500000000000000000e+01
4.600205087661743164e+01,9.100000000000000000e+01,9.450000000000000000e+01
4.600205087661743164e+01,9.050000000000000000e+01,9.500000000000000000e+01
4.500200629234313965e+01,9.100000000000000000e+01,1.060000000000000000e+02
4.500200629234313965e+01,9.100000000000000000e+01,1.070000000000000000e+02
4.500200629234313965e+01,9.100000000000000000e+01,1.080000000000000000e+02
4.600205087661743164e+01,9.100000000000000000e+01,1.085000000000000000e+02
4.500200629234313965e+01,9.200000000000000000e+01,6.700000000000000000e+01
4.600205087661743164e+01,9.200000000000000000e+01,6.650000000000000000e+01
4.600205087661743164e+01,9.150000000000000000e+01,6.700000000000000000e+01
4.500200629234313965e+01,9.200000000000000000e+01,6.800000000000000000e+01
4.500200629234313965e+01,9.200000000000000000e+01,8.200000000000000000e+01
4.500200629234313965e+01,9.200000000000000000e+01,8.300000000000000000e+01
4.500200629234313965e+01,9.200000000000000000e+01,8.400000000000000000e+01
4.600205087661743164e+01,9.200000000000000000e+01,8.450000000000000000e+01
4.500200629234313965e+01,9.200000000000000000e+01,9.400000000000000000e+01
4.600205087661743164e+01,9.200000000000000000e+01,9.350000000000000000e+01
4.600205087661743164e+01,9.150000000000000000e+01,9.400000000000000000e+01
4.500200629234313965e+01,9.200000000000000000e+01,1.060000000000000000e+02
4.500200629234313965e+01,9.200000000000000000e+01,1.070000000000000000e+02
4.500200629234313965e+01,9.200000000000000000e+01,1.080000000000000000e+02
4.600205087661743164e+01,9.200000000000000000e+01,1.085000000000000000e+02
4.500200629234313965e+01,9.300000000000000000e+01,6.700000000000000000e+01
4.600205087661743164e+01,9.300000000000000000e+01,6.650000000000000000e+01
4.500200629234313965e+01,9.300000000000000000e+01,6.800000000000000000e+01
4.500200629234313965e+01,9.300000000000000000e+01,6.900000000000000000e+01
4.500200629234313965e+01,9.300000000000000000e+01,8.200000000000000000e+01
4.500200629234313965e+01,9.300000000000000000e+01,8.300000000000000000e+01
4.500200629234313965e+01,9.300000000000000000e+01,8.400000000000000000e+01
4.600205087661743164e+01,9.300000000000000000e+01,8.450000000000000000e+01
4.500200629234313965e+01,9.300000000000000000e+01,9.400000000000000000e+01
4.600205087661743164e+01,9.300000000000000000e+01,9.350000000000000000e+01
4.500200629234313965e+01,9.300000000000000000e+01,1.060000000000000000e+02
4.500200629234313965e+01,9.300000000000000000e+01,1.070000000000000000e+02
4.600205087661743164e+01,9.300000000000000000e+01,1.075000000000000000e+02
4.600205087661743164e+01,9.250000000000000000e+01,1.080000000000000000e+02
4.600205087661743164e+01,9.350000000000000000e+01,6.700000000000000000e+01
4.500200629234313965e+01,9.400000000000000000e+01,6.800000000000000000e+01
4.600205087661743164e+01,9.400000000000000000e+01,6.750000000000000000e+01
4.500200629234313965e+01,9.400000000000000000e+01,6.900000000000000000e+01
4.500200629234313965e+01,9.400000000000000000e+01,7.000000000000000000e+01
4.500200629234313965e+01,9.400000000000000000e+01,7.100000000000000000e+01
4.500200629234313965e+01,9.400000000000000000e+01,7.200000000000000000e+01
4.500200629234313965e+01,9.400000000000000000e+01,7.300000000000000000e+01
4.500200629234313965e+01,9.400000000000000000e+01,7.400000000000000000e+01
4.500200629234313965e+01,9.400000000000000000e+01,7.500000000000000000e+01
4.500200629234313965e+01,9.400000000000000000e+01,7.600000000000000000e+01
4.500200629234313965e+01,9.400000000000000000e+01,8.100000000000000000e+01
4.500200629234313965e+01,9.400000000000000000e+01,8.200000000000000000e+01
4.500200629234313965e+01,9.400000000000000000e+01,8.300000000000000000e+01
4.600205087661743164e+01,9.400000000000000000e+01,8.350000000000000000e+01
4.600205087661743164e+01,9.350000000000000000e+01,8.400000000000000000e+01
4.500200629234313965e+01,9.400000000000000000e+01,9.300000000000000000e+01
4.600205087661743164e+01,9.400000000000000000e+01,9.250000000000000000e+01
4.600205087661743164e+01,9.350000000000000000e+01,9.300000000000000000e+01
4.500200629234313965e+01,9.400000000000000000e+01,9.400000000000000000e+01
4.500200629234313965e+01,9.400000000000000000e+01,1.050000000000000000e+02
4.500200629234313965e+01,9.400000000000000000e+01,1.060000000000000000e+02
4.500200629234313965e+01,9.400000000000000000e+01,1.070000000000000000e+02
4.600205087661743164e+01,9.400000000000000000e+01,1.075000000000000000e+02
4.600205087661743164e+01,9.450000000000000000e+01,6.800000000000000000e+01
4.600205087661743164e+01,9.450000000000000000e+01,6.900000000000000000e+01
4.600205087661743164e+01,9.450000000000000000e+01,7.000000000000000000e+01
4.600205087661743164e+01,9.450000000000000000e+01,7.100000000000000000e+01
4.600205087661743164e+01,9.450000000000000000e+01,7.200000000000000000e+01
4.600205087661743164e+01,9.450000000000000000e+01,7.300000000000000000e+01
4.600205087661743164e+01,9.450000000000000000e+01,7.400000000000000000e+01
4.600205087661743164e+01,9.450000000000000000e+01,7.500000000000000000e+01
4.500200629234313965e+01,9.500000000000000000e+01,7.600000000000000000e+01
4.600205087661743164e+01,9.500000000000000000e+01,7.550000000000000000e+01
4.500200629234313965e+01,9.500000000000000000e+01,7.700000000000000000e+01
4.500200629234313965e+01,9.500000000000000000e+01,7.800000000000000000e+01
4.500200629234313965e+01,9.500000000000000000e+01,7.900000000000000000e+01
4.500200629234313965e+01,9.500000000000000000e+01,8.000000000000000000e+01
4.500200629234313965e+01,9.500000000000000000e+01,8.100000000000000000e+01
4.600205087661743164e+01,9.500000000000000000e+01,8.150000000000000000e+01
4.600205087661743164e+01,9.450000000000000000e+01,8.200000000000000000e+01
4.600205087661743164e+01,9.450000000000000000e+01,8.300000000000000000e+01
4.500200629234313965e+01,9.500000000000000000e+01,9.200000000000000000e+01
4.600205087661743164e+01,9.500000000000000000e+01,9.150000000000000000e+01
4.600205087661743164e+01,9.450000000000000000e+01,9.200000000000000000e+01
4.500200629234313965e+01,9.500000000000000000e+01,9.300000000000000000e+01
4.500200629234313965e+01,9.500000000000000000e+01,1.050000000000000000e+02
4.500200629234313965e+01,9.500000000000000000e+01,1.060000000000000000e+02
4.600205087661743164e+01,9.500000000000000000e+01,1.065000000000000000e+02
4.600205087661743164e+01,9.450000000000000000e+01,1.070000000000000000e+02
4.600205087661743164e+01,9.550000000000000000e+01,7.600000000000000000e+01
4.600205087661743164e+01,9.550000000000000000e+01,7.700000000000000000e+01
4.600205087661743164e+01,9.550000000000000000e+01,7.800000000000000000e+01
4.600205087661743164e+01,9.550000000000000000e+01,7.900000000000000000e+01
4.600205087661743164e+01,9.550000000000000000e+01,8.000000000000000000e+01
4.600205087661743164e+01,9.550000000000000000e+01,8.100000000000000000e+01
4.500200629234313965e+01,9.600000000000000000e+01,9.100000000000000000e+01
4.600205087661743164e+01,9.600000000000000000e+01,9.050000000000000000e+01
4.600205087661743164e+01,9.550000000000000000e+01,9.100000000000000000e+01
4.500200629234313965e+01,9.600000000000000000e+01,9.200000000000000000e+01
4.500200629234313965e+01,9.600000000000000000e+01,1.050000000000000000e+02
4.600205087661743164e+01,9.600000000000000000e+01,1.055000000000000000e+02
4.600205087661743164e+01,9.550000000000000000e+01,1.060000000000000000e+02
4.500200629234313965e+01,9.700000000000000000e+01,9.000000000000000000e+01
4.600205087661743164e+01,9.700000000000000000e+01,8.950000000000000000e+01
4.600205087661743164e+01,9.650000000000000000e+01,9.000000000000000000e+01
4.500200629234313965e+01,9.700000000000000000e+01,9.100000000000000000e+01
4.500200629234313965e+01,9.700000000000000000e+01,1.040000000000000000e+02
4.500200629234313965e+01,9.700000000000000000e+01,1.050000000000000000e+02
4.600205087661743164e+01,9.700000000000000000e+01,1.055000000000000000e+02
4.500200629234313965e+01,9.800000000000000000e+01,9.000000000000000000e+01
4.600205087661743164e+01,9.800000000000000000e+01,8.950000000000000000e+01
4.500200629234313965e+01,9.800000000000000000e+01,1.040000000000000000e+02
4.600205087661743164e+01,9.800000000000000000e+01,1.045000000000000000e+02
4.600205087661743164e+01,9.750000000000000000e+01,1.050000000000000000e+02
4.500200629234313965e+01,9.900000000000000000e+01,9.000000000000000000e+01
4.600205087661743164e+01,9.900000000000000000e+01,8.950000000000000000e+01
4.500200629234313965e+01,9.900000000000000000e+01,1.030000000000000000e+02
4.600205087661743164e+01,9.900000000000000000e+01,1.035000000000000000e+02
4.600205087661743164e+01,9.850000000000000000e+01,1.040000000000000000e+02
4.500200629234313965e+01,1.000000000000000000e+02,9.000000000000000000e+01
4.600205087661743164e+01,1.000000000000000000e+02,8.950000000000000000e+01
4.500200629234313965e+01,1.000000000000000000e+02,1.020000000000000000e+02
4.500200629234313965e+01,1.000000000000000000e+02,1.030000000000000000e+02
4.600205087661743164e+01,1.000000000000000000e+02,1.035000000000000000e+02
4.600205087661743164e+01,1.005000000000000000e+02,9.000000000000000000e+01
4.600205087661743164e+01,1.010000000000000000e+02,9.050000000000000000e+01
4.500200629234313965e+01,1.010000000000000000e+02,1.020000000000000000e+02
4.600205087661743164e+01,1.010000000000000000e+02,1.025000000000000000e+02
4.600205087661743164e+01,1.005000000000000000e+02,1.030000000000000000e+02
4.500200629234313965e+01,1.020000000000000000e+02,9.100000000000000000e+01
4.600205087661743164e+01,1.020000000000000000e+02,9.050000000000000000e+01
4.500200629234313965e+01,1.020000000000000000e+02,1.010000000000000000e+02
4.500200629234313965e+01,1.020000000000000000e+02,1.020000000000000000e+02
4.600205087661743164e+01,1.020000000000000000e+02,1.025000000000000000e+02
4.500200629234313965e+01,1.030000000000000000e+02,9.100000000000000000e+01
4.600205087661743164e+01,1.030000000000000000e+02,9.050000000000000000e+01
4.500200629234313965e+01,1.030000000000000000e+02,1.000000000000000000e+02
4.500200629234313965e+01,1.030000000000000000e+02,1.010000000000000000e+02
4.600205087661743164e+01,1.030000000000000000e+02,1.015000000000000000e+02
4.600205087661743164e+01,1.025000000000000000e+02,1.020000000000000000e+02
4.600205087661743164e+01,1.035000000000000000e+02,9.100000000000000000e+01
4.500200629234313965e+01,1.040000000000000000e+02,9.200000000000000000e+01
4.600205087661743164e+01,1.040000000000000000e+02,9.150000000000000000e+01
4.500200629234313965e+01,1.040000000000000000e+02,9.700000000000000000e+01
4.500200629234313965e+01,1.040000000000000000e+02,9.800000000000000000e+01
4.500200629234313965e+01,1.040000000000000000e+02,9.900000000000000000e+01
4.500200629234313965e+01,1.040000000000000000e+02,1.000000000000000000e+02
4.500200629234313965e+01,1.040000000000000000e+02,1.010000000000000000e+02
4.600205087661743164e+01,1.040000000000000000e+02,1.015000000000000000e+02
4.500200629234313965e+01,1.050000000000000000e+02,9.200000000000000000e+01
4.600205087661743164e+01,1.050000000000000000e+02,9.150000000000000000e+01
4.500200629234313965e+01,1.050000000000000000e+02,9.300000000000000000e+01
4.500200629234313965e+01,1.050000000000000000e+02,9.400000000000000000e+01
4.500200629234313965e+01,1.050000000000000000e+02,9.500000000000000000e+01
4.500200629234313965e+01,1.050000000000000000e+02,9.600000000000000000e+01
4.500200629234313965e+01,1.050000000000000000e+02,9.700000000000000000e+01
4.500200629234313965e+01,1.050000000000000000e+02,9.800000000000000000e+01
4.500200629234313965e+01,1.050000000000000000e+02,9.900000000000000000e+01
4.500200629234313965e+01,1.050000000000000000e+02,1.000000000000000000e+02
4.600205087661743164e+01,1.050000000000000000e+02,1.005000000000000000e+02
4.600205087661743164e+01,1.045000000000000000e+02,1.010000000000000000e+02
4.500200629234313965e+01,1.060000000000000000e+02,9.200000000000000000e+01
4.600205087661743164e+01,1.060000000000000000e+02,9.150000000000000000e+01
4.500200629234313965e+01,1.060000000000000000e+02,9.300000000000000000e+01
4.500200629234313965e+01,1.060000000000000000e+02,9.400000000000000000e+01
4.500200629234313965e+01,1.060000000000000000e+02,9.500000000000000000e+01
4.500200629234313965e+01,1.060000000000000000e+02,9.600000000000000000e+01
4.500200629234313965e+01,1.060000000000000000e+02,9.700000000000000000e+01
4.500200629234313965e+01,1.060000000000000000e+02,9.800000000000000000e+01
4.500200629234313965e+01,1.060000000000000000e+02,9.900000000000000000e+01
4.500200629234313965e+01,1.060000000000000000e+02,1.000000000000000000e+02
4.600205087661743164e+01,1.060000000000000000e+02,1.005000000000000000e+02
4.600205087661743164e+01,1.065000000000000000e+02,9.200000000000000000e+01
4.500200629234313965e+01,1.070000000000000000e+02,9.300000000000000000e+01
4.600205087661743164e+01,1.070000000000000000e+02,9.250000000000000000e+01
4.500200629234313965e+01,1.070000000000000000e+02,9.400000000000000000e+01
4.500200629234313965e+01,1.070000000000000000e+02,9.500000000000000000e+01
4.500200629234313965e+01,1.070000000000000000e+02,9.600000000000000000e+01
4.500200629234313965e+01,1.070000000000000000e+02,9.700000000000000000e+01
4.500200629234313965e+01,1.070000000000000000e+02,9.800000000000000000e+01
4.500200629234313965e+01,1.070000000000000000e+02,9.900000000000000000e+01
4.600205087661743164e+01,1.070000000000000000e+02,9.950000000000000000e+01
4.600205087661743164e+01,1.065000000000000000e+02,1.000000000000000000e+02
4.500200629234313965e+01,1.080000000000000000e+02,9.300000000000000000e+01
4.600205087661743164e+01,1.080000000000000000e+02,9.250000000000000000e+01
4.500200629234313965e+01,1.080000000000000000e+02,9.400000000000000000e+01
4.500200629234313965e+01,1.080000000000000000e+02,9.500000000000000000e+01
4.500200629234313965e+01,1.080000000000000000e+02,9.600000000000000000e+01
4.500200629234313965e+01,1.080000000000000000e+02,9.700000000000000000e+01
4.500200629234313965e+01,1.080000000000000000e+02,9.800000000000000000e+01
4.600205087661743164e+01,1.080000000000000000e+02,9.850000000000000000e+01
4.600205087661743164e+01,1.075000000000000000e+02,9.900000000000000000e+01
4.500200629234313965e+01,1.090000000000000000e+02,9.300000000000000000e+01
4.600205087661743164e+01,1.090000000000000000e+02,9.250000000000000000e+01
4.500200629234313965e+01,1.090000000000000000e+02,9.400000000000000000e+01
4.500200629234313965e+01,1.090000000000000000e+02,9.500000000000000000e+01
4.500200629234313965e+01,1.090000000000000000e+02,9.600000000000000000e+01
4.600205087661743164e+01,1.090000000000000000e+02,9.650000000000000000e+01
4.600205087661743164e+01,1.085000000000000000e+02,9.700000000000000000e+01
4.600205087661743164e+01,1.085000000000000000e+02,9.800000000000000000e+01
4.500200629234313965e+01,1.100000000000000000e+02,9.300000000000000000e+01
4.600205087661743164e+01,1.100000000000000000e+02,9.250000000000000000e+01
4.500200629234313965e+01,1.100000000000000000e+02,9.400000000000000000e+01
4.500200629234313965e+01,1.100000000000000000e+02,9.500000000000000000e+01
4.600205087661743164e+01,1.100000000000000000e+02,9.550000000000000000e+01
4.600205087661743164e+01,1.095000000000000000e+02,9.600000000000000000e+01
4.500200629234313965e+01,1.100000000000000000e+02,1.010000000000000000e+02
4.600205087661743164e+01,1.100000000000000000e+02,1.005000000000000000e+02
4.600205087661743164e+01,1.095000000000000000e+02,1.010000000000000000e+02
4.600205087661743164e+01,1.095000000000000000e+02,1.020000000000000000e+02
4.500200629234313965e+01,1.100000000000000000e+02,1.020000000000000000e+02
4.600205087661743164e+01,1.100000000000000000e+02,1.025000000000000000e+02
4.600205087661743164e+01,1.105000000000000000e+02,9.300000000000000000e+01
4.500200629234313965e+01,1.110000000000000000e+02,9.400000000000000000e+01
4.600205087661743164e+01,1.110000000000000000e+02,9.350000000000000000e+01
4.600205087661743164e+01,1.110000000000000000e+02,9.450000000000000000e+01
4.600205087661743164e+01,1.105000000000000000e+02,9.500000000000000000e+01
4.500200629234313965e+01,1.110000000000000000e+02,1.010000000000000000e+02
4.600205087661743164e+01,1.110000000000000000e+02,1.005000000000000000e+02
4.500200629234313965e+01,1.110000000000000000e+02,1.020000000000000000e+02
4.600205087661743164e+01,1.110000000000000000e+02,1.025000000000000000e+02
4.600205087661743164e+01,1.115000000000000000e+02,9.400000000000000000e+01
4.500200629234313965e+01,1.120000000000000000e+02,1.010000000000000000e+02
4.600205087661743164e+01,1.120000000000000000e+02,1.005000000000000000e+02
4.500200629234313965e+01,1.120000000000000000e+02,1.020000000000000000e+02
4.600205087661743164e+01,1.115000000000000000e+02,1.030000000000000000e+02
4.500200629234313965e+01,1.120000000000000000e+02,1.030000000000000000e+02
4.600205087661743164e+01,1.120000000000000000e+02,1.035000000000000000e+02
4.500200629234313965e+01,1.130000000000000000e+02,1.010000000000000000e+02
4.600205087661743164e+01,1.130000000000000000e+02,1.005000000000000000e+02
4.500200629234313965e+01,1.130000000000000000e+02,1.020000000000000000e+02
4.500200629234313965e+01,1.130000000000000000e+02,1.030000000000000000e+02
4.600205087661743164e+01,1.125000000000000000e+02,1.040000000000000000e+02
4.500200629234313965e+01,1.130000000000000000e+02,1.040000000000000000e+02
4.600205087661743164e+01,1.130000000000000000e+02,1.045000000000000000e+02
4.500200629234313965e+01,1.140000000000000000e+02,8.200000000000000000e+01
4.600205087661743164e+01,1.140000000000000000e+02,8.150000000000000000e+01
4.600205087661743164e+01,1.135000000000000000e+02,8.200000000000000000e+01
4.600205087661743164e+01,1.135000000000000000e+02,8.300000000000000000e+01
4.500200629234313965e+01,1.140000000000000000e+02,8.300000000000000000e+01
4.600205087661743164e+01,1.140000000000000000e+02,8.350000000000000000e+01
4.500200629234313965e+01,1.140000000000000000e+02,1.000000000000000000e+02
4.600205087661743164e+01,1.140000000000000000e+02,9.950000000000000000e+01
4.600205087661743164e+01,1.135000000000000000e+02,1.000000000000000000e+02
4.500200629234313965e+01,1.140000000000000000e+02,1.010000000000000000e+02
4.500200629234313965e+01,1.140000000000000000e+02,1.020000000000000000e+02
4.500200629234313965e+01,1.140000000000000000e+02,1.030000000000000000e+02
4.500200629234313965e+01,1.140000000000000000e+02,1.040000000000000000e+02
4.600205087661743164e+01,1.135000000000000000e+02,1.050000000000000000e+02
4.500200629234313965e+01,1.140000000000000000e+02,1.050000000000000000e+02
4.600205087661743164e+01,1.140000000000000000e+02,1.055000000000000000e+02
4.500200629234313965e+01,1.150000000000000000e+02,8.200000000000000000e+01
4.600205087661743164e+01,1.150000000000000000e+02,8.150000000000000000e+01
4.500200629234313965e+01,1.150000000000000000e+02,8.300000000000000000e+01
4.600205087661743164e+01,1.145000000000000000e+02,8.400000000000000000e+01
4.500200629234313965e+01,1.150000000000000000e+02,8.400000000000000000e+01
4.600205087661743164e+01,1.145000000000000000e+02,8.500000000000000000e+01
4.500200629234313965e+01,1.150000000000000000e+02,8.500000000000000000e+01
4.600205087661743164e+01,1.150000000000000000e+02,8.550000000000000000e+01
4.500200629234313965e+01,1.150000000000000000e+02,1.000000000000000000e+02
4.600205087661743164e+01,1.150000000000000000e+02,9.950000000000000000e+01
4.500200629234313965e+01,1.150000000000000000e+02,1.010000000000000000e+02
4.500200629234313965e+01,1.150000000000000000e+02,1.020000000000000000e+02
4.500200629234313965e+01,1.150000000000000000e+02,1.030000000000000000e+02
4.500200629234313965e+01,1.150000000000000000e+02,1.040000000000000000e+02
4.500200629234313965e+01,1.150000000000000000e+02,1.050000000000000000e+02
4.600205087661743164e+01,1.150000000000000000e+02,1.055000000000000000e+02
4.500200629234313965e+01,1.160000000000000000e+02,8.100000000000000000e+01
4.600205087661743164e+01,1.160000000000000000e+02,8.050000000000000000e+01
4.600205087661743164e+01,1.155000000000000000e+02,8.100000000000000000e+01
4.500200629234313965e+01,1.160000000000000000e+02,8.200000000000000000e+01
4.500200629234313965e+01,1.160000000000000000e+02,8.300000000000000000e+01
4.500200629234313965e+01,1.160000000000000000e+02,8.400000000000000000e+01
4.500200629234313965e+01,1.160000000000000000e+02,8.500000000000000000e+01
4.600205087661743164e+01,1.155000000000000000e+02,8.600000000000000000e+01
4.500200629234313965e+01,1.160000000000000000e+02,8.600000000000000000e+01
4.600205087661743164e+01,1.160000000000000000e+02,8.650000000000000000e+01
4.500200629234313965e+01,1.160000000000000000e+02,1.000000000000000000e+02
4.600205087661743164e+01,1.160000000000000000e+02,9.950000000000000000e+01
4.500200629234313965e+01,1.160000000000000000e+02,1.010000000000000000e+02
4.500200629234313965e+01,1.160000000000000000e+02,1.020000000000000000e+02
4.500200629234313965e+01,1.160000000000000000e+02,1.030000000000000000e+02
4.500200629234313965e+01,1.160000000000000000e+02,1.040000000000000000e+02
4.500200629234313965e+01,1.160000000000000000e+02,1.050000000000000000e+02
4.600205087661743164e+01,1.160000000000000000e+02,1.055000000000000000e+02
4.500200629234313965e+01,1.170000000000000000e+02,8.100000000000000000e+01
4.600205087661743164e+01,1.170000000000000000e+02,8.050000000000000000e+01
4.500200629234313965e+01,1.170000000000000000e+02,8.200000000000000000e+01
4.500200629234313965e+01,1.170000000000000000e+02,8.400000000000000000e+01
4.500200629234313965e+01,1.170000000000000000e+02,8.500000000000000000e+01
4.500200629234313965e+01,1.170000000000000000e+02,8.600000000000000000e+01
4.600205087661743164e+01,1.165000000000000000e+02,8.700000000000000000e+01
4.500200629234313965e+01,1.170000000000000000e+02,8.700000000000000000e+01
4.600205087661743164e+01,1.170000000000000000e+02,8.750000000000000000e+01
4.500200629234313965e+01,1.170000000000000000e+02,1.000000000000000000e+02
4.600205087661743164e+01,1.170000000000000000e+02,9.950000000000000000e+01
4.500200629234313965e+01,1.170000000000000000e+02,1.010000000000000000e+02
4.500200629234313965e+01,1.170000000000000000e+02,1.020000000000000000e+02
4.500200629234313965e+01,1.170000000000000000e+02,1.030000000000000000e+02
4.500200629234313965e+01,1.170000000000000000e+02,1.040000000000000000e+02
4.500200629234313965e+01,1.170000000000000000e+02,1.050000000000000000e+02
4.600205087661743164e+01,1.165000000000000000e+02,1.060000000000000000e+02
4.500200629234313965e+01,1.170000000000000000e+02,1.060000000000000000e+02
4.600205087661743164e+01,1.170000000000000000e+02,1.065000000000000000e+02
4.500200629234313965e+01,1.180000000000000000e+02,8.100000000000000000e+01
4.600205087661743164e+01,1.180000000000000000e+02,8.050000000000000000e+01
4.500200629234313965e+01,1.180000000000000000e+02,8.400000000000000000e+01
4.500200629234313965e+01,1.180000000000000000e+02,8.500000000000000000e+01
4.500200629234313965e+01,1.180000000000000000e+02,8.600000000000000000e+01
4.500200629234313965e+01,1.180000000000000000e+02,8.700000000000000000e+01
4.600205087661743164e+01,1.180000000000000000e+02,8.750000000000000000e+01
4.500200629234313965e+01,1.180000000000000000e+02,1.000000000000000000e+02
4.600205087661743164e+01,1.180000000000000000e+02,9.950000000000000000e+01
4.500200629234313965e+01,1.180000000000000000e+02,1.010000000000000000e+02
4.500200629234313965e+01,1.180000000000000000e+02,1.020000000000000000e+02
4.500200629234313965e+01,1.180000000000000000e+02,1.050000000000000000e+02
4.500200629234313965e+01,1.180000000000000000e+02,1.060000000000000000e+02
4.600205087661743164e+01,1.180000000000000000e+02,1.065000000000000000e+02
4.500200629234313965e+01,1.190000000000000000e+02,8.100000000000000000e+01
4.600205087661743164e+01,1.190000000000000000e+02,8.050000000000000000e+01
4.500200629234313965e+01,1.190000000000000000e+02,8.500000000000000000e+01
4.500200629234313965e+01,1.190000000000000000e+02,8.600000000000000000e+01
4.500200629234313965e+01,1.190000000000000000e+02,8.700000000000000000e+01
4.600205087661743164e+01,1.185000000000000000e+02,8.800000000000000000e+01
4.500200629234313965e+01,1.190000000000000000e+02,8.800000000000000000e+01
4.600205087661743164e+01,1.190000000000000000e+02,8.850000000000000000e+01
4.500200629234313965e+01,1.190000000000000000e+02,1.000000000000000000e+02
4.600205087661743164e+01,1.190000000000000000e+02,9.950000000000000000e+01
4.500200629234313965e+01,1.190000000000000000e+02,1.010000000000000000e+02
4.500200629234313965e+01,1.190000000000000000e+02,1.020000000000000000e+02
4.500200629234313965e+01,1.190000000000000000e+02,1.050000000000000000e+02
4.500200629234313965e+01,1.190000000000000000e+02,1.060000000000000000e+02
4.600205087661743164e+01,1.190000000000000000e+02,1.065000000000000000e+02
4.500200629234313965e+01,1.200000000000000000e+02,8.100000000000000000e+01
4.600205087661743164e+01,1.200000000000000000e+02,8.050000000000000000e+01
4.500200629234313965e+01,1.200000000000000000e+02,8.500000000000000000e+01
4.500200629234313965e+01,1.200000000000000000e+02,8.600000000000000000e+01
4.500200629234313965e+01,1.200000000000000000e+02,8.700000000000000000e+01
4.500200629234313965e+01,1.200000000000000000e+02,8.800000000000000000e+01
4.600205087661743164e+01,1.200000000000000000e+02,8.850000000000000000e+01
4.500200629234313965e+01,1.200000000000000000e+02,1.000000000000000000e+02
4.600205087661743164e+01,1.200000000000000000e+02,9.950000000000000000e+01
4.500200629234313965e+01,1.200000000000000000e+02,1.010000000000000000e+02
4.500200629234313965e+01,1.200000000000000000e+02,1.020000000000000000e+02
4.500200629234313965e+01,1.200000000000000000e+02,1.060000000000000000e+02
4.600205087661743164e+01,1.200000000000000000e+02,1.065000000000000000e+02
4.600205087661743164e+01,1.210000000000000000e+02,8.050000000000000000e+01
4.500200629234313965e+01,1.210000000000000000e+02,8.600000000000000000e+01
4.500200629234313965e+01,1.210000000000000000e+02,8.700000000000000000e+01
4.500200629234313965e+01,1.210000000000000000e+02,8.800000000000000000e+01
4.600205087661743164e+01,1.210000000000000000e+02,8.850000000000000000e+01
4.500200629234313965e+01,1.210000000000000000e+02,1.000000000000000000e+02
4.600205087661743164e+01,1.210000000000000000e+02,9.950000000000000000e+01
4.500200629234313965e+01,1.210000000000000000e+02,1.010000000000000000e+02
4.500200629234313965e+01,1.210000000000000000e+02,1.020000000000000000e+02
4.500200629234313965e+01,1.210000000000000000e+02,1.060000000000000000e+02
4.600205087661743164e+01,1.210000000000000000e+02,1.065000000000000000e+02
4.600205087661743164e+01,1.220000000000000000e+02,8.050000000000000000e+01
4.500200629234313965e+01,1.220000000000000000e+02,8.600000000000000000e+01
4.500200629234313965e+01,1.220000000000000000e+02,8.700000000000000000e+01
4.500200629234313965e+01,1.220000000000000000e+02,8.800000000000000000e+01
4.600205087661743164e+01,1.220000000000000000e+02,8.850000000000000000e+01
4.600205087661743164e+01,1.215000000000000000e+02,1.000000000000000000e+02
4.500200629234313965e+01,1.220000000000000000e+02,1.010000000000000000e+02
4.600205087661743164e+01,1.220000000000000000e+02,1.005000000000000000e+02
4.500200629234313965e+01,1.220000000000000000e+02,1.020000000000000000e+02
4.500200629234313965e+01,1.220000000000000000e+02,1.060000000000000000e+02
4.600205087661743164e+01,1.220000000000000000e+02,1.065000000000000000e+02
4.600205087661743164e+01,1.230000000000000000e+02,8.050000000000000000e+01
4.500200629234313965e+01,1.230000000000000000e+02,8.600000000000000000e+01
4.500200629234313965e+01,1.230000000000000000e+02,8.700000000000000000e+01
4.500200629234313965e+01,1.230000000000000000e+02,8.800000000000000000e+01
4.600205087661743164e+01,1.230000000000000000e+02,8.850000000000000000e+01
4.500200629234313965e+01,1.230000000000000000e+02,1.010000000000000000e+02
4.600205087661743164e+01,1.230000000000000000e+02,1.005000000000000000e+02
4.500200629234313965e+01,1.230000000000000000e+02,1.020000000000000000e+02
4.500200629234313965e+01,1.230000000000000000e+02,1.060000000000000000e+02
4.600205087661743164e+01,1.230000000000000000e+02,1.065000000000000000e+02
4.600205087661743164e+01,1.240000000000000000e+02,8.050000000000000000e+01
4.500200629234313965e+01,1.240000000000000000e+02,8.600000000000000000e+01
4.500200629234313965e+01,1.240000000000000000e+02,8.700000000000000000e+01
4.500200629234313965e+01,1.240000000000000000e+02,8.800000000000000000e+01
4.600205087661743164e+01,1.240000000000000000e+02,8.850000000000000000e+01
4.500200629234313965e+01,1.240000000000000000e+02,1.010000000000000000e+02
4.600205087661743164e+01,1.240000000000000000e+02,1.005000000000000000e+02
4.500200629234313965e+01,1.240000000000000000e+02,1.020000000000000000e+02
4.500200629234313965e+01,1.240000000000000000e+02,1.030000000000000000e+02
4.500200629234313965e+01,1.240000000000000000e+02,1.050000000000000000e+02
4.500200629234313965e+01,1.240000000000000000e+02,1.060000000000000000e+02
4.600205087661743164e+01,1.240000000000000000e+02,1.065000000000000000e+02
4.500200629234313965e+01,1.250000000000000000e+02,8.100000000000000000e+01
4.600205087661743164e+01,1.250000000000000000e+02,8.050000000000000000e+01
4.500200629234313965e+01,1.250000000000000000e+02,8.600000000000000000e+01
4.500200629234313965e+01,1.250000000000000000e+02,8.700000000000000000e+01
4.500200629234313965e+01,1.250000000000000000e+02,8.800000000000000000e+01
4.600205087661743164e+01,1.250000000000000000e+02,8.850000000000000000e+01
4.600205087661743164e+01,1.245000000000000000e+02,1.010000000000000000e+02
4.500200629234313965e+01,1.250000000000000000e+02,1.020000000000000000e+02
4.600205087661743164e+01,1.250000000000000000e+02,1.015000000000000000e+02
4.500200629234313965e+01,1.250000000000000000e+02,1.030000000000000000e+02
4.500200629234313965e+01,1.250000000000000000e+02,1.040000000000000000e+02
4.500200629234313965e+01,1.250000000000000000e+02,1.050000000000000000e+02
4.500200629234313965e+01,1.250000000000000000e+02,1.060000000000000000e+02
4.600205087661743164e+01,1.250000000000000000e+02,1.065000000000000000e+02
4.500200629234313965e+01,1.260000000000000000e+02,8.100000000000000000e+01
4.600205087661743164e+01,1.260000000000000000e+02,8.050000000000000000e+01
4.500200629234313965e+01,1.260000000000000000e+02,8.500000000000000000e+01
4.500200629234313965e+01,1.260000000000000000e+02,8.600000000000000000e+01
4.500200629234313965e+01,1.260000000000000000e+02,8.700000000000000000e+01
4.600205087661743164e+01,1.260000000000000000e+02,8.750000000000000000e+01
4.600205087661743164e+01,1.255000000000000000e+02,8.800000000000000000e+01
4.600205087661743164e+01,1.255000000000000000e+02,1.020000000000000000e+02
4.500200629234313965e+01,1.260000000000000000e+02,1.030000000000000000e+02
4.600205087661743164e+01,1.260000000000000000e+02,1.025000000000000000e+02
4.500200629234313965e+01,1.260000000000000000e+02,1.040000000000000000e+02
4.500200629234313965e+01,1.260000000000000000e+02,1.050000000000000000e+02
4.500200629234313965e+01,1.260000000000000000e+02,1.060000000000000000e+02
4.600205087661743164e+01,1.260000000000000000e+02,1.065000000000000000e+02
4.500200629234313965e+01,1.270000000000000000e+02,8.100000000000000000e+01
4.600205087661743164e+01,1.270000000000000000e+02,8.050000000000000000e+01
4.500200629234313965e+01,1.270000000000000000e+02,8.500000000000000000e+01
4.500200629234313965e+01,1.270000000000000000e+02,8.600000000000000000e+01
4.500200629234313965e+01,1.270000000000000000e+02,8.700000000000000000e+01
4.600205087661743164e+01,1.270000000000000000e+02,8.750000000000000000e+01
4.600205087661743164e+01,1.265000000000000000e+02,1.030000000000000000e+02
4.500200629234313965e+01,1.270000000000000000e+02,1.040000000000000000e+02
4.600205087661743164e+01,1.270000000000000000e+02,1.035000000000000000e+02
4.500200629234313965e+01,1.270000000000000000e+02,1.050000000000000000e+02
4.600205087661743164e+01,1.270000000000000000e+02,1.055000000000000000e+02
4.600205087661743164e+01,1.265000000000000000e+02,1.060000000000000000e+02
4.500200629234313965e+01,1.280000000000000000e+02,8.100000000000000000e+01
4.600205087661743164e+01,1.280000000000000000e+02,8.050000000000000000e+01
4.500200629234313965e+01,1.280000000000000000e+02,8.200000000000000000e+01
4.500200629234313965e+01,1.280000000000000000e+02,8.500000000000000000e+01
4.500200629234313965e+01,1.280000000000000000e+02,8.600000000000000000e+01
4.600205087661743164e+01,1.280000000000000000e+02,8.650000000000000000e+01
4.600205087661743164e+01,1.275000000000000000e+02,8.700000000000000000e+01
4.600205087661743164e+01,1.275000000000000000e+02,1.040000000000000000e+02
4.600205087661743164e+01,1.275000000000000000e+02,1.050000000000000000e+02
4.600205087661743164e+01,1.285000000000000000e+02,8.100000000000000000e+01
4.500200629234313965e+01,1.290000000000000000e+02,8.200000000000000000e+01
4.600205087661743164e+01,1.290000000000000000e+02,8.150000000000000000e+01
4.500200629234313965e+01,1.290000000000000000e+02,8.300000000000000000e+01
4.500200629234313965e+01,1.290000000000000000e+02,8.400000000000000000e+01
4.500200629234313965e+01,1.290000000000000000e+02,8.500000000000000000e+01
4.500200629234313965e+01,1.290000000000000000e+02,8.600000000000000000e+01
4.600205087661743164e+01,1.290000000000000000e+02,8.650000000000000000e+01
4.500200629234313965e+01,1.300000000000000000e+02,8.200000000000000000e+01
4.600205087661743164e+01,1.300000000000000000e+02,8.150000000000000000e+01
4.500200629234313965e+01,1.300000000000000000e+02,8.300000000000000000e+01
4.500200629234313965e+01,1.300000000000000000e+02,8.400000000000000000e+01
4.500200629234313965e+01,1.300000000000000000e+02,8.500000000000000000e+01
4.600205087661743164e+01,1.300000000000000000e+02,8.550000000000000000e+01
4.600205087661743164e+01,1.295000000000000000e+02,8.600000000000000000e+01
4.500200629234313965e+01,1.310000000000000000e+02,8.200000000000000000e+01
4.600205087661743164e+01,1.310000000000000000e+02,8.150000000000000000e+01
4.500200629234313965e+01,1.310000000000000000e+02,8.300000000000000000e+01
4.500200629234313965e+01,1.310000000000000000e+02,8.400000000000000000e+01
4.500200629234313965e+01,1.310000000000000000e+02,8.500000000000000000e+01
4.600205087661743164e+01,1.310000000000000000e+02,8.550000000000000000e+01
4.600205087661743164e+01,1.315000000000000000e+02,8.200000000000000000e+01
4.500200629234313965e+01,1.320000000000000000e+02,8.300000000000000000e+01
4.600205087661743164e+01,1.320000000000000000e+02,8.250000000000000000e+01
4.500200629234313965e+01,1.320000000000000000e+02,8.400000000000000000e+01
4.500200629234313965e+01,1.320000000000000000e+02,8.500000000000000000e+01
4.600205087661743164e+01,1.320000000000000000e+02,8.550000000000000000e+01
4.600205087661743164e+01,1.325000000000000000e+02,8.300000000000000000e+01
4.500200629234313965e+01,1.330000000000000000e+02,8.400000000000000000e+01
4.600205087661743164e+01,1.330000000000000000e+02,8.350000000000000000e+01
4.600205087661743164e+01,1.330000000000000000e+02,8.450000000000000000e+01
4.600205087661743164e+01,1.325000000000000000e+02,8.500000000000000000e+01
4.600205087661743164e+01,1.335000000000000000e+02,8.400000000000000000e+01
4.700209546089172363e+01,8.300000000000000000e+01,1.020000000000000000e+02
4.700209546089172363e+01,8.300000000000000000e+01,1.030000000000000000e+02
4.700209546089172363e+01,8.300000000000000000e+01,1.040000000000000000e+02
4.700209546089172363e+01,8.400000000000000000e+01,1.000000000000000000e+02
4.700209546089172363e+01,8.400000000000000000e+01,1.010000000000000000e+02
4.700209546089172363e+01,8.400000000000000000e+01,1.020000000000000000e+02
4.700209546089172363e+01,8.400000000000000000e+01,1.030000000000000000e+02
4.700209546089172363e+01,8.400000000000000000e+01,1.040000000000000000e+02
4.700209546089172363e+01,8.400000000000000000e+01,1.050000000000000000e+02
4.700209546089172363e+01,8.400000000000000000e+01,1.060000000000000000e+02
4.700209546089172363e+01,8.500000000000000000e+01,9.900000000000000000e+01
4.700209546089172363e+01,8.500000000000000000e+01,1.000000000000000000e+02
4.700209546089172363e+01,8.500000000000000000e+01,1.010000000000000000e+02
4.700209546089172363e+01,8.500000000000000000e+01,1.020000000000000000e+02
4.700209546089172363e+01,8.500000000000000000e+01,1.030000000000000000e+02
4.700209546089172363e+01,8.500000000000000000e+01,1.040000000000000000e+02
4.700209546089172363e+01,8.500000000000000000e+01,1.050000000000000000e+02
4.700209546089172363e+01,8.500000000000000000e+01,1.060000000000000000e+02
4.700209546089172363e+01,8.600000000000000000e+01,9.800000000000000000e+01
4.700209546089172363e+01,8.600000000000000000e+01,9.900000000000000000e+01
4.700209546089172363e+01,8.600000000000000000e+01,1.000000000000000000e+02
4.700209546089172363e+01,8.600000000000000000e+01,1.010000000000000000e+02
4.700209546089172363e+01,8.600000000000000000e+01,1.020000000000000000e+02
4.700209546089172363e+01,8.600000000000000000e+01,1.030000000000000000e+02
4.700209546089172363e+01,8.600000000000000000e+01,1.040000000000000000e+02
4.700209546089172363e+01,8.600000000000000000e+01,1.050000000000000000e+02
4.700209546089172363e+01,8.600000000000000000e+01,1.060000000000000000e+02
4.700209546089172363e+01,8.600000000000000000e+01,1.070000000000000000e+02
4.700209546089172363e+01,8.700000000000000000e+01,7.300000000000000000e+01
4.800214004516601562e+01,8.700000000000000000e+01,7.250000000000000000e+01
4.800214004516601562e+01,8.650000000000000000e+01,7.300000000000000000e+01
4.800214004516601562e+01,8.650000000000000000e+01,7.400000000000000000e+01
4.700209546089172363e+01,8.700000000000000000e+01,7.400000000000000000e+01
4.800214004516601562e+01,8.650000000000000000e+01,7.500000000000000000e+01
4.700209546089172363e+01,8.700000000000000000e+01,7.500000000000000000e+01
4.800214004516601562e+01,8.650000000000000000e+01,7.600000000000000000e+01
4.700209546089172363e+01,8.700000000000000000e+01,7.600000000000000000e+01
4.800214004516601562e+01,8.650000000000000000e+01,7.700000000000000000e+01
4.800214004516601562e+01,8.650000000000000000e+01,7.800000000000000000e+01
4.800214004516601562e+01,8.650000000000000000e+01,7.900000000000000000e+01
4.700209546089172363e+01,8.700000000000000000e+01,7.900000000000000000e+01
4.800214004516601562e+01,8.650000000000000000e+01,8.000000000000000000e+01
4.700209546089172363e+01,8.700000000000000000e+01,8.000000000000000000e+01
4.800214004516601562e+01,8.650000000000000000e+01,8.100000000000000000e+01
4.700209546089172363e+01,8.700000000000000000e+01,8.100000000000000000e+01
4.800214004516601562e+01,8.700000000000000000e+01,8.150000000000000000e+01
4.700209546089172363e+01,8.700000000000000000e+01,9.800000000000000000e+01
4.700209546089172363e+01,8.700000000000000000e+01,9.900000000000000000e+01
4.700209546089172363e+01,8.700000000000000000e+01,1.000000000000000000e+02
4.700209546089172363e+01,8.700000000000000000e+01,1.010000000000000000e+02
4.700209546089172363e+01,8.700000000000000000e+01,1.020000000000000000e+02
4.700209546089172363e+01,8.700000000000000000e+01,1.030000000000000000e+02
4.700209546089172363e+01,8.700000000000000000e+01,1.040000000000000000e+02
4.700209546089172363e+01,8.700000000000000000e+01,1.050000000000000000e+02
4.700209546089172363e+01,8.700000000000000000e+01,1.060000000000000000e+02
4.700209546089172363e+01,8.700000000000000000e+01,1.070000000000000000e+02
4.700209546089172363e+01,8.700000000000000000e+01,1.080000000000000000e+02
4.700209546089172363e+01,8.800000000000000000e+01,7.200000000000000000e+01
4.800214004516601562e+01,8.800000000000000000e+01,7.150000000000000000e+01
4.800214004516601562e+01,8.750000000000000000e+01,7.200000000000000000e+01
4.700209546089172363e+01,8.800000000000000000e+01,7.300000000000000000e+01
4.700209546089172363e+01,8.800000000000000000e+01,7.400000000000000000e+01
4.800214004516601562e+01,8.750000000000000000e+01,8.200000000000000000e+01
4.700209546089172363e+01,8.800000000000000000e+01,8.200000000000000000e+01
4.800214004516601562e+01,8.800000000000000000e+01,8.250000000000000000e+01
4.700209546089172363e+01,8.800000000000000000e+01,9.700000000000000000e+01
4.800214004516601562e+01,8.800000000000000000e+01,9.750000000000000000e+01
4.800214004516601562e+01,8.750000000000000000e+01,9.800000000000000000e+01
4.800214004516601562e+01,8.750000000000000000e+01,9.900000000000000000e+01
4.800214004516601562e+01,8.750000000000000000e+01,1.000000000000000000e+02
4.800214004516601562e+01,8.750000000000000000e+01,1.010000000000000000e+02
4.800214004516601562e+01,8.750000000000000000e+01,1.020000000000000000e+02
4.800214004516601562e+01,8.750000000000000000e+01,1.030000000000000000e+02
4.800214004516601562e+01,8.750000000000000000e+01,1.040000000000000000e+02
4.800214004516601562e+01,8.750000000000000000e+01,1.050000000000000000e+02
4.800214004516601562e+01,8.750000000000000000e+01,1.060000000000000000e+02
4.800214004516601562e+01,8.750000000000000000e+01,1.070000000000000000e+02
4.800214004516601562e+01,8.750000000000000000e+01,1.080000000000000000e+02
4.800214004516601562e+01,8.800000000000000000e+01,1.085000000000000000e+02
4.700209546089172363e+01,8.900000000000000000e+01,7.100000000000000000e+01
4.800214004516601562e+01,8.900000000000000000e+01,7.050000000000000000e+01
4.800214004516601562e+01,8.850000000000000000e+01,7.100000000000000000e+01
4.700209546089172363e+01,8.900000000000000000e+01,7.200000000000000000e+01
4.700209546089172363e+01,8.900000000000000000e+01,7.300000000000000000e+01
4.800214004516601562e+01,8.850000000000000000e+01,8.300000000000000000e+01
4.700209546089172363e+01,8.900000000000000000e+01,8.300000000000000000e+01
4.800214004516601562e+01,8.850000000000000000e+01,8.400000000000000000e+01
4.700209546089172363e+01,8.900000000000000000e+01,8.400000000000000000e+01
4.800214004516601562e+01,8.900000000000000000e+01,8.450000000000000000e+01
4.800214004516601562e+01,8.900000000000000000e+01,9.650000000000000000e+01
4.800214004516601562e+01,8.850000000000000000e+01,9.700000000000000000e+01
4.800214004516601562e+01,8.850000000000000000e+01,1.090000000000000000e+02
4.700209546089172363e+01,8.900000000000000000e+01,1.090000000000000000e+02
4.800214004516601562e+01,8.900000000000000000e+01,1.095000000000000000e+02
4.800214004516601562e+01,9.000000000000000000e+01,6.850000000000000000e+01
4.800214004516601562e+01,8.950000000000000000e+01,6.900000000000000000e+01
4.800214004516601562e+01,8.950000000000000000e+01,7.000000000000000000e+01
4.700209546089172363e+01,9.000000000000000000e+01,8.400000000000000000e+01
4.800214004516601562e+01,8.950000000000000000e+01,8.500000000000000000e+01
4.700209546089172363e+01,9.000000000000000000e+01,8.500000000000000000e+01
4.800214004516601562e+01,9.000000000000000000e+01,8.550000000000000000e+01
4.800214004516601562e+01,9.000000000000000000e+01,9.550000000000000000e+01
4.800214004516601562e+01,8.950000000000000000e+01,9.600000000000000000e+01
4.700209546089172363e+01,9.000000000000000000e+01,1.090000000000000000e+02
4.800214004516601562e+01,8.950000000000000000e+01,1.100000000000000000e+02
4.700209546089172363e+01,9.000000000000000000e+01,1.100000000000000000e+02
4.800214004516601562e+01,9.000000000000000000e+01,1.105000000000000000e+02
4.800214004516601562e+01,9.100000000000000000e+01,6.750000000000000000e+01
4.800214004516601562e+01,9.050000000000000000e+01,6.800000000000000000e+01
4.700209546089172363e+01,9.100000000000000000e+01,8.500000000000000000e+01
4.800214004516601562e+01,9.050000000000000000e+01,8.600000000000000000e+01
4.700209546089172363e+01,9.100000000000000000e+01,8.600000000000000000e+01
4.800214004516601562e+01,9.050000000000000000e+01,8.700000000000000000e+01
4.700209546089172363e+01,9.100000000000000000e+01,8.700000000000000000e+01
4.800214004516601562e+01,9.100000000000000000e+01,8.750000000000000000e+01
4.700209546089172363e+01,9.100000000000000000e+01,9.400000000000000000e+01
4.800214004516601562e+01,9.100000000000000000e+01,9.350000000000000000e+01
4.800214004516601562e+01,9.050000000000000000e+01,9.400000000000000000e+01
4.800214004516601562e+01,9.050000000000000000e+01,9.500000000000000000e+01
4.700209546089172363e+01,9.100000000000000000e+01,1.090000000000000000e+02
4.700209546089172363e+01,9.100000000000000000e+01,1.100000000000000000e+02
4.800214004516601562e+01,9.100000000000000000e+01,1.105000000000000000e+02
4.800214004516601562e+01,9.200000000000000000e+01,6.650000000000000000e+01
4.800214004516601562e+01,9.150000000000000000e+01,6.700000000000000000e+01
4.700209546089172363e+01,9.200000000000000000e+01,8.500000000000000000e+01
4.700209546089172363e+01,9.200000000000000000e+01,8.600000000000000000e+01
4.700209546089172363e+01,9.200000000000000000e+01,8.700000000000000000e+01
4.800214004516601562e+01,9.150000000000000000e+01,8.800000000000000000e+01
4.700209546089172363e+01,9.200000000000000000e+01,8.800000000000000000e+01
4.800214004516601562e+01,9.150000000000000000e+01,8.900000000000000000e+01
4.700209546089172363e+01,9.200000000000000000e+01,8.900000000000000000e+01
4.800214004516601562e+01,9.150000000000000000e+01,9.000000000000000000e+01
4.700209546089172363e+01,9.200000000000000000e+01,9.000000000000000000e+01
4.800214004516601562e+01,9.150000000000000000e+01,9.100000000000000000e+01
4.700209546089172363e+01,9.200000000000000000e+01,9.100000000000000000e+01
4.800214004516601562e+01,9.150000000000000000e+01,9.200000000000000000e+01
4.700209546089172363e+01,9.200000000000000000e+01,9.200000000000000000e+01
4.800214004516601562e+01,9.150000000000000000e+01,9.300000000000000000e+01
4.700209546089172363e+01,9.200000000000000000e+01,9.300000000000000000e+01
4.700209546089172363e+01,9.200000000000000000e+01,1.090000000000000000e+02
4.700209546089172363e+01,9.200000000000000000e+01,1.100000000000000000e+02
4.800214004516601562e+01,9.200000000000000000e+01,1.105000000000000000e+02
4.800214004516601562e+01,9.300000000000000000e+01,6.650000000000000000e+01
4.700209546089172363e+01,9.300000000000000000e+01,8.500000000000000000e+01
4.700209546089172363e+01,9.300000000000000000e+01,8.600000000000000000e+01
4.700209546089172363e+01,9.300000000000000000e+01,8.700000000000000000e+01
4.700209546089172363e+01,9.300000000000000000e+01,8.800000000000000000e+01
4.700209546089172363e+01,9.300000000000000000e+01,8.900000000000000000e+01
4.700209546089172363e+01,9.300000000000000000e+01,9.000000000000000000e+01
4.700209546089172363e+01,9.300000000000000000e+01,9.100000000000000000e+01
4.700209546089172363e+01,9.300000000000000000e+01,9.200000000000000000e+01
4.700209546089172363e+01,9.300000000000000000e+01,9.300000000000000000e+01
4.700209546089172363e+01,9.300000000000000000e+01,1.080000000000000000e+02
4.700209546089172363e+01,9.300000000000000000e+01,1.090000000000000000e+02
4.700209546089172363e+01,9.300000000000000000e+01,1.100000000000000000e+02
4.800214004516601562e+01,9.300000000000000000e+01,1.105000000000000000e+02
4.700209546089172363e+01,9.400000000000000000e+01,6.700000000000000000e+01
4.800214004516601562e+01,9.400000000000000000e+01,6.650000000000000000e+01
4.700209546089172363e+01,9.400000000000000000e+01,8.400000000000000000e+01
4.700209546089172363e+01,9.400000000000000000e+01,8.500000000000000000e+01
4.700209546089172363e+01,9.400000000000000000e+01,8.600000000000000000e+01
4.700209546089172363e+01,9.400000000000000000e+01,8.700000000000000000e+01
4.700209546089172363e+01,9.400000000000000000e+01,8.800000000000000000e+01
4.700209546089172363e+01,9.400000000000000000e+01,8.900000000000000000e+01
4.700209546089172363e+01,9.400000000000000000e+01,9.000000000000000000e+01
4.700209546089172363e+01,9.400000000000000000e+01,9.100000000000000000e+01
4.700209546089172363e+01,9.400000000000000000e+01,9.200000000000000000e+01
4.700209546089172363e+01,9.400000000000000000e+01,1.080000000000000000e+02
4.700209546089172363e+01,9.400000000000000000e+01,1.090000000000000000e+02
4.700209546089172363e+01,9.400000000000000000e+01,1.100000000000000000e+02
4.800214004516601562e+01,9.400000000000000000e+01,1.105000000000000000e+02
4.800214004516601562e+01,9.450000000000000000e+01,6.700000000000000000e+01
4.700209546089172363e+01,9.500000000000000000e+01,6.800000000000000000e+01
4.800214004516601562e+01,9.500000000000000000e+01,6.750000000000000000e+01
4.700209546089172363e+01,9.500000000000000000e+01,6.900000000000000000e+01
4.700209546089172363e+01,9.500000000000000000e+01,7.000000000000000000e+01
4.700209546089172363e+01,9.500000000000000000e+01,7.100000000000000000e+01
4.700209546089172363e+01,9.500000000000000000e+01,7.200000000000000000e+01
4.700209546089172363e+01,9.500000000000000000e+01,7.300000000000000000e+01
4.700209546089172363e+01,9.500000000000000000e+01,7.400000000000000000e+01
4.700209546089172363e+01,9.500000000000000000e+01,7.500000000000000000e+01
4.700209546089172363e+01,9.500000000000000000e+01,8.200000000000000000e+01
4.700209546089172363e+01,9.500000000000000000e+01,8.300000000000000000e+01
4.700209546089172363e+01,9.500000000000000000e+01,8.400000000000000000e+01
4.700209546089172363e+01,9.500000000000000000e+01,8.500000000000000000e+01
4.700209546089172363e+01,9.500000000000000000e+01,8.600000000000000000e+01
4.700209546089172363e+01,9.500000000000000000e+01,8.700000000000000000e+01
4.700209546089172363e+01,9.500000000000000000e+01,8.800000000000000000e+01
4.700209546089172363e+01,9.500000000000000000e+01,8.900000000000000000e+01
4.700209546089172363e+01,9.500000000000000000e+01,9.000000000000000000e+01
4.700209546089172363e+01,9.500000000000000000e+01,9.100000000000000000e+01
4.700209546089172363e+01,9.500000000000000000e+01,1.070000000000000000e+02
4.700209546089172363e+01,9.500000000000000000e+01,1.080000000000000000e+02
4.700209546089172363e+01,9.500000000000000000e+01,1.090000000000000000e+02
4.800214004516601562e+01,9.500000000000000000e+01,1.095000000000000000e+02
4.800214004516601562e+01,9.450000000000000000e+01,1.100000000000000000e+02
4.800214004516601562e+01,9.550000000000000000e+01,6.800000000000000000e+01
4.800214004516601562e+01,9.550000000000000000e+01,6.900000000000000000e+01
4.800214004516601562e+01,9.550000000000000000e+01,7.000000000000000000e+01
4.800214004516601562e+01,9.550000000000000000e+01,7.100000000000000000e+01
4.800214004516601562e+01,9.550000000000000000e+01,7.200000000000000000e+01
4.800214004516601562e+01,9.550000000000000000e+01,7.300000000000000000e+01
4.800214004516601562e+01,9.550000000000000000e+01,7.400000000000000000e+01
4.800214004516601562e+01,9.550000000000000000e+01,7.500000000000000000e+01
4.800214004516601562e+01,9.550000000000000000e+01,7.600000000000000000e+01
4.800214004516601562e+01,9.550000000000000000e+01,7.700000000000000000e+01
4.700209546089172363e+01,9.600000000000000000e+01,7.800000000000000000e+01
4.800214004516601562e+01,9.600000000000000000e+01,7.750000000000000000e+01
4.700209546089172363e+01,9.600000000000000000e+01,7.900000000000000000e+01
4.700209546089172363e+01,9.600000000000000000e+01,8.000000000000000000e+01
4.700209546089172363e+01,9.600000000000000000e+01,8.100000000000000000e+01
4.700209546089172363e+01,9.600000000000000000e+01,8.200000000000000000e+01
4.700209546089172363e+01,9.600000000000000000e+01,8.300000000000000000e+01
4.700209546089172363e+01,9.600000000000000000e+01,8.400000000000000000e+01
4.700209546089172363e+01,9.600000000000000000e+01,8.500000000000000000e+01
4.700209546089172363e+01,9.600000000000000000e+01,8.600000000000000000e+01
4.700209546089172363e+01,9.600000000000000000e+01,8.700000000000000000e+01
4.700209546089172363e+01,9.600000000000000000e+01,8.800000000000000000e+01
4.700209546089172363e+01,9.600000000000000000e+01,8.900000000000000000e+01
4.700209546089172363e+01,9.600000000000000000e+01,9.000000000000000000e+01
4.700209546089172363e+01,9.600000000000000000e+01,1.060000000000000000e+02
4.700209546089172363e+01,9.600000000000000000e+01,1.070000000000000000e+02
4.800214004516601562e+01,9.600000000000000000e+01,1.075000000000000000e+02
4.800214004516601562e+01,9.550000000000000000e+01,1.080000000000000000e+02
4.800214004516601562e+01,9.550000000000000000e+01,1.090000000000000000e+02
4.800214004516601562e+01,9.650000000000000000e+01,7.800000000000000000e+01
4.800214004516601562e+01,9.650000000000000000e+01,7.900000000000000000e+01
4.800214004516601562e+01,9.650000000000000000e+01,8.000000000000000000e+01
4.800214004516601562e+01,9.650000000000000000e+01,8.100000000000000000e+01
4.700209546089172363e+01,9.700000000000000000e+01,8.200000000000000000e+01
4.800214004516601562e+01,9.700000000000000000e+01,8.150000000000000000e+01
4.700209546089172363e+01,9.700000000000000000e+01,8.300000000000000000e+01
4.700209546089172363e+01,9.700000000000000000e+01,8.400000000000000000e+01
4.700209546089172363e+01,9.700000000000000000e+01,8.500000000000000000e+01
4.700209546089172363e+01,9.700000000000000000e+01,8.600000000000000000e+01
4.700209546089172363e+01,9.700000000000000000e+01,8.700000000000000000e+01
4.700209546089172363e+01,9.700000000000000000e+01,8.800000000000000000e+01
4.700209546089172363e+01,9.700000000000000000e+01,8.900000000000000000e+01
4.700209546089172363e+01,9.700000000000000000e+01,1.060000000000000000e+02
4.800214004516601562e+01,9.700000000000000000e+01,1.065000000000000000e+02
4.800214004516601562e+01,9.650000000000000000e+01,1.070000000000000000e+02
4.800214004516601562e+01,9.750000000000000000e+01,8.200000000000000000e+01
4.800214004516601562e+01,9.750000000000000000e+01,8.300000000000000000e+01
4.800214004516601562e+01,9.750000000000000000e+01,8.400000000000000000e+01
4.800214004516601562e+01,9.750000000000000000e+01,8.500000000000000000e+01
4.800214004516601562e+01,9.750000000000000000e+01,8.600000000000000000e+01
4.800214004516601562e+01,9.750000000000000000e+01,8.700000000000000000e+01
4.700209546089172363e+01,9.800000000000000000e+01,8.800000000000000000e+01
4.800214004516601562e+01,9.800000000000000000e+01,8.750000000000000000e+01
4.700209546089172363e+01,9.800000000000000000e+01,8.900000000000000000e+01
4.700209546089172363e+01,9.800000000000000000e+01,1.050000000000000000e+02
4.800214004516601562e+01,9.800000000000000000e+01,1.055000000000000000e+02
4.800214004516601562e+01,9.750000000000000000e+01,1.060000000000000000e+02
4.800214004516601562e+01,9.850000000000000000e+01,8.800000000000000000e+01
4.700209546089172363e+01,9.900000000000000000e+01,8.900000000000000000e+01
4.800214004516601562e+01,9.900000000000000000e+01,8.850000000000000000e+01
4.700209546089172363e+01,9.900000000000000000e+01,1.040000000000000000e+02
4.800214004516601562e+01,9.900000000000000000e+01,1.045000000000000000e+02
4.800214004516601562e+01,9.850000000000000000e+01,1.050000000000000000e+02
4.700209546089172363e+01,1.000000000000000000e+02,8.900000000000000000e+01
4.800214004516601562e+01,1.000000000000000000e+02,8.850000000000000000e+01
4.800214004516601562e+01,9.950000000000000000e+01,1.040000000000000000e+02
4.800214004516601562e+01,1.000000000000000000e+02,1.035000000000000000e+02
4.800214004516601562e+01,1.005000000000000000e+02,8.900000000000000000e+01
4.700209546089172363e+01,1.010000000000000000e+02,9.000000000000000000e+01
4.800214004516601562e+01,1.010000000000000000e+02,8.950000000000000000e+01
4.700209546089172363e+01,1.010000000000000000e+02,1.030000000000000000e+02
4.800214004516601562e+01,1.010000000000000000e+02,1.035000000000000000e+02
4.700209546089172363e+01,1.020000000000000000e+02,9.000000000000000000e+01
4.800214004516601562e+01,1.020000000000000000e+02,8.950000000000000000e+01
4.700209546089172363e+01,1.020000000000000000e+02,1.030000000000000000e+02
4.800214004516601562e+01,1.020000000000000000e+02,1.035000000000000000e+02
4.800214004516601562e+01,1.025000000000000000e+02,9.000000000000000000e+01
4.800214004516601562e+01,1.030000000000000000e+02,9.050000000000000000e+01
4.700209546089172363e+01,1.030000000000000000e+02,1.020000000000000000e+02
4.800214004516601562e+01,1.030000000000000000e+02,1.025000000000000000e+02
4.800214004516601562e+01,1.025000000000000000e+02,1.030000000000000000e+02
4.700209546089172363e+01,1.040000000000000000e+02,9.100000000000000000e+01
4.800214004516601562e+01,1.040000000000000000e+02,9.050000000000000000e+01
4.700209546089172363e+01,1.040000000000000000e+02,1.020000000000000000e+02
4.800214004516601562e+01,1.040000000000000000e+02,1.025000000000000000e+02
4.700209546089172363e+01,1.050000000000000000e+02,9.100000000000000000e+01
4.800214004516601562e+01,1.050000000000000000e+02,9.050000000000000000e+01
4.700209546089172363e+01,1.050000000000000000e+02,1.010000000000000000e+02
4.700209546089172363e+01,1.050000000000000000e+02,1.020000000000000000e+02
4.800214004516601562e+01,1.050000000000000000e+02,1.025000000000000000e+02
4.800214004516601562e+01,1.055000000000000000e+02,9.100000000000000000e+01
4.800214004516601562e+01,1.060000000000000000e+02,9.150000000000000000e+01
4.700209546089172363e+01,1.060000000000000000e+02,1.010000000000000000e+02
4.700209546089172363e+01,1.060000000000000000e+02,1.020000000000000000e+02
4.800214004516601562e+01,1.060000000000000000e+02,1.025000000000000000e+02
4.700209546089172363e+01,1.070000000000000000e+02,9.200000000000000000e+01
4.800214004516601562e+01,1.070000000000000000e+02,9.150000000000000000e+01
4.700209546089172363e+01,1.070000000000000000e+02,1.000000000000000000e+02
4.700209546089172363e+01,1.070000000000000000e+02,1.010000000000000000e+02
4.700209546089172363e+01,1.070000000000000000e+02,1.020000000000000000e+02
4.800214004516601562e+01,1.070000000000000000e+02,1.025000000000000000e+02
4.700209546089172363e+01,1.080000000000000000e+02,9.200000000000000000e+01
4.800214004516601562e+01,1.080000000000000000e+02,9.150000000000000000e+01
4.700209546089172363e+01,1.080000000000000000e+02,9.900000000000000000e+01
4.700209546089172363e+01,1.080000000000000000e+02,1.000000000000000000e+02
4.700209546089172363e+01,1.080000000000000000e+02,1.010000000000000000e+02
4.700209546089172363e+01,1.080000000000000000e+02,1.020000000000000000e+02
4.800214004516601562e+01,1.080000000000000000e+02,1.025000000000000000e+02
4.700209546089172363e+01,1.090000000000000000e+02,9.100000000000000000e+01
4.800214004516601562e+01,1.090000000000000000e+02,9.050000000000000000e+01
4.800214004516601562e+01,1.085000000000000000e+02,9.100000000000000000e+01
4.700209546089172363e+01,1.090000000000000000e+02,9.200000000000000000e+01
4.700209546089172363e+01,1.090000000000000000e+02,9.700000000000000000e+01
4.700209546089172363e+01,1.090000000000000000e+02,9.800000000000000000e+01
4.700209546089172363e+01,1.090000000000000000e+02,9.900000000000000000e+01
4.700209546089172363e+01,1.090000000000000000e+02,1.000000000000000000e+02
4.700209546089172363e+01,1.090000000000000000e+02,1.010000000000000000e+02
4.700209546089172363e+01,1.090000000000000000e+02,1.020000000000000000e+02
4.800214004516601562e+01,1.085000000000000000e+02,1.030000000000000000e+02
4.700209546089172363e+01,1.090000000000000000e+02,1.030000000000000000e+02
4.800214004516601562e+01,1.090000000000000000e+02,1.035000000000000000e+02
4.700209546089172363e+01,1.100000000000000000e+02,9.100000000000000000e+01
4.800214004516601562e+01,1.100000000000000000e+02,9.050000000000000000e+01
4.700209546089172363e+01,1.100000000000000000e+02,9.200000000000000000e+01
4.700209546089172363e+01,1.100000000000000000e+02,9.600000000000000000e+01
4.700209546089172363e+01,1.100000000000000000e+02,9.700000000000000000e+01
4.700209546089172363e+01,1.100000000000000000e+02,9.800000000000000000e+01
4.700209546089172363e+01,1.100000000000000000e+02,9.900000000000000000e+01
4.700209546089172363e+01,1.100000000000000000e+02,1.000000000000000000e+02
4.700209546089172363e+01,1.100000000000000000e+02,1.030000000000000000e+02
4.800214004516601562e+01,1.095000000000000000e+02,1.040000000000000000e+02
4.700209546089172363e+01,1.100000000000000000e+02,1.040000000000000000e+02
4.800214004516601562e+01,1.100000000000000000e+02,1.045000000000000000e+02
4.700209546089172363e+01,1.110000000000000000e+02,9.100000000000000000e+01
4.800214004516601562e+01,1.110000000000000000e+02,9.050000000000000000e+01
4.700209546089172363e+01,1.110000000000000000e+02,9.200000000000000000e+01
4.700209546089172363e+01,1.110000000000000000e+02,9.300000000000000000e+01
4.700209546089172363e+01,1.110000000000000000e+02,9.500000000000000000e+01
4.700209546089172363e+01,1.110000000000000000e+02,9.600000000000000000e+01
4.700209546089172363e+01,1.110000000000000000e+02,9.700000000000000000e+01
4.700209546089172363e+01,1.110000000000000000e+02,9.800000000000000000e+01
4.700209546089172363e+01,1.110000000000000000e+02,9.900000000000000000e+01
4.700209546089172363e+01,1.110000000000000000e+02,1.000000000000000000e+02
4.700209546089172363e+01,1.110000000000000000e+02,1.030000000000000000e+02
4.700209546089172363e+01,1.110000000000000000e+02,1.040000000000000000e+02
4.800214004516601562e+01,1.105000000000000000e+02,1.050000000000000000e+02
4.700209546089172363e+01,1.110000000000000000e+02,1.050000000000000000e+02
4.800214004516601562e+01,1.110000000000000000e+02,1.055000000000000000e+02
4.700209546089172363e+01,1.120000000000000000e+02,9.000000000000000000e+01
4.800214004516601562e+01,1.120000000000000000e+02,8.950000000000000000e+01
4.800214004516601562e+01,1.115000000000000000e+02,9.000000000000000000e+01
4.700209546089172363e+01,1.120000000000000000e+02,9.100000000000000000e+01
4.700209546089172363e+01,1.120000000000000000e+02,9.200000000000000000e+01
4.700209546089172363e+01,1.120000000000000000e+02,9.300000000000000000e+01
4.700209546089172363e+01,1.120000000000000000e+02,9.400000000000000000e+01
4.700209546089172363e+01,1.120000000000000000e+02,9.500000000000000000e+01
4.700209546089172363e+01,1.120000000000000000e+02,9.600000000000000000e+01
4.700209546089172363e+01,1.120000000000000000e+02,9.700000000000000000e+01
4.700209546089172363e+01,1.120000000000000000e+02,9.800000000000000000e+01
4.700209546089172363e+01,1.120000000000000000e+02,9.900000000000000000e+01
4.700209546089172363e+01,1.120000000000000000e+02,1.000000000000000000e+02
4.700209546089172363e+01,1.120000000000000000e+02,1.040000000000000000e+02
4.700209546089172363e+01,1.120000000000000000e+02,1.050000000000000000e+02
4.800214004516601562e+01,1.115000000000000000e+02,1.060000000000000000e+02
4.700209546089172363e+01,1.120000000000000000e+02,1.060000000000000000e+02
4.800214004516601562e+01,1.120000000000000000e+02,1.065000000000000000e+02
4.700209546089172363e+01,1.130000000000000000e+02,8.200000000000000000e+01
4.800214004516601562e+01,1.130000000000000000e+02,8.150000000000000000e+01
4.800214004516601562e+01,1.125000000000000000e+02,8.200000000000000000e+01
4.800214004516601562e+01,1.125000000000000000e+02,8.300000000000000000e+01
4.700209546089172363e+01,1.130000000000000000e+02,8.300000000000000000e+01
4.800214004516601562e+01,1.125000000000000000e+02,8.400000000000000000e+01
4.700209546089172363e+01,1.130000000000000000e+02,8.400000000000000000e+01
4.800214004516601562e+01,1.125000000000000000e+02,8.500000000000000000e+01
4.700209546089172363e+01,1.130000000000000000e+02,8.500000000000000000e+01
4.800214004516601562e+01,1.130000000000000000e+02,8.550000000000000000e+01
4.700209546089172363e+01,1.130000000000000000e+02,8.900000000000000000e+01
4.800214004516601562e+01,1.130000000000000000e+02,8.850000000000000000e+01
4.800214004516601562e+01,1.125000000000000000e+02,8.900000000000000000e+01
4.700209546089172363e+01,1.130000000000000000e+02,9.000000000000000000e+01
4.700209546089172363e+01,1.130000000000000000e+02,9.100000000000000000e+01
4.700209546089172363e+01,1.130000000000000000e+02,9.200000000000000000e+01
4.700209546089172363e+01,1.130000000000000000e+02,9.300000000000000000e+01
4.700209546089172363e+01,1.130000000000000000e+02,9.400000000000000000e+01
4.700209546089172363e+01,1.130000000000000000e+02,9.500000000000000000e+01
4.700209546089172363e+01,1.130000000000000000e+02,9.600000000000000000e+01
4.700209546089172363e+01,1.130000000000000000e+02,9.700000000000000000e+01
4.700209546089172363e+01,1.130000000000000000e+02,9.800000000000000000e+01
4.700209546089172363e+01,1.130000000000000000e+02,9.900000000000000000e+01
4.700209546089172363e+01,1.130000000000000000e+02,1.000000000000000000e+02
4.700209546089172363e+01,1.130000000000000000e+02,1.050000000000000000e+02
4.700209546089172363e+01,1.130000000000000000e+02,1.060000000000000000e+02
4.800214004516601562e+01,1.130000000000000000e+02,1.065000000000000000e+02
4.700209546089172363e+01,1.140000000000000000e+02,8.100000000000000000e+01
4.800214004516601562e+01,1.140000000000000000e+02,8.050000000000000000e+01
4.800214004516601562e+01,1.135000000000000000e+02,8.100000000000000000e+01
4.700209546089172363e+01,1.140000000000000000e+02,8.400000000000000000e+01
4.700209546089172363e+01,1.140000000000000000e+02,8.500000000000000000e+01
4.800214004516601562e+01,1.135000000000000000e+02,8.600000000000000000e+01
4.700209546089172363e+01,1.140000000000000000e+02,8.600000000000000000e+01
4.800214004516601562e+01,1.135000000000000000e+02,8.700000000000000000e+01
4.700209546089172363e+01,1.140000000000000000e+02,8.700000000000000000e+01
4.800214004516601562e+01,1.135000000000000000e+02,8.800000000000000000e+01
4.700209546089172363e+01,1.140000000000000000e+02,8.800000000000000000e+01
4.700209546089172363e+01,1.140000000000000000e+02,8.900000000000000000e+01
4.700209546089172363e+01,1.140000000000000000e+02,9.000000000000000000e+01
4.700209546089172363e+01,1.140000000000000000e+02,9.100000000000000000e+01
4.700209546089172363e+01,1.140000000000000000e+02,9.200000000000000000e+01
4.700209546089172363e+01,1.140000000000000000e+02,9.300000000000000000e+01
4.700209546089172363e+01,1.140000000000000000e+02,9.400000000000000000e+01
4.700209546089172363e+01,1.140000000000000000e+02,9.500000000000000000e+01
4.700209546089172363e+01,1.140000000000000000e+02,9.600000000000000000e+01
4.700209546089172363e+01,1.140000000000000000e+02,9.700000000000000000e+01
4.700209546089172363e+01,1.140000000000000000e+02,9.800000000000000000e+01
4.700209546089172363e+01,1.140000000000000000e+02,9.900000000000000000e+01
4.700209546089172363e+01,1.140000000000000000e+02,1.060000000000000000e+02
4.800214004516601562e+01,1.140000000000000000e+02,1.065000000000000000e+02
4.700209546089172363e+01,1.150000000000000000e+02,8.100000000000000000e+01
4.800214004516601562e+01,1.150000000000000000e+02,8.050000000000000000e+01
4.700209546089172363e+01,1.150000000000000000e+02,8.600000000000000000e+01
4.700209546089172363e+01,1.150000000000000000e+02,8.700000000000000000e+01
4.700209546089172363e+01,1.150000000000000000e+02,8.800000000000000000e+01
4.700209546089172363e+01,1.150000000000000000e+02,8.900000000000000000e+01
4.700209546089172363e+01,1.150000000000000000e+02,9.000000000000000000e+01
4.700209546089172363e+01,1.150000000000000000e+02,9.100000000000000000e+01
4.700209546089172363e+01,1.150000000000000000e+02,9.200000000000000000e+01
4.700209546089172363e+01,1.150000000000000000e+02,9.300000000000000000e+01
4.700209546089172363e+01,1.150000000000000000e+02,9.400000000000000000e+01
4.700209546089172363e+01,1.150000000000000000e+02,9.500000000000000000e+01
4.700209546089172363e+01,1.150000000000000000e+02,9.600000000000000000e+01
4.700209546089172363e+01,1.150000000000000000e+02,9.700000000000000000e+01
4.700209546089172363e+01,1.150000000000000000e+02,9.800000000000000000e+01
4.700209546089172363e+01,1.150000000000000000e+02,9.900000000000000000e+01
4.700209546089172363e+01,1.150000000000000000e+02,1.060000000000000000e+02
4.800214004516601562e+01,1.150000000000000000e+02,1.065000000000000000e+02
4.800214004516601562e+01,1.160000000000000000e+02,8.050000000000000000e+01
4.700209546089172363e+01,1.160000000000000000e+02,8.700000000000000000e+01
4.700209546089172363e+01,1.160000000000000000e+02,8.800000000000000000e+01
4.700209546089172363e+01,1.160000000000000000e+02,8.900000000000000000e+01
4.700209546089172363e+01,1.160000000000000000e+02,9.000000000000000000e+01
4.700209546089172363e+01,1.160000000000000000e+02,9.100000000000000000e+01
4.700209546089172363e+01,1.160000000000000000e+02,9.200000000000000000e+01
4.700209546089172363e+01,1.160000000000000000e+02,9.300000000000000000e+01
4.700209546089172363e+01,1.160000000000000000e+02,9.400000000000000000e+01
4.700209546089172363e+01,1.160000000000000000e+02,9.500000000000000000e+01
4.700209546089172363e+01,1.160000000000000000e+02,9.600000000000000000e+01
4.700209546089172363e+01,1.160000000000000000e+02,9.700000000000000000e+01
4.700209546089172363e+01,1.160000000000000000e+02,9.800000000000000000e+01
4.700209546089172363e+01,1.160000000000000000e+02,9.900000000000000000e+01
4.700209546089172363e+01,1.160000000000000000e+02,1.060000000000000000e+02
4.800214004516601562e+01,1.160000000000000000e+02,1.065000000000000000e+02
4.800214004516601562e+01,1.170000000000000000e+02,8.050000000000000000e+01
4.700209546089172363e+01,1.170000000000000000e+02,8.800000000000000000e+01
4.700209546089172363e+01,1.170000000000000000e+02,8.900000000000000000e+01
4.700209546089172363e+01,1.170000000000000000e+02,9.000000000000000000e+01
4.700209546089172363e+01,1.170000000000000000e+02,9.100000000000000000e+01
4.700209546089172363e+01,1.170000000000000000e+02,9.200000000000000000e+01
4.700209546089172363e+01,1.170000000000000000e+02,9.300000000000000000e+01
4.700209546089172363e+01,1.170000000000000000e+02,9.400000000000000000e+01
4.700209546089172363e+01,1.170000000000000000e+02,9.500000000000000000e+01
4.700209546089172363e+01,1.170000000000000000e+02,9.600000000000000000e+01
4.700209546089172363e+01,1.170000000000000000e+02,9.700000000000000000e+01
4.700209546089172363e+01,1.170000000000000000e+02,9.800000000000000000e+01
4.700209546089172363e+01,1.170000000000000000e+02,9.900000000000000000e+01
4.800214004516601562e+01,1.170000000000000000e+02,1.065000000000000000e+02
4.800214004516601562e+01,1.180000000000000000e+02,8.050000000000000000e+01
4.700209546089172363e+01,1.180000000000000000e+02,8.800000000000000000e+01
4.700209546089172363e+01,1.180000000000000000e+02,8.900000000000000000e+01
4.700209546089172363e+01,1.180000000000000000e+02,9.000000000000000000e+01
4.700209546089172363e+01,1.180000000000000000e+02,9.100000000000000000e+01
4.700209546089172363e+01,1.180000000000000000e+02,9.200000000000000000e+01
4.700209546089172363e+01,1.180000000000000000e+02,9.300000000000000000e+01
4.700209546089172363e+01,1.180000000000000000e+02,9.400000000000000000e+01
4.700209546089172363e+01,1.180000000000000000e+02,9.500000000000000000e+01
4.700209546089172363e+01,1.180000000000000000e+02,9.600000000000000000e+01
4.700209546089172363e+01,1.180000000000000000e+02,9.700000000000000000e+01
4.700209546089172363e+01,1.180000000000000000e+02,9.800000000000000000e+01
4.700209546089172363e+01,1.180000000000000000e+02,9.900000000000000000e+01
4.800214004516601562e+01,1.180000000000000000e+02,1.065000000000000000e+02
4.800214004516601562e+01,1.190000000000000000e+02,8.050000000000000000e+01
4.700209546089172363e+01,1.190000000000000000e+02,8.900000000000000000e+01
4.700209546089172363e+01,1.190000000000000000e+02,9.000000000000000000e+01
4.700209546089172363e+01,1.190000000000000000e+02,9.100000000000000000e+01
4.700209546089172363e+01,1.190000000000000000e+02,9.200000000000000000e+01
4.700209546089172363e+01,1.190000000000000000e+02,9.300000000000000000e+01
4.700209546089172363e+01,1.190000000000000000e+02,9.400000000000000000e+01
4.700209546089172363e+01,1.190000000000000000e+02,9.500000000000000000e+01
4.700209546089172363e+01,1.190000000000000000e+02,9.600000000000000000e+01
4.700209546089172363e+01,1.190000000000000000e+02,9.700000000000000000e+01
4.700209546089172363e+01,1.190000000000000000e+02,9.800000000000000000e+01
4.700209546089172363e+01,1.190000000000000000e+02,9.900000000000000000e+01
4.800214004516601562e+01,1.190000000000000000e+02,1.065000000000000000e+02
4.800214004516601562e+01,1.200000000000000000e+02,8.050000000000000000e+01
4.700209546089172363e+01,1.200000000000000000e+02,8.900000000000000000e+01
4.700209546089172363e+01,1.200000000000000000e+02,9.000000000000000000e+01
4.700209546089172363e+01,1.200000000000000000e+02,9.100000000000000000e+01
4.700209546089172363e+01,1.200000000000000000e+02,9.200000000000000000e+01
4.700209546089172363e+01,1.200000000000000000e+02,9.300000000000000000e+01
4.700209546089172363e+01,1.200000000000000000e+02,9.400000000000000000e+01
4.700209546089172363e+01,1.200000000000000000e+02,9.500000000000000000e+01
4.700209546089172363e+01,1.200000000000000000e+02,9.600000000000000000e+01
4.700209546089172363e+01,1.200000000000000000e+02,9.700000000000000000e+01
4.700209546089172363e+01,1.200000000000000000e+02,9.800000000000000000e+01
4.700209546089172363e+01,1.200000000000000000e+02,9.900000000000000000e+01
4.800214004516601562e+01,1.200000000000000000e+02,1.065000000000000000e+02
4.800214004516601562e+01,1.210000000000000000e+02,8.050000000000000000e+01
4.700209546089172363e+01,1.210000000000000000e+02,8.900000000000000000e+01
4.700209546089172363e+01,1.210000000000000000e+02,9.000000000000000000e+01
4.700209546089172363e+01,1.210000000000000000e+02,9.100000000000000000e+01
4.700209546089172363e+01,1.210000000000000000e+02,9.200000000000000000e+01
4.700209546089172363e+01,1.210000000000000000e+02,9.300000000000000000e+01
4.700209546089172363e+01,1.210000000000000000e+02,9.400000000000000000e+01
4.700209546089172363e+01,1.210000000000000000e+02,9.500000000000000000e+01
4.700209546089172363e+01,1.210000000000000000e+02,9.600000000000000000e+01
4.700209546089172363e+01,1.210000000000000000e+02,9.700000000000000000e+01
4.700209546089172363e+01,1.210000000000000000e+02,9.800000000000000000e+01
4.700209546089172363e+01,1.210000000000000000e+02,9.900000000000000000e+01
4.800214004516601562e+01,1.210000000000000000e+02,1.065000000000000000e+02
4.800214004516601562e+01,1.220000000000000000e+02,8.050000000000000000e+01
4.700209546089172363e+01,1.220000000000000000e+02,8.900000000000000000e+01
4.700209546089172363e+01,1.220000000000000000e+02,9.000000000000000000e+01
4.700209546089172363e+01,1.220000000000000000e+02,9.100000000000000000e+01
4.700209546089172363e+01,1.220000000000000000e+02,9.200000000000000000e+01
4.700209546089172363e+01,1.220000000000000000e+02,9.300000000000000000e+01
4.700209546089172363e+01,1.220000000000000000e+02,9.400000000000000000e+01
4.700209546089172363e+01,1.220000000000000000e+02,9.500000000000000000e+01
4.700209546089172363e+01,1.220000000000000000e+02,9.600000000000000000e+01
4.700209546089172363e+01,1.220000000000000000e+02,9.700000000000000000e+01
4.700209546089172363e+01,1.220000000000000000e+02,9.800000000000000000e+01
4.700209546089172363e+01,1.220000000000000000e+02,9.900000000000000000e+01
4.700209546089172363e+01,1.220000000000000000e+02,1.000000000000000000e+02
4.800214004516601562e+01,1.220000000000000000e+02,1.065000000000000000e+02
4.800214004516601562e+01,1.230000000000000000e+02,8.050000000000000000e+01
4.700209546089172363e+01,1.230000000000000000e+02,8.900000000000000000e+01
4.700209546089172363e+01,1.230000000000000000e+02,9.000000000000000000e+01
4.700209546089172363e+01,1.230000000000000000e+02,9.100000000000000000e+01
4.700209546089172363e+01,1.230000000000000000e+02,9.200000000000000000e+01
4.700209546089172363e+01,1.230000000000000000e+02,9.300000000000000000e+01
4.700209546089172363e+01,1.230000000000000000e+02,9.400000000000000000e+01
4.700209546089172363e+01,1.230000000000000000e+02,9.500000000000000000e+01
4.700209546089172363e+01,1.230000000000000000e+02,9.600000000000000000e+01
4.700209546089172363e+01,1.230000000000000000e+02,9.700000000000000000e+01
4.700209546089172363e+01,1.230000000000000000e+02,9.800000000000000000e+01
4.700209546089172363e+01,1.230000000000000000e+02,9.900000000000000000e+01
4.700209546089172363e+01,1.230000000000000000e+02,1.000000000000000000e+02
4.800214004516601562e+01,1.230000000000000000e+02,1.065000000000000000e+02
4.800214004516601562e+01,1.240000000000000000e+02,8.050000000000000000e+01
4.700209546089172363e+01,1.240000000000000000e+02,8.900000000000000000e+01
4.700209546089172363e+01,1.240000000000000000e+02,9.000000000000000000e+01
4.700209546089172363e+01,1.240000000000000000e+02,9.100000000000000000e+01
4.700209546089172363e+01,1.240000000000000000e+02,9.200000000000000000e+01
4.700209546089172363e+01,1.240000000000000000e+02,9.300000000000000000e+01
4.800214004516601562e+01,1.240000000000000000e+02,9.350000000000000000e+01
4.800214004516601562e+01,1.235000000000000000e+02,9.400000000000000000e+01
4.800214004516601562e+01,1.235000000000000000e+02,9.500000000000000000e+01
4.700209546089172363e+01,1.240000000000000000e+02,9.600000000000000000e+01
4.800214004516601562e+01,1.240000000000000000e+02,9.550000000000000000e+01
4.700209546089172363e+01,1.240000000000000000e+02,9.700000000000000000e+01
4.700209546089172363e+01,1.240000000000000000e+02,9.800000000000000000e+01
4.700209546089172363e+01,1.240000000000000000e+02,9.900000000000000000e+01
4.700209546089172363e+01,1.240000000000000000e+02,1.000000000000000000e+02
4.800214004516601562e+01,1.240000000000000000e+02,1.065000000000000000e+02
4.800214004516601562e+01,1.250000000000000000e+02,8.050000000000000000e+01
4.700209546089172363e+01,1.250000000000000000e+02,8.900000000000000000e+01
4.700209546089172363e+01,1.250000000000000000e+02,9.000000000000000000e+01
4.700209546089172363e+01,1.250000000000000000e+02,9.100000000000000000e+01
4.700209546089172363e+01,1.250000000000000000e+02,9.200000000000000000e+01
4.800214004516601562e+01,1.250000000000000000e+02,9.250000000000000000e+01
4.800214004516601562e+01,1.245000000000000000e+02,9.300000000000000000e+01
4.800214004516601562e+01,1.245000000000000000e+02,9.600000000000000000e+01
4.800214004516601562e+01,1.245000000000000000e+02,9.700000000000000000e+01
4.700209546089172363e+01,1.250000000000000000e+02,9.800000000000000000e+01
4.800214004516601562e+01,1.250000000000000000e+02,9.750000000000000000e+01
4.700209546089172363e+01,1.250000000000000000e+02,9.900000000000000000e+01
4.700209546089172363e+01,1.250000000000000000e+02,1.000000000000000000e+02
4.700209546089172363e+01,1.250000000000000000e+02,1.010000000000000000e+02
4.800214004516601562e+01,1.250000000000000000e+02,1.065000000000000000e+02
4.800214004516601562e+01,1.260000000000000000e+02,8.050000000000000000e+01
4.700209546089172363e+01,1.260000000000000000e+02,8.800000000000000000e+01
4.700209546089172363e+01,1.260000000000000000e+02,8.900000000000000000e+01
4.700209546089172363e+01,1.260000000000000000e+02,9.000000000000000000e+01
4.700209546089172363e+01,1.260000000000000000e+02,9.100000000000000000e+01
4.800214004516601562e+01,1.260000000000000000e+02,9.150000000000000000e+01
4.800214004516601562e+01,1.255000000000000000e+02,9.200000000000000000e+01
4.800214004516601562e+01,1.255000000000000000e+02,9.800000000000000000e+01
4.700209546089172363e+01,1.260000000000000000e+02,9.900000000000000000e+01
4.800214004516601562e+01,1.260000000000000000e+02,9.850000000000000000e+01
4.700209546089172363e+01,1.260000000000000000e+02,1.000000000000000000e+02
4.700209546089172363e+01,1.260000000000000000e+02,1.010000000000000000e+02
4.700209546089172363e+01,1.260000000000000000e+02,1.020000000000000000e+02
4.800214004516601562e+01,1.260000000000000000e+02,1.065000000000000000e+02
4.800214004516601562e+01,1.270000000000000000e+02,8.050000000000000000e+01
4.700209546089172363e+01,1.270000000000000000e+02,8.800000000000000000e+01
4.700209546089172363e+01,1.270000000000000000e+02,8.900000000000000000e+01
4.700209546089172363e+01,1.270000000000000000e+02,9.000000000000000000e+01
4.800214004516601562e+01,1.270000000000000000e+02,9.050000000000000000e+01
4.800214004516601562e+01,1.265000000000000000e+02,9.100000000000000000e+01
4.800214004516601562e+01,1.265000000000000000e+02,9.900000000000000000e+01
4.700209546089172363e+01,1.270000000000000000e+02,1.000000000000000000e+02
4.800214004516601562e+01,1.270000000000000000e+02,9.950000000000000000e+01
4.700209546089172363e+01,1.270000000000000000e+02,1.010000000000000000e+02
4.700209546089172363e+01,1.270000000000000000e+02,1.020000000000000000e+02
4.700209546089172363e+01,1.270000000000000000e+02,1.030000000000000000e+02
4.700209546089172363e+01,1.270000000000000000e+02,1.060000000000000000e+02
4.800214004516601562e+01,1.270000000000000000e+02,1.065000000000000000e+02
4.800214004516601562e+01,1.280000000000000000e+02,8.050000000000000000e+01
4.700209546089172363e+01,1.280000000000000000e+02,8.700000000000000000e+01
4.700209546089172363e+01,1.280000000000000000e+02,8.800000000000000000e+01
4.700209546089172363e+01,1.280000000000000000e+02,8.900000000000000000e+01
4.700209546089172363e+01,1.280000000000000000e+02,9.000000000000000000e+01
4.800214004516601562e+01,1.280000000000000000e+02,9.050000000000000000e+01
4.800214004516601562e+01,1.275000000000000000e+02,1.000000000000000000e+02
4.700209546089172363e+01,1.280000000000000000e+02,1.010000000000000000e+02
4.800214004516601562e+01,1.280000000000000000e+02,1.005000000000000000e+02
4.700209546089172363e+01,1.280000000000000000e+02,1.020000000000000000e+02
4.700209546089172363e+01,1.280000000000000000e+02,1.030000000000000000e+02
4.700209546089172363e+01,1.280000000000000000e+02,1.040000000000000000e+02
4.700209546089172363e+01,1.280000000000000000e+02,1.050000000000000000e+02
4.700209546089172363e+01,1.280000000000000000e+02,1.060000000000000000e+02
4.800214004516601562e+01,1.280000000000000000e+02,1.065000000000000000e+02
4.700209546089172363e+01,1.290000000000000000e+02,8.100000000000000000e+01
4.800214004516601562e+01,1.290000000000000000e+02,8.050000000000000000e+01
4.700209546089172363e+01,1.290000000000000000e+02,8.700000000000000000e+01
4.700209546089172363e+01,1.290000000000000000e+02,8.800000000000000000e+01
4.700209546089172363e+01,1.290000000000000000e+02,8.900000000000000000e+01
4.800214004516601562e+01,1.290000000000000000e+02,8.950000000000000000e+01
4.800214004516601562e+01,1.285000000000000000e+02,9.000000000000000000e+01
4.800214004516601562e+01,1.285000000000000000e+02,1.010000000000000000e+02
4.800214004516601562e+01,1.285000000000000000e+02,1.020000000000000000e+02
4.700209546089172363e+01,1.290000000000000000e+02,1.030000000000000000e+02
4.800214004516601562e+01,1.290000000000000000e+02,1.025000000000000000e+02
4.700209546089172363e+01,1.290000000000000000e+02,1.040000000000000000e+02
4.700209546089172363e+01,1.290000000000000000e+02,1.050000000000000000e+02
4.700209546089172363e+01,1.290000000000000000e+02,1.060000000000000000e+02
4.800214004516601562e+01,1.290000000000000000e+02,1.065000000000000000e+02
4.700209546089172363e+01,1.300000000000000000e+02,8.100000000000000000e+01
4.800214004516601562e+01,1.300000000000000000e+02,8.050000000000000000e+01
4.700209546089172363e+01,1.300000000000000000e+02,8.600000000000000000e+01
4.700209546089172363e+01,1.300000000000000000e+02,8.700000000000000000e+01
4.700209546089172363e+01,1.300000000000000000e+02,8.800000000000000000e+01
4.700209546089172363e+01,1.300000000000000000e+02,8.900000000000000000e+01
4.800214004516601562e+01,1.300000000000000000e+02,8.950000000000000000e+01
4.800214004516601562e+01,1.295000000000000000e+02,1.030000000000000000e+02
4.700209546089172363e+01,1.300000000000000000e+02,1.040000000000000000e+02
4.800214004516601562e+01,1.300000000000000000e+02,1.035000000000000000e+02
4.700209546089172363e+01,1.300000000000000000e+02,1.050000000000000000e+02
4.700209546089172363e+01,1.300000000000000000e+02,1.060000000000000000e+02
4.800214004516601562e+01,1.300000000000000000e+02,1.065000000000000000e+02
4.800214004516601562e+01,1.305000000000000000e+02,8.100000000000000000e+01
4.800214004516601562e+01,1.310000000000000000e+02,8.150000000000000000e+01
4.700209546089172363e+01,1.310000000000000000e+02,8.600000000000000000e+01
4.700209546089172363e+01,1.310000000000000000e+02,8.700000000000000000e+01
4.700209546089172363e+01,1.310000000000000000e+02,8.800000000000000000e+01
4.800214004516601562e+01,1.310000000000000000e+02,8.850000000000000000e+01
4.800214004516601562e+01,1.305000000000000000e+02,8.900000000000000000e+01
4.800214004516601562e+01,1.305000000000000000e+02,1.040000000000000000e+02
4.700209546089172363e+01,1.310000000000000000e+02,1.050000000000000000e+02
4.800214004516601562e+01,1.310000000000000000e+02,1.045000000000000000e+02
4.800214004516601562e+01,1.310000000000000000e+02,1.055000000000000000e+02
4.800214004516601562e+01,1.305000000000000000e+02,1.060000000000000000e+02
4.700209546089172363e+01,1.320000000000000000e+02,8.200000000000000000e+01
4.800214004516601562e+01,1.320000000000000000e+02,8.150000000000000000e+01
4.700209546089172363e+01,1.320000000000000000e+02,8.600000000000000000e+01
4.700209546089172363e+01,1.320000000000000000e+02,8.700000000000000000e+01
4.800214004516601562e+01,1.320000000000000000e+02,8.750000000000000000e+01
4.800214004516601562e+01,1.315000000000000000e+02,8.800000000000000000e+01
4.800214004516601562e+01,1.315000000000000000e+02,1.050000000000000000e+02
4.700209546089172363e+01,1.330000000000000000e+02,8.200000000000000000e+01
4.800214004516601562e+01,1.330000000000000000e+02,8.150000000000000000e+01
4.700209546089172363e+01,1.330000000000000000e+02,8.300000000000000000e+01
4.700209546089172363e+01,1.330000000000000000e+02,8.500000000000000000e+01
4.700209546089172363e+01,1.330000000000000000e+02,8.600000000000000000e+01
4.700209546089172363e+01,1.330000000000000000e+02,8.700000000000000000e+01
4.800214004516601562e+01,1.330000000000000000e+02,8.750000000000000000e+01
4.700209546089172363e+01,1.340000000000000000e+02,8.200000000000000000e+01
4.800214004516601562e+01,1.340000000000000000e+02,8.150000000000000000e+01
4.700209546089172363e+01,1.340000000000000000e+02,8.300000000000000000e+01
4.700209546089172363e+01,1.340000000000000000e+02,8.400000000000000000e+01
4.700209546089172363e+01,1.340000000000000000e+02,8.500000000000000000e+01
4.700209546089172363e+01,1.340000000000000000e+02,8.600000000000000000e+01
4.800214004516601562e+01,1.340000000000000000e+02,8.650000000000000000e+01
4.800214004516601562e+01,1.335000000000000000e+02,8.700000000000000000e+01
4.800214004516601562e+01,1.345000000000000000e+02,8.200000000000000000e+01
4.700209546089172363e+01,1.350000000000000000e+02,8.300000000000000000e+01
4.800214004516601562e+01,1.350000000000000000e+02,8.250000000000000000e+01
4.700209546089172363e+01,1.350000000000000000e+02,8.400000000000000000e+01
4.700209546089172363e+01,1.350000000000000000e+02,8.500000000000000000e+01
4.700209546089172363e+01,1.350000000000000000e+02,8.600000000000000000e+01
4.800214004516601562e+01,1.350000000000000000e+02,8.650000000000000000e+01
4.700209546089172363e+01,1.360000000000000000e+02,8.300000000000000000e+01
4.800214004516601562e+01,1.360000000000000000e+02,8.250000000000000000e+01
4.700209546089172363e+01,1.360000000000000000e+02,8.400000000000000000e+01
4.700209546089172363e+01,1.360000000000000000e+02,8.500000000000000000e+01
4.800214004516601562e+01,1.360000000000000000e+02,8.550000000000000000e+01
4.800214004516601562e+01,1.355000000000000000e+02,8.600000000000000000e+01
4.800214004516601562e+01,1.365000000000000000e+02,8.300000000000000000e+01
4.800214004516601562e+01,1.365000000000000000e+02,8.400000000000000000e+01
4.800214004516601562e+01,1.365000000000000000e+02,8.500000000000000000e+01
4.900218462944030762e+01,8.600000000000000000e+01,7.300000000000000000e+01
5.000222921371459961e+01,8.600000000000000000e+01,7.250000000000000000e+01
5.000222921371459961e+01,8.550000000000000000e+01,7.300000000000000000e+01
5.000222921371459961e+01,8.550000000000000000e+01,7.400000000000000000e+01
4.900218462944030762e+01,8.600000000000000000e+01,7.400000000000000000e+01
5.000222921371459961e+01,8.550000000000000000e+01,7.500000000000000000e+01
4.900218462944030762e+01,8.600000000000000000e+01,7.500000000000000000e+01
5.000222921371459961e+01,8.550000000000000000e+01,7.600000000000000000e+01
4.900218462944030762e+01,8.600000000000000000e+01,7.600000000000000000e+01
5.000222921371459961e+01,8.550000000000000000e+01,7.700000000000000000e+01
4.900218462944030762e+01,8.600000000000000000e+01,7.700000000000000000e+01
5.000222921371459961e+01,8.550000000000000000e+01,7.800000000000000000e+01
4.900218462944030762e+01,8.600000000000000000e+01,7.800000000000000000e+01
5.000222921371459961e+01,8.550000000000000000e+01,7.900000000000000000e+01
4.900218462944030762e+01,8.600000000000000000e+01,7.900000000000000000e+01
5.000222921371459961e+01,8.600000000000000000e+01,7.950000000000000000e+01
4.900218462944030762e+01,8.700000000000000000e+01,7.200000000000000000e+01
5.000222921371459961e+01,8.700000000000000000e+01,7.150000000000000000e+01
5.000222921371459961e+01,8.650000000000000000e+01,7.200000000000000000e+01
5.000222921371459961e+01,8.650000000000000000e+01,8.000000000000000000e+01
5.000222921371459961e+01,8.650000000000000000e+01,8.100000000000000000e+01
5.000222921371459961e+01,8.700000000000000000e+01,8.150000000000000000e+01
4.900218462944030762e+01,8.800000000000000000e+01,7.100000000000000000e+01
5.000222921371459961e+01,8.800000000000000000e+01,7.050000000000000000e+01
5.000222921371459961e+01,8.750000000000000000e+01,7.100000000000000000e+01
5.000222921371459961e+01,8.750000000000000000e+01,8.200000000000000000e+01
5.000222921371459961e+01,8.750000000000000000e+01,8.300000000000000000e+01
4.900218462944030762e+01,8.800000000000000000e+01,8.300000000000000000e+01
5.000222921371459961e+01,8.800000000000000000e+01,8.350000000000000000e+01
4.900218462944030762e+01,8.800000000000000000e+01,9.800000000000000000e+01
4.900218462944030762e+01,8.800000000000000000e+01,9.900000000000000000e+01
4.900218462944030762e+01,8.800000000000000000e+01,1.000000000000000000e+02
4.900218462944030762e+01,8.800000000000000000e+01,1.010000000000000000e+02
4.900218462944030762e+01,8.800000000000000000e+01,1.020000000000000000e+02
4.900218462944030762e+01,8.800000000000000000e+01,1.030000000000000000e+02
4.900218462944030762e+01,8.800000000000000000e+01,1.040000000000000000e+02
4.900218462944030762e+01,8.800000000000000000e+01,1.050000000000000000e+02
4.900218462944030762e+01,8.800000000000000000e+01,1.060000000000000000e+02
4.900218462944030762e+01,8.800000000000000000e+01,1.070000000000000000e+02
4.900218462944030762e+01,8.800000000000000000e+01,1.080000000000000000e+02
4.900218462944030762e+01,8.900000000000000000e+01,7.000000000000000000e+01
5.000222921371459961e+01,8.900000000000000000e+01,6.950000000000000000e+01
5.000222921371459961e+01,8.850000000000000000e+01,7.000000000000000000e+01
5.000222921371459961e+01,8.850000000000000000e+01,8.400000000000000000e+01
5.000222921371459961e+01,8.850000000000000000e+01,8.500000000000000000e+01
4.900218462944030762e+01,8.900000000000000000e+01,8.500000000000000000e+01
5.000222921371459961e+01,8.900000000000000000e+01,8.550000000000000000e+01
4.900218462944030762e+01,8.900000000000000000e+01,9.700000000000000000e+01
4.900218462944030762e+01,8.900000000000000000e+01,9.800000000000000000e+01
4.900218462944030762e+01,8.900000000000000000e+01,9.900000000000000000e+01
4.900218462944030762e+01,8.900000000000000000e+01,1.000000000000000000e+02
4.900218462944030762e+01,8.900000000000000000e+01,1.010000000000000000e+02
4.900218462944030762e+01,8.900000000000000000e+01,1.020000000000000000e+02
4.900218462944030762e+01,8.900000000000000000e+01,1.030000000000000000e+02
4.900218462944030762e+01,8.900000000000000000e+01,1.040000000000000000e+02
4.900218462944030762e+01,8.900000000000000000e+01,1.050000000000000000e+02
4.900218462944030762e+01,8.900000000000000000e+01,1.060000000000000000e+02
4.900218462944030762e+01,8.900000000000000000e+01,1.070000000000000000e+02
4.900218462944030762e+01,8.900000000000000000e+01,1.080000000000000000e+02
4.900218462944030762e+01,8.900000000000000000e+01,1.090000000000000000e+02
4.900218462944030762e+01,9.000000000000000000e+01,6.900000000000000000e+01
5.000222921371459961e+01,9.000000000000000000e+01,6.950000000000000000e+01
5.000222921371459961e+01,8.950000000000000000e+01,8.600000000000000000e+01
4.900218462944030762e+01,9.000000000000000000e+01,8.600000000000000000e+01
5.000222921371459961e+01,8.950000000000000000e+01,8.700000000000000000e+01
4.900218462944030762e+01,9.000000000000000000e+01,8.700000000000000000e+01
5.000222921371459961e+01,9.000000000000000000e+01,8.750000000000000000e+01
4.900218462944030762e+01,9.000000000000000000e+01,9.600000000000000000e+01
4.900218462944030762e+01,9.000000000000000000e+01,9.700000000000000000e+01
4.900218462944030762e+01,9.000000000000000000e+01,9.800000000000000000e+01
4.900218462944030762e+01,9.000000000000000000e+01,9.900000000000000000e+01
4.900218462944030762e+01,9.000000000000000000e+01,1.000000000000000000e+02
4.900218462944030762e+01,9.000000000000000000e+01,1.010000000000000000e+02
4.900218462944030762e+01,9.000000000000000000e+01,1.020000000000000000e+02
4.900218462944030762e+01,9.000000000000000000e+01,1.030000000000000000e+02
4.900218462944030762e+01,9.000000000000000000e+01,1.040000000000000000e+02
4.900218462944030762e+01,9.000000000000000000e+01,1.050000000000000000e+02
4.900218462944030762e+01,9.000000000000000000e+01,1.060000000000000000e+02
4.900218462944030762e+01,9.000000000000000000e+01,1.070000000000000000e+02
4.900218462944030762e+01,9.000000000000000000e+01,1.080000000000000000e+02
4.900218462944030762e+01,9.000000000000000000e+01,1.090000000000000000e+02
4.900218462944030762e+01,9.000000000000000000e+01,1.100000000000000000e+02
4.900218462944030762e+01,9.100000000000000000e+01,6.800000000000000000e+01
5.000222921371459961e+01,9.100000000000000000e+01,6.850000000000000000e+01
5.000222921371459961e+01,9.050000000000000000e+01,6.900000000000000000e+01
5.000222921371459961e+01,9.050000000000000000e+01,8.800000000000000000e+01
4.900218462944030762e+01,9.100000000000000000e+01,8.800000000000000000e+01
5.000222921371459961e+01,9.050000000000000000e+01,8.900000000000000000e+01
4.900218462944030762e+01,9.100000000000000000e+01,8.900000000000000000e+01
5.000222921371459961e+01,9.050000000000000000e+01,9.000000000000000000e+01
4.900218462944030762e+01,9.100000000000000000e+01,9.000000000000000000e+01
5.000222921371459961e+01,9.050000000000000000e+01,9.100000000000000000e+01
4.900218462944030762e+01,9.100000000000000000e+01,9.100000000000000000e+01
5.000222921371459961e+01,9.050000000000000000e+01,9.200000000000000000e+01
4.900218462944030762e+01,9.100000000000000000e+01,9.200000000000000000e+01
5.000222921371459961e+01,9.100000000000000000e+01,9.250000000000000000e+01
4.900218462944030762e+01,9.100000000000000000e+01,9.400000000000000000e+01
4.900218462944030762e+01,9.100000000000000000e+01,9.500000000000000000e+01
4.900218462944030762e+01,9.100000000000000000e+01,9.600000000000000000e+01
5.000222921371459961e+01,9.100000000000000000e+01,9.650000000000000000e+01
5.000222921371459961e+01,9.050000000000000000e+01,9.700000000000000000e+01
5.000222921371459961e+01,9.050000000000000000e+01,9.800000000000000000e+01
5.000222921371459961e+01,9.050000000000000000e+01,9.900000000000000000e+01
5.000222921371459961e+01,9.050000000000000000e+01,1.000000000000000000e+02
5.000222921371459961e+01,9.050000000000000000e+01,1.010000000000000000e+02
5.000222921371459961e+01,9.050000000000000000e+01,1.020000000000000000e+02
5.000222921371459961e+01,9.050000000000000000e+01,1.030000000000000000e+02
5.000222921371459961e+01,9.050000000000000000e+01,1.040000000000000000e+02
5.000222921371459961e+01,9.100000000000000000e+01,1.045000000000000000e+02
4.900218462944030762e+01,9.100000000000000000e+01,1.050000000000000000e+02
4.900218462944030762e+01,9.100000000000000000e+01,1.060000000000000000e+02
4.900218462944030762e+01,9.100000000000000000e+01,1.070000000000000000e+02
4.900218462944030762e+01,9.100000000000000000e+01,1.080000000000000000e+02
4.900218462944030762e+01,9.100000000000000000e+01,1.090000000000000000e+02
4.900218462944030762e+01,9.100000000000000000e+01,1.100000000000000000e+02
4.900218462944030762e+01,9.200000000000000000e+01,6.700000000000000000e+01
5.000222921371459961e+01,9.200000000000000000e+01,6.750000000000000000e+01
5.000222921371459961e+01,9.150000000000000000e+01,6.800000000000000000e+01
5.000222921371459961e+01,9.150000000000000000e+01,9.300000000000000000e+01
5.000222921371459961e+01,9.150000000000000000e+01,9.400000000000000000e+01
5.000222921371459961e+01,9.150000000000000000e+01,9.500000000000000000e+01
5.000222921371459961e+01,9.150000000000000000e+01,9.600000000000000000e+01
5.000222921371459961e+01,9.150000000000000000e+01,1.050000000000000000e+02
5.000222921371459961e+01,9.150000000000000000e+01,1.060000000000000000e+02
5.000222921371459961e+01,9.150000000000000000e+01,1.070000000000000000e+02
5.000222921371459961e+01,9.150000000000000000e+01,1.080000000000000000e+02
5.000222921371459961e+01,9.150000000000000000e+01,1.090000000000000000e+02
5.000222921371459961e+01,9.150000000000000000e+01,1.100000000000000000e+02
5.000222921371459961e+01,9.200000000000000000e+01,1.105000000000000000e+02
4.900218462944030762e+01,9.300000000000000000e+01,6.700000000000000000e+01
5.000222921371459961e+01,9.250000000000000000e+01,6.800000000000000000e+01
4.900218462944030762e+01,9.300000000000000000e+01,6.800000000000000000e+01
4.900218462944030762e+01,9.300000000000000000e+01,6.900000000000000000e+01
5.000222921371459961e+01,9.250000000000000000e+01,6.900000000000000000e+01
5.000222921371459961e+01,9.300000000000000000e+01,6.950000000000000000e+01
5.000222921371459961e+01,9.300000000000000000e+01,1.105000000000000000e+02
4.900218462944030762e+01,9.400000000000000000e+01,6.700000000000000000e+01
5.000222921371459961e+01,9.400000000000000000e+01,6.750000000000000000e+01
5.000222921371459961e+01,9.350000000000000000e+01,6.800000000000000000e+01
5.000222921371459961e+01,9.350000000000000000e+01,6.900000000000000000e+01
5.000222921371459961e+01,9.400000000000000000e+01,1.105000000000000000e+02
4.900218462944030762e+01,9.500000000000000000e+01,6.800000000000000000e+01
5.000222921371459961e+01,9.450000000000000000e+01,6.800000000000000000e+01
4.900218462944030762e+01,9.500000000000000000e+01,6.900000000000000000e+01
5.000222921371459961e+01,9.450000000000000000e+01,6.900000000000000000e+01
4.900218462944030762e+01,9.500000000000000000e+01,7.000000000000000000e+01
5.000222921371459961e+01,9.450000000000000000e+01,7.000000000000000000e+01
4.900218462944030762e+01,9.500000000000000000e+01,7.100000000000000000e+01
5.000222921371459961e+01,9.450000000000000000e+01,7.100000000000000000e+01
4.900218462944030762e+01,9.500000000000000000e+01,7.200000000000000000e+01
5.000222921371459961e+01,9.450000000000000000e+01,7.200000000000000000e+01
5.000222921371459961e+01,9.500000000000000000e+01,7.250000000000000000e+01
4.900218462944030762e+01,9.500000000000000000e+01,1.100000000000000000e+02
5.000222921371459961e+01,9.500000000000000000e+01,1.105000000000000000e+02
5.000222921371459961e+01,9.550000000000000000e+01,7.300000000000000000e+01
5.000222921371459961e+01,9.550000000000000000e+01,7.400000000000000000e+01
5.000222921371459961e+01,9.550000000000000000e+01,7.500000000000000000e+01
5.000222921371459961e+01,9.550000000000000000e+01,7.600000000000000000e+01
5.000222921371459961e+01,9.550000000000000000e+01,7.700000000000000000e+01
5.000222921371459961e+01,9.600000000000000000e+01,7.750000000000000000e+01
4.900218462944030762e+01,9.600000000000000000e+01,1.080000000000000000e+02
4.900218462944030762e+01,9.600000000000000000e+01,1.090000000000000000e+02
5.000222921371459961e+01,9.600000000000000000e+01,1.095000000000000000e+02
5.000222921371459961e+01,9.550000000000000000e+01,1.100000000000000000e+02
5.000222921371459961e+01,9.650000000000000000e+01,7.800000000000000000e+01
5.000222921371459961e+01,9.650000000000000000e+01,7.900000000000000000e+01
5.000222921371459961e+01,9.650000000000000000e+01,8.000000000000000000e+01
5.000222921371459961e+01,9.650000000000000000e+01,8.100000000000000000e+01
4.900218462944030762e+01,9.700000000000000000e+01,8.200000000000000000e+01
5.000222921371459961e+01,9.650000000000000000e+01,8.200000000000000000e+01
5.000222921371459961e+01,9.700000000000000000e+01,8.250000000000000000e+01
4.900218462944030762e+01,9.700000000000000000e+01,1.070000000000000000e+02
4.900218462944030762e+01,9.700000000000000000e+01,1.080000000000000000e+02
5.000222921371459961e+01,9.700000000000000000e+01,1.085000000000000000e+02
5.000222921371459961e+01,9.650000000000000000e+01,1.090000000000000000e+02
5.000222921371459961e+01,9.750000000000000000e+01,8.300000000000000000e+01
5.000222921371459961e+01,9.750000000000000000e+01,8.400000000000000000e+01
5.000222921371459961e+01,9.750000000000000000e+01,8.500000000000000000e+01
4.900218462944030762e+01,9.800000000000000000e+01,8.600000000000000000e+01
5.000222921371459961e+01,9.800000000000000000e+01,8.550000000000000000e+01
4.900218462944030762e+01,9.800000000000000000e+01,8.700000000000000000e+01
4.900218462944030762e+01,9.800000000000000000e+01,1.060000000000000000e+02
5.000222921371459961e+01,9.800000000000000000e+01,1.065000000000000000e+02
5.000222921371459961e+01,9.750000000000000000e+01,1.070000000000000000e+02
5.000222921371459961e+01,9.750000000000000000e+01,1.080000000000000000e+02
5.000222921371459961e+01,9.850000000000000000e+01,8.600000000000000000e+01
5.000222921371459961e+01,9.850000000000000000e+01,8.700000000000000000e+01
4.900218462944030762e+01,9.900000000000000000e+01,8.800000000000000000e+01
5.000222921371459961e+01,9.900000000000000000e+01,8.750000000000000000e+01
4.900218462944030762e+01,9.900000000000000000e+01,1.050000000000000000e+02
5.000222921371459961e+01,9.900000000000000000e+01,1.055000000000000000e+02
5.000222921371459961e+01,9.850000000000000000e+01,1.060000000000000000e+02
5.000222921371459961e+01,9.950000000000000000e+01,8.800000000000000000e+01
5.000222921371459961e+01,1.000000000000000000e+02,8.850000000000000000e+01
4.900218462944030762e+01,1.000000000000000000e+02,1.040000000000000000e+02
5.000222921371459961e+01,1.000000000000000000e+02,1.045000000000000000e+02
5.000222921371459961e+01,9.950000000000000000e+01,1.050000000000000000e+02
4.900218462944030762e+01,1.010000000000000000e+02,8.900000000000000000e+01
5.000222921371459961e+01,1.010000000000000000e+02,8.850000000000000000e+01
5.000222921371459961e+01,1.005000000000000000e+02,1.040000000000000000e+02
5.000222921371459961e+01,1.010000000000000000e+02,1.035000000000000000e+02
5.000222921371459961e+01,1.015000000000000000e+02,8.900000000000000000e+01
5.000222921371459961e+01,1.020000000000000000e+02,8.950000000000000000e+01
5.000222921371459961e+01,1.020000000000000000e+02,1.035000000000000000e+02
5.000222921371459961e+01,1.025000000000000000e+02,9.000000000000000000e+01
5.000222921371459961e+01,1.030000000000000000e+02,9.050000000000000000e+01
4.900218462944030762e+01,1.030000000000000000e+02,1.030000000000000000e+02
5.000222921371459961e+01,1.030000000000000000e+02,1.035000000000000000e+02
5.000222921371459961e+01,1.040000000000000000e+02,9.050000000000000000e+01
4.900218462944030762e+01,1.040000000000000000e+02,1.030000000000000000e+02
5.000222921371459961e+01,1.040000000000000000e+02,1.035000000000000000e+02
5.000222921371459961e+01,1.045000000000000000e+02,9.100000000000000000e+01
4.900218462944030762e+01,1.050000000000000000e+02,9.100000000000000000e+01
5.000222921371459961e+01,1.050000000000000000e+02,9.150000000000000000e+01
4.900218462944030762e+01,1.050000000000000000e+02,1.030000000000000000e+02
5.000222921371459961e+01,1.050000000000000000e+02,1.035000000000000000e+02
5.000222921371459961e+01,1.060000000000000000e+02,9.150000000000000000e+01
4.900218462944030762e+01,1.060000000000000000e+02,1.030000000000000000e+02
5.000222921371459961e+01,1.060000000000000000e+02,1.035000000000000000e+02
5.000222921371459961e+01,1.070000000000000000e+02,9.150000000000000000e+01
4.900218462944030762e+01,1.070000000000000000e+02,1.030000000000000000e+02
5.000222921371459961e+01,1.070000000000000000e+02,1.035000000000000000e+02
5.000222921371459961e+01,1.080000000000000000e+02,9.150000000000000000e+01
4.900218462944030762e+01,1.080000000000000000e+02,1.030000000000000000e+02
5.000222921371459961e+01,1.075000000000000000e+02,1.040000000000000000e+02
4.900218462944030762e+01,1.080000000000000000e+02,1.040000000000000000e+02
5.000222921371459961e+01,1.080000000000000000e+02,1.045000000000000000e+02
5.000222921371459961e+01,1.090000000000000000e+02,9.050000000000000000e+01
5.000222921371459961e+01,1.085000000000000000e+02,9.100000000000000000e+01
4.900218462944030762e+01,1.090000000000000000e+02,1.040000000000000000e+02
5.000222921371459961e+01,1.085000000000000000e+02,1.050000000000000000e+02
4.900218462944030762e+01,1.090000000000000000e+02,1.050000000000000000e+02
5.000222921371459961e+01,1.090000000000000000e+02,1.055000000000000000e+02
5.000222921371459961e+01,1.100000000000000000e+02,9.050000000000000000e+01
4.900218462944030762e+01,1.100000000000000000e+02,1.050000000000000000e+02
5.000222921371459961e+01,1.095000000000000000e+02,1.060000000000000000e+02
4.900218462944030762e+01,1.100000000000000000e+02,1.060000000000000000e+02
5.000222921371459961e+01,1.100000000000000000e+02,1.065000000000000000e+02
4.900218462944030762e+01,1.110000000000000000e+02,9.000000000000000000e+01
5.000222921371459961e+01,1.110000000000000000e+02,8.950000000000000000e+01
5.000222921371459961e+01,1.105000000000000000e+02,9.000000000000000000e+01
4.900218462944030762e+01,1.110000000000000000e+02,1.060000000000000000e+02
5.000222921371459961e+01,1.110000000000000000e+02,1.065000000000000000e+02
4.900218462944030762e+01,1.120000000000000000e+02,8.200000000000000000e+01
5.000222921371459961e+01,1.120000000000000000e+02,8.150000000000000000e+01
5.000222921371459961e+01,1.115000000000000000e+02,8.200000000000000000e+01
5.000222921371459961e+01,1.115000000000000000e+02,8.300000000000000000e+01
4.900218462944030762e+01,1.120000000000000000e+02,8.300000000000000000e+01
5.000222921371459961e+01,1.115000000000000000e+02,8.400000000000000000e+01
4.900218462944030762e+01,1.120000000000000000e+02,8.400000000000000000e+01
5.000222921371459961e+01,1.115000000000000000e+02,8.500000000000000000e+01
4.900218462944030762e+01,1.120000000000000000e+02,8.500000000000000000e+01
5.000222921371459961e+01,1.120000000000000000e+02,8.550000000000000000e+01
4.900218462944030762e+01,1.120000000000000000e+02,8.900000000000000000e+01
5.000222921371459961e+01,1.120000000000000000e+02,8.850000000000000000e+01
5.000222921371459961e+01,1.115000000000000000e+02,8.900000000000000000e+01
5.000222921371459961e+01,1.120000000000000000e+02,1.065000000000000000e+02
4.900218462944030762e+01,1.130000000000000000e+02,8.100000000000000000e+01
5.000222921371459961e+01,1.130000000000000000e+02,8.050000000000000000e+01
5.000222921371459961e+01,1.125000000000000000e+02,8.100000000000000000e+01
5.000222921371459961e+01,1.125000000000000000e+02,8.600000000000000000e+01
4.900218462944030762e+01,1.130000000000000000e+02,8.600000000000000000e+01
5.000222921371459961e+01,1.125000000000000000e+02,8.700000000000000000e+01
4.900218462944030762e+01,1.130000000000000000e+02,8.700000000000000000e+01
5.000222921371459961e+01,1.125000000000000000e+02,8.800000000000000000e+01
4.900218462944030762e+01,1.130000000000000000e+02,8.800000000000000000e+01
5.000222921371459961e+01,1.125000000000000000e+02,1.070000000000000000e+02
4.900218462944030762e+01,1.130000000000000000e+02,1.070000000000000000e+02
5.000222921371459961e+01,1.130000000000000000e+02,1.075000000000000000e+02
5.000222921371459961e+01,1.140000000000000000e+02,8.050000000000000000e+01
5.000222921371459961e+01,1.135000000000000000e+02,1.070000000000000000e+02
5.000222921371459961e+01,1.140000000000000000e+02,1.065000000000000000e+02
5.000222921371459961e+01,1.150000000000000000e+02,8.050000000000000000e+01
5.000222921371459961e+01,1.150000000000000000e+02,1.065000000000000000e+02
5.000222921371459961e+01,1.160000000000000000e+02,8.050000000000000000e+01
5.000222921371459961e+01,1.160000000000000000e+02,1.065000000000000000e+02
5.000222921371459961e+01,1.170000000000000000e+02,8.050000000000000000e+01
5.000222921371459961e+01,1.170000000000000000e+02,1.065000000000000000e+02
5.000222921371459961e+01,1.180000000000000000e+02,8.050000000000000000e+01
5.000222921371459961e+01,1.180000000000000000e+02,1.065000000000000000e+02
5.000222921371459961e+01,1.190000000000000000e+02,8.050000000000000000e+01
5.000222921371459961e+01,1.190000000000000000e+02,1.065000000000000000e+02
5.000222921371459961e+01,1.200000000000000000e+02,8.050000000000000000e+01
5.000222921371459961e+01,1.200000000000000000e+02,1.065000000000000000e+02
5.000222921371459961e+01,1.210000000000000000e+02,8.050000000000000000e+01
5.000222921371459961e+01,1.210000000000000000e+02,1.065000000000000000e+02
5.000222921371459961e+01,1.220000000000000000e+02,8.050000000000000000e+01
5.000222921371459961e+01,1.220000000000000000e+02,1.065000000000000000e+02
5.000222921371459961e+01,1.230000000000000000e+02,8.050000000000000000e+01
5.000222921371459961e+01,1.225000000000000000e+02,1.070000000000000000e+02
4.900218462944030762e+01,1.230000000000000000e+02,1.070000000000000000e+02
5.000222921371459961e+01,1.230000000000000000e+02,1.075000000000000000e+02
5.000222921371459961e+01,1.240000000000000000e+02,8.050000000000000000e+01
4.900218462944030762e+01,1.240000000000000000e+02,9.400000000000000000e+01
4.900218462944030762e+01,1.240000000000000000e+02,9.500000000000000000e+01
4.900218462944030762e+01,1.240000000000000000e+02,1.070000000000000000e+02
5.000222921371459961e+01,1.240000000000000000e+02,1.075000000000000000e+02
5.000222921371459961e+01,1.250000000000000000e+02,8.050000000000000000e+01
4.900218462944030762e+01,1.250000000000000000e+02,9.300000000000000000e+01
4.900218462944030762e+01,1.250000000000000000e+02,9.400000000000000000e+01
4.900218462944030762e+01,1.250000000000000000e+02,9.500000000000000000e+01
4.900218462944030762e+01,1.250000000000000000e+02,9.600000000000000000e+01
4.900218462944030762e+01,1.250000000000000000e+02,9.700000000000000000e+01
4.900218462944030762e+01,1.250000000000000000e+02,1.070000000000000000e+02
5.000222921371459961e+01,1.250000000000000000e+02,1.075000000000000000e+02
5.000222921371459961e+01,1.260000000000000000e+02,8.050000000000000000e+01
4.900218462944030762e+01,1.260000000000000000e+02,9.200000000000000000e+01
4.900218462944030762e+01,1.260000000000000000e+02,9.300000000000000000e+01
4.900218462944030762e+01,1.260000000000000000e+02,9.400000000000000000e+01
4.900218462944030762e+01,1.260000000000000000e+02,9.500000000000000000e+01
4.900218462944030762e+01,1.260000000000000000e+02,9.600000000000000000e+01
4.900218462944030762e+01,1.260000000000000000e+02,9.700000000000000000e+01
4.900218462944030762e+01,1.260000000000000000e+02,9.800000000000000000e+01
4.900218462944030762e+01,1.260000000000000000e+02,1.070000000000000000e+02
5.000222921371459961e+01,1.260000000000000000e+02,1.075000000000000000e+02
5.000222921371459961e+01,1.270000000000000000e+02,8.050000000000000000e+01
4.900218462944030762e+01,1.270000000000000000e+02,9.100000000000000000e+01
4.900218462944030762e+01,1.270000000000000000e+02,9.200000000000000000e+01
4.900218462944030762e+01,1.270000000000000000e+02,9.300000000000000000e+01
4.900218462944030762e+01,1.270000000000000000e+02,9.400000000000000000e+01
4.900218462944030762e+01,1.270000000000000000e+02,9.500000000000000000e+01
4.900218462944030762e+01,1.270000000000000000e+02,9.600000000000000000e+01
4.900218462944030762e+01,1.270000000000000000e+02,9.700000000000000000e+01
4.900218462944030762e+01,1.270000000000000000e+02,9.800000000000000000e+01
4.900218462944030762e+01,1.270000000000000000e+02,9.900000000000000000e+01
4.900218462944030762e+01,1.270000000000000000e+02,1.070000000000000000e+02
5.000222921371459961e+01,1.270000000000000000e+02,1.075000000000000000e+02
5.000222921371459961e+01,1.280000000000000000e+02,8.050000000000000000e+01
4.900218462944030762e+01,1.280000000000000000e+02,9.100000000000000000e+01
4.900218462944030762e+01,1.280000000000000000e+02,9.200000000000000000e+01
4.900218462944030762e+01,1.280000000000000000e+02,9.300000000000000000e+01
4.900218462944030762e+01,1.280000000000000000e+02,9.400000000000000000e+01
4.900218462944030762e+01,1.280000000000000000e+02,9.500000000000000000e+01
4.900218462944030762e+01,1.280000000000000000e+02,9.600000000000000000e+01
4.900218462944030762e+01,1.280000000000000000e+02,9.700000000000000000e+01
4.900218462944030762e+01,1.280000000000000000e+02,9.800000000000000000e+01
4.900218462944030762e+01,1.280000000000000000e+02,9.900000000000000000e+01
4.900218462944030762e+01,1.280000000000000000e+02,1.000000000000000000e+02
4.900218462944030762e+01,1.280000000000000000e+02,1.070000000000000000e+02
5.000222921371459961e+01,1.280000000000000000e+02,1.075000000000000000e+02
5.000222921371459961e+01,1.290000000000000000e+02,8.050000000000000000e+01
4.900218462944030762e+01,1.290000000000000000e+02,9.000000000000000000e+01
4.900218462944030762e+01,1.290000000000000000e+02,9.100000000000000000e+01
4.900218462944030762e+01,1.290000000000000000e+02,9.200000000000000000e+01
4.900218462944030762e+01,1.290000000000000000e+02,9.300000000000000000e+01
4.900218462944030762e+01,1.290000000000000000e+02,9.400000000000000000e+01
4.900218462944030762e+01,1.290000000000000000e+02,9.500000000000000000e+01
4.900218462944030762e+01,1.290000000000000000e+02,9.600000000000000000e+01
4.900218462944030762e+01,1.290000000000000000e+02,9.700000000000000000e+01
4.900218462944030762e+01,1.290000000000000000e+02,9.800000000000000000e+01
4.900218462944030762e+01,1.290000000000000000e+02,9.900000000000000000e+01
4.900218462944030762e+01,1.290000000000000000e+02,1.000000000000000000e+02
4.900218462944030762e+01,1.290000000000000000e+02,1.010000000000000000e+02
4.900218462944030762e+01,1.290000000000000000e+02,1.020000000000000000e+02
4.900218462944030762e+01,1.290000000000000000e+02,1.070000000000000000e+02
5.000222921371459961e+01,1.290000000000000000e+02,1.075000000000000000e+02
5.000222921371459961e+01,1.300000000000000000e+02,8.050000000000000000e+01
4.900218462944030762e+01,1.300000000000000000e+02,9.000000000000000000e+01
4.900218462944030762e+01,1.300000000000000000e+02,9.100000000000000000e+01
4.900218462944030762e+01,1.300000000000000000e+02,9.200000000000000000e+01
4.900218462944030762e+01,1.300000000000000000e+02,9.300000000000000000e+01
4.900218462944030762e+01,1.300000000000000000e+02,9.400000000000000000e+01
5.000222921371459961e+01,1.300000000000000000e+02,9.450000000000000000e+01
5.000222921371459961e+01,1.295000000000000000e+02,9.500000000000000000e+01
5.000222921371459961e+01,1.295000000000000000e+02,9.600000000000000000e+01
5.000222921371459961e+01,1.295000000000000000e+02,9.700000000000000000e+01
4.900218462944030762e+01,1.300000000000000000e+02,9.800000000000000000e+01
5.000222921371459961e+01,1.300000000000000000e+02,9.750000000000000000e+01
4.900218462944030762e+01,1.300000000000000000e+02,9.900000000000000000e+01
4.900218462944030762e+01,1.300000000000000000e+02,1.000000000000000000e+02
4.900218462944030762e+01,1.300000000000000000e+02,1.010000000000000000e+02
4.900218462944030762e+01,1.300000000000000000e+02,1.020000000000000000e+02
4.900218462944030762e+01,1.300000000000000000e+02,1.030000000000000000e+02
4.900218462944030762e+01,1.300000000000000000e+02,1.070000000000000000e+02
5.000222921371459961e+01,1.300000000000000000e+02,1.075000000000000000e+02
4.900218462944030762e+01,1.310000000000000000e+02,8.100000000000000000e+01
5.000222921371459961e+01,1.310000000000000000e+02,8.050000000000000000e+01
4.900218462944030762e+01,1.310000000000000000e+02,8.900000000000000000e+01
4.900218462944030762e+01,1.310000000000000000e+02,9.000000000000000000e+01
4.900218462944030762e+01,1.310000000000000000e+02,9.100000000000000000e+01
4.900218462944030762e+01,1.310000000000000000e+02,9.200000000000000000e+01
4.900218462944030762e+01,1.310000000000000000e+02,9.300000000000000000e+01
5.000222921371459961e+01,1.310000000000000000e+02,9.350000000000000000e+01
5.000222921371459961e+01,1.305000000000000000e+02,9.400000000000000000e+01
5.000222921371459961e+01,1.305000000000000000e+02,9.800000000000000000e+01
5.000222921371459961e+01,1.305000000000000000e+02,9.900000000000000000e+01
4.900218462944030762e+01,1.310000000000000000e+02,1.000000000000000000e+02
5.000222921371459961e+01,1.310000000000000000e+02,9.950000000000000000e+01
4.900218462944030762e+01,1.310000000000000000e+02,1.010000000000000000e+02
4.900218462944030762e+01,1.310000000000000000e+02,1.020000000000000000e+02
4.900218462944030762e+01,1.310000000000000000e+02,1.030000000000000000e+02
4.900218462944030762e+01,1.310000000000000000e+02,1.040000000000000000e+02
4.900218462944030762e+01,1.310000000000000000e+02,1.060000000000000000e+02
4.900218462944030762e+01,1.310000000000000000e+02,1.070000000000000000e+02
5.000222921371459961e+01,1.310000000000000000e+02,1.075000000000000000e+02
4.900218462944030762e+01,1.320000000000000000e+02,8.100000000000000000e+01
5.000222921371459961e+01,1.320000000000000000e+02,8.050000000000000000e+01
4.900218462944030762e+01,1.320000000000000000e+02,8.800000000000000000e+01
4.900218462944030762e+01,1.320000000000000000e+02,8.900000000000000000e+01
4.900218462944030762e+01,1.320000000000000000e+02,9.000000000000000000e+01
4.900218462944030762e+01,1.320000000000000000e+02,9.100000000000000000e+01
4.900218462944030762e+01,1.320000000000000000e+02,9.200000000000000000e+01
5.000222921371459961e+01,1.320000000000000000e+02,9.250000000000000000e+01
5.000222921371459961e+01,1.315000000000000000e+02,9.300000000000000000e+01
5.000222921371459961e+01,1.315000000000000000e+02,1.000000000000000000e+02
5.000222921371459961e+01,1.315000000000000000e+02,1.010000000000000000e+02
4.900218462944030762e+01,1.320000000000000000e+02,1.020000000000000000e+02
5.000222921371459961e+01,1.320000000000000000e+02,1.015000000000000000e+02
4.900218462944030762e+01,1.320000000000000000e+02,1.030000000000000000e+02
4.900218462944030762e+01,1.320000000000000000e+02,1.040000000000000000e+02
4.900218462944030762e+01,1.320000000000000000e+02,1.050000000000000000e+02
4.900218462944030762e+01,1.320000000000000000e+02,1.060000000000000000e+02
4.900218462944030762e+01,1.320000000000000000e+02,1.070000000000000000e+02
5.000222921371459961e+01,1.320000000000000000e+02,1.075000000000000000e+02
5.000222921371459961e+01,1.325000000000000000e+02,8.100000000000000000e+01
5.000222921371459961e+01,1.330000000000000000e+02,8.150000000000000000e+01
4.900218462944030762e+01,1.330000000000000000e+02,8.800000000000000000e+01
4.900218462944030762e+01,1.330000000000000000e+02,8.900000000000000000e+01
4.900218462944030762e+01,1.330000000000000000e+02,9.000000000000000000e+01
4.900218462944030762e+01,1.330000000000000000e+02,9.100000000000000000e+01
5.000222921371459961e+01,1.330000000000000000e+02,9.150000000000000000e+01
5.000222921371459961e+01,1.325000000000000000e+02,9.200000000000000000e+01
5.000222921371459961e+01,1.325000000000000000e+02,1.020000000000000000e+02
4.900218462944030762e+01,1.330000000000000000e+02,1.030000000000000000e+02
5.000222921371459961e+01,1.330000000000000000e+02,1.025000000000000000e+02
4.900218462944030762e+01,1.330000000000000000e+02,1.040000000000000000e+02
4.900218462944030762e+01,1.330000000000000000e+02,1.050000000000000000e+02
4.900218462944030762e+01,1.330000000000000000e+02,1.060000000000000000e+02
4.900218462944030762e+01,1.330000000000000000e+02,1.070000000000000000e+02
5.000222921371459961e+01,1.330000000000000000e+02,1.075000000000000000e+02
5.000222921371459961e+01,1.340000000000000000e+02,8.150000000000000000e+01
4.900218462944030762e+01,1.340000000000000000e+02,8.700000000000000000e+01
4.900218462944030762e+01,1.340000000000000000e+02,8.800000000000000000e+01
4.900218462944030762e+01,1.340000000000000000e+02,8.900000000000000000e+01
5.000222921371459961e+01,1.340000000000000000e+02,8.950000000000000000e+01
5.000222921371459961e+01,1.335000000000000000e+02,9.000000000000000000e+01
5.000222921371459961e+01,1.335000000000000000e+02,9.100000000000000000e+01
5.000222921371459961e+01,1.335000000000000000e+02,1.030000000000000000e+02
5.000222921371459961e+01,1.335000000000000000e+02,1.040000000000000000e+02
5.000222921371459961e+01,1.335000000000000000e+02,1.050000000000000000e+02
4.900218462944030762e+01,1.340000000000000000e+02,1.060000000000000000e+02
5.000222921371459961e+01,1.340000000000000000e+02,1.055000000000000000e+02
5.000222921371459961e+01,1.340000000000000000e+02,1.065000000000000000e+02
5.000222921371459961e+01,1.335000000000000000e+02,1.070000000000000000e+02
4.900218462944030762e+01,1.350000000000000000e+02,8.200000000000000000e+01
5.000222921371459961e+01,1.350000000000000000e+02,8.150000000000000000e+01
4.900218462944030762e+01,1.350000000000000000e+02,8.700000000000000000e+01
4.900218462944030762e+01,1.350000000000000000e+02,8.800000000000000000e+01
5.000222921371459961e+01,1.350000000000000000e+02,8.850000000000000000e+01
5.000222921371459961e+01,1.345000000000000000e+02,8.900000000000000000e+01
5.000222921371459961e+01,1.345000000000000000e+02,1.060000000000000000e+02
4.900218462944030762e+01,1.360000000000000000e+02,8.200000000000000000e+01
5.000222921371459961e+01,1.360000000000000000e+02,8.150000000000000000e+01
4.900218462944030762e+01,1.360000000000000000e+02,8.600000000000000000e+01
4.900218462944030762e+01,1.360000000000000000e+02,8.700000000000000000e+01
5.000222921371459961e+01,1.360000000000000000e+02,8.750000000000000000e+01
5.000222921371459961e+01,1.355000000000000000e+02,8.800000000000000000e+01
5.000222921371459961e+01,1.365000000000000000e+02,8.200000000000000000e+01
4.900218462944030762e+01,1.370000000000000000e+02,8.300000000000000000e+01
5.000222921371459961e+01,1.370000000000000000e+02,8.250000000000000000e+01
4.900218462944030762e+01,1.370000000000000000e+02,8.400000000000000000e+01
4.900218462944030762e+01,1.370000000000000000e+02,8.500000000000000000e+01
5.000222921371459961e+01,1.370000000000000000e+02,8.550000000000000000e+01
5.000222921371459961e+01,1.365000000000000000e+02,8.600000000000000000e+01
5.000222921371459961e+01,1.365000000000000000e+02,8.700000000000000000e+01
5.000222921371459961e+01,1.375000000000000000e+02,8.300000000000000000e+01
5.000222921371459961e+01,1.375000000000000000e+02,8.400000000000000000e+01
5.000222921371459961e+01,1.375000000000000000e+02,8.500000000000000000e+01
5.100227379798889160e+01,8.500000000000000000e+01,7.400000000000000000e+01
5.200231838226318359e+01,8.500000000000000000e+01,7.350000000000000000e+01
5.200231838226318359e+01,8.450000000000000000e+01,7.400000000000000000e+01
5.200231838226318359e+01,8.450000000000000000e+01,7.500000000000000000e+01
5.100227379798889160e+01,8.500000000000000000e+01,7.500000000000000000e+01
5.200231838226318359e+01,8.450000000000000000e+01,7.600000000000000000e+01
5.100227379798889160e+01,8.500000000000000000e+01,7.600000000000000000e+01
5.200231838226318359e+01,8.450000000000000000e+01,7.700000000000000000e+01
5.100227379798889160e+01,8.500000000000000000e+01,7.700000000000000000e+01
5.200231838226318359e+01,8.450000000000000000e+01,7.800000000000000000e+01
5.100227379798889160e+01,8.500000000000000000e+01,7.800000000000000000e+01
5.200231838226318359e+01,8.500000000000000000e+01,7.850000000000000000e+01
5.100227379798889160e+01,8.600000000000000000e+01,7.200000000000000000e+01
5.200231838226318359e+01,8.600000000000000000e+01,7.150000000000000000e+01
5.200231838226318359e+01,8.550000000000000000e+01,7.200000000000000000e+01
5.200231838226318359e+01,8.550000000000000000e+01,7.300000000000000000e+01
5.200231838226318359e+01,8.550000000000000000e+01,7.900000000000000000e+01
5.200231838226318359e+01,8.550000000000000000e+01,8.000000000000000000e+01
5.100227379798889160e+01,8.600000000000000000e+01,8.000000000000000000e+01
5.200231838226318359e+01,8.600000000000000000e+01,8.050000000000000000e+01
5.100227379798889160e+01,8.700000000000000000e+01,7.100000000000000000e+01
5.200231838226318359e+01,8.700000000000000000e+01,7.050000000000000000e+01
5.200231838226318359e+01,8.650000000000000000e+01,7.100000000000000000e+01
5.200231838226318359e+01,8.650000000000000000e+01,8.100000000000000000e+01
5.200231838226318359e+01,8.650000000000000000e+01,8.200000000000000000e+01
5.100227379798889160e+01,8.700000000000000000e+01,8.200000000000000000e+01
5.200231838226318359e+01,8.700000000000000000e+01,8.250000000000000000e+01
5.200231838226318359e+01,8.800000000000000000e+01,7.050000000000000000e+01
5.200231838226318359e+01,8.750000000000000000e+01,8.300000000000000000e+01
5.200231838226318359e+01,8.800000000000000000e+01,8.350000000000000000e+01
5.200231838226318359e+01,8.900000000000000000e+01,6.950000000000000000e+01
5.200231838226318359e+01,8.850000000000000000e+01,7.000000000000000000e+01
5.200231838226318359e+01,8.850000000000000000e+01,8.400000000000000000e+01
5.200231838226318359e+01,8.850000000000000000e+01,8.500000000000000000e+01
5.200231838226318359e+01,8.850000000000000000e+01,8.600000000000000000e+01
5.100227379798889160e+01,8.900000000000000000e+01,8.600000000000000000e+01
5.200231838226318359e+01,8.900000000000000000e+01,8.650000000000000000e+01
5.200231838226318359e+01,9.000000000000000000e+01,6.950000000000000000e+01
5.200231838226318359e+01,8.950000000000000000e+01,8.700000000000000000e+01
5.200231838226318359e+01,8.950000000000000000e+01,8.800000000000000000e+01
5.100227379798889160e+01,9.000000000000000000e+01,8.800000000000000000e+01
5.200231838226318359e+01,9.000000000000000000e+01,8.850000000000000000e+01
5.200231838226318359e+01,9.100000000000000000e+01,6.850000000000000000e+01
5.200231838226318359e+01,9.050000000000000000e+01,6.900000000000000000e+01
5.200231838226318359e+01,9.050000000000000000e+01,8.900000000000000000e+01
5.200231838226318359e+01,9.050000000000000000e+01,9.000000000000000000e+01
5.200231838226318359e+01,9.050000000000000000e+01,9.100000000000000000e+01
5.100227379798889160e+01,9.100000000000000000e+01,9.200000000000000000e+01
5.200231838226318359e+01,9.100000000000000000e+01,9.150000000000000000e+01
5.100227379798889160e+01,9.100000000000000000e+01,9.700000000000000000e+01
5.100227379798889160e+01,9.100000000000000000e+01,9.800000000000000000e+01
5.100227379798889160e+01,9.100000000000000000e+01,9.900000000000000000e+01
5.100227379798889160e+01,9.100000000000000000e+01,1.000000000000000000e+02
5.100227379798889160e+01,9.100000000000000000e+01,1.010000000000000000e+02
5.100227379798889160e+01,9.100000000000000000e+01,1.020000000000000000e+02
5.100227379798889160e+01,9.100000000000000000e+01,1.030000000000000000e+02
5.200231838226318359e+01,9.100000000000000000e+01,1.035000000000000000e+02
5.200231838226318359e+01,9.050000000000000000e+01,1.040000000000000000e+02
5.200231838226318359e+01,9.050000000000000000e+01,1.050000000000000000e+02
5.100227379798889160e+01,9.100000000000000000e+01,1.050000000000000000e+02
5.200231838226318359e+01,9.050000000000000000e+01,1.060000000000000000e+02
5.100227379798889160e+01,9.100000000000000000e+01,1.060000000000000000e+02
5.200231838226318359e+01,9.050000000000000000e+01,1.070000000000000000e+02
5.100227379798889160e+01,9.100000000000000000e+01,1.070000000000000000e+02
5.200231838226318359e+01,9.050000000000000000e+01,1.080000000000000000e+02
5.100227379798889160e+01,9.100000000000000000e+01,1.080000000000000000e+02
5.200231838226318359e+01,9.100000000000000000e+01,1.085000000000000000e+02
5.100227379798889160e+01,9.200000000000000000e+01,6.800000000000000000e+01
5.200231838226318359e+01,9.200000000000000000e+01,6.850000000000000000e+01
5.200231838226318359e+01,9.150000000000000000e+01,9.200000000000000000e+01
5.200231838226318359e+01,9.150000000000000000e+01,9.300000000000000000e+01
5.100227379798889160e+01,9.200000000000000000e+01,9.400000000000000000e+01
5.200231838226318359e+01,9.200000000000000000e+01,9.350000000000000000e+01
5.100227379798889160e+01,9.200000000000000000e+01,9.500000000000000000e+01
5.100227379798889160e+01,9.200000000000000000e+01,9.600000000000000000e+01
5.100227379798889160e+01,9.200000000000000000e+01,9.700000000000000000e+01
5.200231838226318359e+01,9.200000000000000000e+01,9.750000000000000000e+01
5.200231838226318359e+01,9.150000000000000000e+01,9.800000000000000000e+01
5.200231838226318359e+01,9.150000000000000000e+01,9.900000000000000000e+01
5.200231838226318359e+01,9.150000000000000000e+01,1.000000000000000000e+02
5.200231838226318359e+01,9.150000000000000000e+01,1.010000000000000000e+02
5.200231838226318359e+01,9.150000000000000000e+01,1.020000000000000000e+02
5.200231838226318359e+01,9.150000000000000000e+01,1.030000000000000000e+02
5.200231838226318359e+01,9.150000000000000000e+01,1.090000000000000000e+02
5.100227379798889160e+01,9.200000000000000000e+01,1.100000000000000000e+02
5.200231838226318359e+01,9.200000000000000000e+01,1.095000000000000000e+02
5.200231838226318359e+01,9.250000000000000000e+01,6.900000000000000000e+01
5.200231838226318359e+01,9.300000000000000000e+01,6.950000000000000000e+01
5.200231838226318359e+01,9.250000000000000000e+01,9.400000000000000000e+01
5.200231838226318359e+01,9.250000000000000000e+01,9.500000000000000000e+01
5.200231838226318359e+01,9.250000000000000000e+01,9.600000000000000000e+01
5.200231838226318359e+01,9.250000000000000000e+01,9.700000000000000000e+01
5.200231838226318359e+01,9.250000000000000000e+01,1.100000000000000000e+02
5.200231838226318359e+01,9.300000000000000000e+01,1.105000000000000000e+02
5.100227379798889160e+01,9.400000000000000000e+01,6.800000000000000000e+01
5.100227379798889160e+01,9.400000000000000000e+01,6.900000000000000000e+01
5.200231838226318359e+01,9.350000000000000000e+01,7.000000000000000000e+01
5.100227379798889160e+01,9.400000000000000000e+01,7.000000000000000000e+01
5.200231838226318359e+01,9.400000000000000000e+01,7.050000000000000000e+01
5.200231838226318359e+01,9.400000000000000000e+01,1.105000000000000000e+02
5.200231838226318359e+01,9.450000000000000000e+01,7.100000000000000000e+01
5.200231838226318359e+01,9.450000000000000000e+01,7.200000000000000000e+01
5.200231838226318359e+01,9.500000000000000000e+01,7.250000000000000000e+01
5.200231838226318359e+01,9.500000000000000000e+01,1.105000000000000000e+02
5.200231838226318359e+01,9.550000000000000000e+01,7.300000000000000000e+01
5.200231838226318359e+01,9.550000000000000000e+01,7.400000000000000000e+01
5.200231838226318359e+01,9.550000000000000000e+01,7.500000000000000000e+01
5.200231838226318359e+01,9.550000000000000000e+01,7.600000000000000000e+01
5.100227379798889160e+01,9.600000000000000000e+01,7.700000000000000000e+01
5.200231838226318359e+01,9.600000000000000000e+01,7.650000000000000000e+01
5.200231838226318359e+01,9.550000000000000000e+01,1.100000000000000000e+02
5.200231838226318359e+01,9.600000000000000000e+01,1.095000000000000000e+02
5.200231838226318359e+01,9.650000000000000000e+01,7.700000000000000000e+01
5.200231838226318359e+01,9.650000000000000000e+01,7.800000000000000000e+01
5.200231838226318359e+01,9.650000000000000000e+01,7.900000000000000000e+01
5.200231838226318359e+01,9.650000000000000000e+01,8.000000000000000000e+01
5.200231838226318359e+01,9.650000000000000000e+01,8.100000000000000000e+01
5.200231838226318359e+01,9.650000000000000000e+01,8.200000000000000000e+01
5.100227379798889160e+01,9.700000000000000000e+01,8.300000000000000000e+01
5.200231838226318359e+01,9.650000000000000000e+01,8.300000000000000000e+01
5.100227379798889160e+01,9.700000000000000000e+01,8.400000000000000000e+01
5.200231838226318359e+01,9.650000000000000000e+01,8.400000000000000000e+01
5.200231838226318359e+01,9.700000000000000000e+01,8.450000000000000000e+01
5.200231838226318359e+01,9.650000000000000000e+01,1.090000000000000000e+02
5.200231838226318359e+01,9.700000000000000000e+01,1.085000000000000000e+02
5.200231838226318359e+01,9.750000000000000000e+01,8.500000000000000000e+01
5.200231838226318359e+01,9.800000000000000000e+01,8.550000000000000000e+01
5.100227379798889160e+01,9.800000000000000000e+01,1.070000000000000000e+02
5.200231838226318359e+01,9.800000000000000000e+01,1.075000000000000000e+02
5.200231838226318359e+01,9.750000000000000000e+01,1.080000000000000000e+02
5.200231838226318359e+01,9.850000000000000000e+01,8.600000000000000000e+01
5.200231838226318359e+01,9.850000000000000000e+01,8.700000000000000000e+01
5.200231838226318359e+01,9.900000000000000000e+01,8.750000000000000000e+01
5.200231838226318359e+01,9.850000000000000000e+01,1.060000000000000000e+02
5.200231838226318359e+01,9.900000000000000000e+01,1.055000000000000000e+02
5.200231838226318359e+01,9.850000000000000000e+01,1.070000000000000000e+02
5.200231838226318359e+01,9.950000000000000000e+01,8.800000000000000000e+01
5.200231838226318359e+01,1.000000000000000000e+02,8.850000000000000000e+01
5.200231838226318359e+01,9.950000000000000000e+01,1.050000000000000000e+02
5.200231838226318359e+01,1.000000000000000000e+02,1.045000000000000000e+02
5.200231838226318359e+01,1.005000000000000000e+02,8.900000000000000000e+01
5.100227379798889160e+01,1.010000000000000000e+02,8.900000000000000000e+01
5.200231838226318359e+01,1.010000000000000000e+02,8.950000000000000000e+01
5.200231838226318359e+01,1.005000000000000000e+02,1.040000000000000000e+02
5.200231838226318359e+01,1.010000000000000000e+02,1.035000000000000000e+02
5.100227379798889160e+01,1.020000000000000000e+02,9.000000000000000000e+01
5.200231838226318359e+01,1.015000000000000000e+02,9.000000000000000000e+01
5.200231838226318359e+01,1.020000000000000000e+02,9.050000000000000000e+01
5.200231838226318359e+01,1.020000000000000000e+02,1.035000000000000000e+02
5.100227379798889160e+01,1.030000000000000000e+02,9.100000000000000000e+01
5.200231838226318359e+01,1.025000000000000000e+02,9.100000000000000000e+01
5.200231838226318359e+01,1.030000000000000000e+02,9.150000000000000000e+01
5.200231838226318359e+01,1.030000000000000000e+02,1.035000000000000000e+02
5.100227379798889160e+01,1.040000000000000000e+02,9.100000000000000000e+01
5.200231838226318359e+01,1.035000000000000000e+02,9.200000000000000000e+01
5.100227379798889160e+01,1.040000000000000000e+02,9.200000000000000000e+01
5.200231838226318359e+01,1.040000000000000000e+02,9.250000000000000000e+01
5.200231838226318359e+01,1.040000000000000000e+02,1.035000000000000000e+02
5.100227379798889160e+01,1.050000000000000000e+02,9.200000000000000000e+01
5.200231838226318359e+01,1.050000000000000000e+02,9.250000000000000000e+01
5.200231838226318359e+01,1.050000000000000000e+02,1.035000000000000000e+02
5.100227379798889160e+01,1.060000000000000000e+02,9.200000000000000000e+01
5.200231838226318359e+01,1.060000000000000000e+02,9.250000000000000000e+01
5.200231838226318359e+01,1.055000000000000000e+02,1.040000000000000000e+02
5.100227379798889160e+01,1.060000000000000000e+02,1.040000000000000000e+02
5.200231838226318359e+01,1.060000000000000000e+02,1.045000000000000000e+02
5.100227379798889160e+01,1.070000000000000000e+02,9.200000000000000000e+01
5.200231838226318359e+01,1.070000000000000000e+02,9.250000000000000000e+01
5.100227379798889160e+01,1.070000000000000000e+02,1.040000000000000000e+02
5.200231838226318359e+01,1.070000000000000000e+02,1.045000000000000000e+02
5.200231838226318359e+01,1.080000000000000000e+02,9.150000000000000000e+01
5.200231838226318359e+01,1.075000000000000000e+02,9.200000000000000000e+01
5.200231838226318359e+01,1.075000000000000000e+02,1.050000000000000000e+02
5.100227379798889160e+01,1.080000000000000000e+02,1.050000000000000000e+02
5.200231838226318359e+01,1.080000000000000000e+02,1.055000000000000000e+02
5.100227379798889160e+01,1.090000000000000000e+02,9.100000000000000000e+01
5.200231838226318359e+01,1.090000000000000000e+02,9.150000000000000000e+01
5.200231838226318359e+01,1.085000000000000000e+02,1.060000000000000000e+02
5.100227379798889160e+01,1.090000000000000000e+02,1.060000000000000000e+02
5.200231838226318359e+01,1.090000000000000000e+02,1.065000000000000000e+02
5.100227379798889160e+01,1.100000000000000000e+02,9.000000000000000000e+01
5.200231838226318359e+01,1.100000000000000000e+02,8.950000000000000000e+01
5.200231838226318359e+01,1.095000000000000000e+02,9.000000000000000000e+01
5.200231838226318359e+01,1.095000000000000000e+02,9.100000000000000000e+01
5.200231838226318359e+01,1.095000000000000000e+02,1.070000000000000000e+02
5.100227379798889160e+01,1.100000000000000000e+02,1.070000000000000000e+02
5.200231838226318359e+01,1.100000000000000000e+02,1.075000000000000000e+02
5.100227379798889160e+01,1.110000000000000000e+02,8.300000000000000000e+01
5.200231838226318359e+01,1.110000000000000000e+02,8.250000000000000000e+01
5.200231838226318359e+01,1.105000000000000000e+02,8.300000000000000000e+01
5.200231838226318359e+01,1.105000000000000000e+02,8.400000000000000000e+01
5.100227379798889160e+01,1.110000000000000000e+02,8.400000000000000000e+01
5.200231838226318359e+01,1.110000000000000000e+02,8.450000000000000000e+01
5.100227379798889160e+01,1.110000000000000000e+02,8.900000000000000000e+01
5.200231838226318359e+01,1.110000000000000000e+02,8.850000000000000000e+01
5.200231838226318359e+01,1.105000000000000000e+02,8.900000000000000000e+01
5.100227379798889160e+01,1.110000000000000000e+02,1.070000000000000000e+02
5.200231838226318359e+01,1.110000000000000000e+02,1.075000000000000000e+02
5.100227379798889160e+01,1.120000000000000000e+02,8.100000000000000000e+01
5.200231838226318359e+01,1.120000000000000000e+02,8.050000000000000000e+01
5.200231838226318359e+01,1.115000000000000000e+02,8.100000000000000000e+01
5.200231838226318359e+01,1.115000000000000000e+02,8.200000000000000000e+01
5.200231838226318359e+01,1.115000000000000000e+02,8.500000000000000000e+01
5.200231838226318359e+01,1.115000000000000000e+02,8.600000000000000000e+01
5.100227379798889160e+01,1.120000000000000000e+02,8.600000000000000000e+01
5.200231838226318359e+01,1.115000000000000000e+02,8.700000000000000000e+01
5.100227379798889160e+01,1.120000000000000000e+02,8.700000000000000000e+01
5.200231838226318359e+01,1.115000000000000000e+02,8.800000000000000000e+01
5.100227379798889160e+01,1.120000000000000000e+02,8.800000000000000000e+01
5.100227379798889160e+01,1.120000000000000000e+02,1.070000000000000000e+02
5.200231838226318359e+01,1.120000000000000000e+02,1.075000000000000000e+02
5.200231838226318359e+01,1.130000000000000000e+02,8.050000000000000000e+01
5.200231838226318359e+01,1.130000000000000000e+02,1.075000000000000000e+02
5.200231838226318359e+01,1.140000000000000000e+02,8.050000000000000000e+01
5.100227379798889160e+01,1.140000000000000000e+02,1.070000000000000000e+02
5.200231838226318359e+01,1.140000000000000000e+02,1.075000000000000000e+02
5.200231838226318359e+01,1.150000000000000000e+02,8.050000000000000000e+01
5.100227379798889160e+01,1.150000000000000000e+02,1.070000000000000000e+02
5.200231838226318359e+01,1.150000000000000000e+02,1.075000000000000000e+02
5.200231838226318359e+01,1.160000000000000000e+02,8.050000000000000000e+01
5.200231838226318359e+01,1.155000000000000000e+02,1.070000000000000000e+02
5.200231838226318359e+01,1.160000000000000000e+02,1.065000000000000000e+02
5.200231838226318359e+01,1.170000000000000000e+02,8.050000000000000000e+01
5.200231838226318359e+01,1.170000000000000000e+02,1.065000000000000000e+02
5.200231838226318359e+01,1.180000000000000000e+02,8.050000000000000000e+01
5.200231838226318359e+01,1.180000000000000000e+02,1.065000000000000000e+02
5.200231838226318359e+01,1.190000000000000000e+02,8.050000000000000000e+01
5.200231838226318359e+01,1.190000000000000000e+02,1.065000000000000000e+02
5.200231838226318359e+01,1.200000000000000000e+02,8.050000000000000000e+01
5.200231838226318359e+01,1.200000000000000000e+02,1.065000000000000000e+02
5.200231838226318359e+01,1.210000000000000000e+02,8.050000000000000000e+01
5.200231838226318359e+01,1.210000000000000000e+02,1.065000000000000000e+02
5.200231838226318359e+01,1.220000000000000000e+02,8.050000000000000000e+01
5.200231838226318359e+01,1.220000000000000000e+02,1.065000000000000000e+02
5.200231838226318359e+01,1.230000000000000000e+02,8.050000000000000000e+01
5.100227379798889160e+01,1.230000000000000000e+02,1.070000000000000000e+02
5.200231838226318359e+01,1.230000000000000000e+02,1.065000000000000000e+02
5.200231838226318359e+01,1.240000000000000000e+02,8.050000000000000000e+01
5.200231838226318359e+01,1.235000000000000000e+02,1.070000000000000000e+02
5.200231838226318359e+01,1.240000000000000000e+02,1.075000000000000000e+02
5.200231838226318359e+01,1.250000000000000000e+02,8.050000000000000000e+01
5.200231838226318359e+01,1.250000000000000000e+02,1.075000000000000000e+02
5.200231838226318359e+01,1.260000000000000000e+02,8.050000000000000000e+01
5.200231838226318359e+01,1.260000000000000000e+02,1.075000000000000000e+02
5.200231838226318359e+01,1.270000000000000000e+02,8.050000000000000000e+01
5.200231838226318359e+01,1.270000000000000000e+02,1.075000000000000000e+02
5.200231838226318359e+01,1.280000000000000000e+02,8.050000000000000000e+01
5.200231838226318359e+01,1.280000000000000000e+02,1.075000000000000000e+02
5.200231838226318359e+01,1.290000000000000000e+02,8.050000000000000000e+01
5.200231838226318359e+01,1.290000000000000000e+02,1.075000000000000000e+02
5.200231838226318359e+01,1.300000000000000000e+02,8.050000000000000000e+01
5.100227379798889160e+01,1.300000000000000000e+02,9.500000000000000000e+01
5.100227379798889160e+01,1.300000000000000000e+02,9.600000000000000000e+01
5.100227379798889160e+01,1.300000000000000000e+02,9.700000000000000000e+01
5.200231838226318359e+01,1.300000000000000000e+02,1.075000000000000000e+02
5.200231838226318359e+01,1.310000000000000000e+02,8.050000000000000000e+01
5.100227379798889160e+01,1.310000000000000000e+02,9.400000000000000000e+01
5.100227379798889160e+01,1.310000000000000000e+02,9.500000000000000000e+01
5.100227379798889160e+01,1.310000000000000000e+02,9.600000000000000000e+01
5.100227379798889160e+01,1.310000000000000000e+02,9.700000000000000000e+01
5.100227379798889160e+01,1.310000000000000000e+02,9.800000000000000000e+01
5.100227379798889160e+01,1.310000000000000000e+02,9.900000000000000000e+01
5.200231838226318359e+01,1.305000000000000000e+02,1.080000000000000000e+02
5.100227379798889160e+01,1.310000000000000000e+02,1.080000000000000000e+02
5.200231838226318359e+01,1.310000000000000000e+02,1.085000000000000000e+02
5.200231838226318359e+01,1.320000000000000000e+02,8.050000000000000000e+01
5.100227379798889160e+01,1.320000000000000000e+02,9.300000000000000000e+01
5.100227379798889160e+01,1.320000000000000000e+02,9.400000000000000000e+01
5.100227379798889160e+01,1.320000000000000000e+02,9.500000000000000000e+01
5.100227379798889160e+01,1.320000000000000000e+02,9.600000000000000000e+01
5.100227379798889160e+01,1.320000000000000000e+02,9.700000000000000000e+01
5.100227379798889160e+01,1.320000000000000000e+02,9.800000000000000000e+01
5.100227379798889160e+01,1.320000000000000000e+02,9.900000000000000000e+01
5.100227379798889160e+01,1.320000000000000000e+02,1.000000000000000000e+02
5.100227379798889160e+01,1.320000000000000000e+02,1.010000000000000000e+02
5.100227379798889160e+01,1.320000000000000000e+02,1.080000000000000000e+02
5.200231838226318359e+01,1.320000000000000000e+02,1.085000000000000000e+02
5.100227379798889160e+01,1.330000000000000000e+02,8.100000000000000000e+01
5.200231838226318359e+01,1.330000000000000000e+02,8.050000000000000000e+01
5.100227379798889160e+01,1.330000000000000000e+02,9.200000000000000000e+01
5.100227379798889160e+01,1.330000000000000000e+02,9.300000000000000000e+01
5.100227379798889160e+01,1.330000000000000000e+02,9.400000000000000000e+01
5.100227379798889160e+01,1.330000000000000000e+02,9.500000000000000000e+01
5.100227379798889160e+01,1.330000000000000000e+02,9.600000000000000000e+01
5.100227379798889160e+01,1.330000000000000000e+02,9.700000000000000000e+01
5.100227379798889160e+01,1.330000000000000000e+02,9.800000000000000000e+01
5.100227379798889160e+01,1.330000000000000000e+02,9.900000000000000000e+01
5.100227379798889160e+01,1.330000000000000000e+02,1.000000000000000000e+02
5.100227379798889160e+01,1.330000000000000000e+02,1.010000000000000000e+02
5.100227379798889160e+01,1.330000000000000000e+02,1.020000000000000000e+02
5.100227379798889160e+01,1.330000000000000000e+02,1.080000000000000000e+02
5.200231838226318359e+01,1.330000000000000000e+02,1.085000000000000000e+02
5.100227379798889160e+01,1.340000000000000000e+02,8.100000000000000000e+01
5.200231838226318359e+01,1.340000000000000000e+02,8.050000000000000000e+01
5.100227379798889160e+01,1.340000000000000000e+02,9.000000000000000000e+01
5.100227379798889160e+01,1.340000000000000000e+02,9.100000000000000000e+01
5.100227379798889160e+01,1.340000000000000000e+02,9.200000000000000000e+01
5.100227379798889160e+01,1.340000000000000000e+02,9.300000000000000000e+01
5.100227379798889160e+01,1.340000000000000000e+02,9.400000000000000000e+01
5.100227379798889160e+01,1.340000000000000000e+02,9.500000000000000000e+01
5.100227379798889160e+01,1.340000000000000000e+02,9.600000000000000000e+01
5.100227379798889160e+01,1.340000000000000000e+02,9.700000000000000000e+01
5.100227379798889160e+01,1.340000000000000000e+02,9.800000000000000000e+01
5.100227379798889160e+01,1.340000000000000000e+02,9.900000000000000000e+01
5.100227379798889160e+01,1.340000000000000000e+02,1.000000000000000000e+02
5.100227379798889160e+01,1.340000000000000000e+02,1.010000000000000000e+02
5.100227379798889160e+01,1.340000000000000000e+02,1.020000000000000000e+02
5.100227379798889160e+01,1.340000000000000000e+02,1.030000000000000000e+02
5.100227379798889160e+01,1.340000000000000000e+02,1.040000000000000000e+02
5.100227379798889160e+01,1.340000000000000000e+02,1.050000000000000000e+02
5.100227379798889160e+01,1.340000000000000000e+02,1.070000000000000000e+02
5.100227379798889160e+01,1.340000000000000000e+02,1.080000000000000000e+02
5.200231838226318359e+01,1.340000000000000000e+02,1.085000000000000000e+02
5.200231838226318359e+01,1.345000000000000000e+02,8.100000000000000000e+01
5.200231838226318359e+01,1.350000000000000000e+02,8.150000000000000000e+01
5.100227379798889160e+01,1.350000000000000000e+02,8.900000000000000000e+01
5.100227379798889160e+01,1.350000000000000000e+02,9.000000000000000000e+01
5.100227379798889160e+01,1.350000000000000000e+02,9.100000000000000000e+01
5.100227379798889160e+01,1.350000000000000000e+02,9.200000000000000000e+01
5.100227379798889160e+01,1.350000000000000000e+02,9.300000000000000000e+01
5.200231838226318359e+01,1.350000000000000000e+02,9.350000000000000000e+01
5.200231838226318359e+01,1.345000000000000000e+02,9.400000000000000000e+01
5.200231838226318359e+01,1.345000000000000000e+02,9.500000000000000000e+01
5.200231838226318359e+01,1.345000000000000000e+02,9.600000000000000000e+01
5.200231838226318359e+01,1.345000000000000000e+02,9.700000000000000000e+01
5.200231838226318359e+01,1.345000000000000000e+02,9.800000000000000000e+01
5.200231838226318359e+01,1.345000000000000000e+02,9.900000000000000000e+01
5.200231838226318359e+01,1.345000000000000000e+02,1.000000000000000000e+02
5.200231838226318359e+01,1.345000000000000000e+02,1.010000000000000000e+02
5.200231838226318359e+01,1.345000000000000000e+02,1.020000000000000000e+02
5.200231838226318359e+01,1.345000000000000000e+02,1.030000000000000000e+02
5.100227379798889160e+01,1.350000000000000000e+02,1.040000000000000000e+02
5.200231838226318359e+01,1.350000000000000000e+02,1.035000000000000000e+02
5.100227379798889160e+01,1.350000000000000000e+02,1.050000000000000000e+02
5.100227379798889160e+01,1.350000000000000000e+02,1.060000000000000000e+02
5.100227379798889160e+01,1.350000000000000000e+02,1.070000000000000000e+02
5.200231838226318359e+01,1.350000000000000000e+02,1.075000000000000000e+02
5.200231838226318359e+01,1.345000000000000000e+02,1.080000000000000000e+02
5.200231838226318359e+01,1.360000000000000000e+02,8.150000000000000000e+01
5.100227379798889160e+01,1.360000000000000000e+02,8.800000000000000000e+01
5.100227379798889160e+01,1.360000000000000000e+02,8.900000000000000000e+01
5.200231838226318359e+01,1.360000000000000000e+02,8.950000000000000000e+01
5.200231838226318359e+01,1.355000000000000000e+02,9.000000000000000000e+01
5.200231838226318359e+01,1.355000000000000000e+02,9.100000000000000000e+01
5.200231838226318359e+01,1.355000000000000000e+02,9.200000000000000000e+01
5.200231838226318359e+01,1.355000000000000000e+02,9.300000000000000000e+01
5.200231838226318359e+01,1.355000000000000000e+02,1.040000000000000000e+02
5.200231838226318359e+01,1.355000000000000000e+02,1.050000000000000000e+02
5.100227379798889160e+01,1.360000000000000000e+02,1.060000000000000000e+02
5.200231838226318359e+01,1.360000000000000000e+02,1.055000000000000000e+02
5.100227379798889160e+01,1.360000000000000000e+02,1.070000000000000000e+02
5.200231838226318359e+01,1.360000000000000000e+02,1.075000000000000000e+02
5.100227379798889160e+01,1.370000000000000000e+02,8.200000000000000000e+01
5.200231838226318359e+01,1.370000000000000000e+02,8.150000000000000000e+01
5.100227379798889160e+01,1.370000000000000000e+02,8.600000000000000000e+01
5.100227379798889160e+01,1.370000000000000000e+02,8.700000000000000000e+01
5.200231838226318359e+01,1.370000000000000000e+02,8.750000000000000000e+01
5.200231838226318359e+01,1.365000000000000000e+02,8.800000000000000000e+01
5.200231838226318359e+01,1.365000000000000000e+02,8.900000000000000000e+01
5.200231838226318359e+01,1.365000000000000000e+02,1.060000000000000000e+02
5.200231838226318359e+01,1.365000000000000000e+02,1.070000000000000000e+02
5.200231838226318359e+01,1.375000000000000000e+02,8.200000000000000000e+01
5.100227379798889160e+01,1.380000000000000000e+02,8.300000000000000000e+01
5.200231838226318359e+01,1.380000000000000000e+02,8.250000000000000000e+01
5.100227379798889160e+01,1.380000000000000000e+02,8.400000000000000000e+01
5.100227379798889160e+01,1.380000000000000000e+02,8.500000000000000000e+01
5.100227379798889160e+01,1.380000000000000000e+02,8.600000000000000000e+01
5.200231838226318359e+01,1.380000000000000000e+02,8.650000000000000000e+01
5.200231838226318359e+01,1.375000000000000000e+02,8.700000000000000000e+01
5.200231838226318359e+01,1.385000000000000000e+02,8.300000000000000000e+01
5.200231838226318359e+01,1.385000000000000000e+02,8.400000000000000000e+01
5.200231838226318359e+01,1.385000000000000000e+02,8.500000000000000000e+01
5.200231838226318359e+01,1.385000000000000000e+02,8.600000000000000000e+01
5.300236296653747559e+01,8.400000000000000000e+01,7.400000000000000000e+01
5.400240755081176758e+01,8.400000000000000000e+01,7.350000000000000000e+01
5.400240755081176758e+01,8.350000000000000000e+01,7.400000000000000000e+01
5.400240755081176758e+01,8.350000000000000000e+01,7.500000000000000000e+01
5.300236296653747559e+01,8.400000000000000000e+01,7.500000000000000000e+01
5.400240755081176758e+01,8.350000000000000000e+01,7.600000000000000000e+01
5.300236296653747559e+01,8.400000000000000000e+01,7.600000000000000000e+01
5.400240755081176758e+01,8.350000000000000000e+01,7.700000000000000000e+01
5.300236296653747559e+01,8.400000000000000000e+01,7.700000000000000000e+01
5.400240755081176758e+01,8.350000000000000000e+01,7.800000000000000000e+01
5.300236296653747559e+01,8.400000000000000000e+01,7.800000000000000000e+01
5.400240755081176758e+01,8.400000000000000000e+01,7.850000000000000000e+01
5.300236296653747559e+01,8.500000000000000000e+01,7.300000000000000000e+01
5.400240755081176758e+01,8.500000000000000000e+01,7.250000000000000000e+01
5.400240755081176758e+01,8.450000000000000000e+01,7.300000000000000000e+01
5.400240755081176758e+01,8.450000000000000000e+01,7.900000000000000000e+01
5.300236296653747559e+01,8.500000000000000000e+01,7.900000000000000000e+01
5.400240755081176758e+01,8.450000000000000000e+01,8.000000000000000000e+01
5.300236296653747559e+01,8.500000000000000000e+01,8.000000000000000000e+01
5.400240755081176758e+01,8.500000000000000000e+01,8.050000000000000000e+01
5.400240755081176758e+01,8.600000000000000000e+01,7.150000000000000000e+01
5.400240755081176758e+01,8.550000000000000000e+01,7.200000000000000000e+01
5.400240755081176758e+01,8.550000000000000000e+01,8.100000000000000000e+01
5.300236296653747559e+01,8.600000000000000000e+01,8.100000000000000000e+01
5.400240755081176758e+01,8.600000000000000000e+01,8.150000000000000000e+01
5.400240755081176758e+01,8.700000000000000000e+01,7.050000000000000000e+01
5.400240755081176758e+01,8.650000000000000000e+01,7.100000000000000000e+01
5.400240755081176758e+01,8.650000000000000000e+01,8.200000000000000000e+01
5.400240755081176758e+01,8.650000000000000000e+01,8.300000000000000000e+01
5.300236296653747559e+01,8.700000000000000000e+01,8.300000000000000000e+01
5.400240755081176758e+01,8.700000000000000000e+01,8.350000000000000000e+01
5.400240755081176758e+01,8.800000000000000000e+01,7.050000000000000000e+01
5.400240755081176758e+01,8.750000000000000000e+01,8.400000000000000000e+01
5.300236296653747559e+01,8.800000000000000000e+01,8.400000000000000000e+01
5.400240755081176758e+01,8.800000000000000000e+01,8.450000000000000000e+01
5.300236296653747559e+01,8.900000000000000000e+01,7.000000000000000000e+01
5.400240755081176758e+01,8.900000000000000000e+01,7.050000000000000000e+01
5.400240755081176758e+01,8.850000000000000000e+01,8.500000000000000000e+01
5.400240755081176758e+01,8.850000000000000000e+01,8.600000000000000000e+01
5.400240755081176758e+01,8.850000000000000000e+01,8.700000000000000000e+01
5.300236296653747559e+01,8.900000000000000000e+01,8.700000000000000000e+01
5.400240755081176758e+01,8.900000000000000000e+01,8.750000000000000000e+01
5.400240755081176758e+01,9.000000000000000000e+01,6.950000000000000000e+01
5.400240755081176758e+01,8.950000000000000000e+01,7.000000000000000000e+01
5.400240755081176758e+01,8.950000000000000000e+01,8.800000000000000000e+01
5.400240755081176758e+01,9.000000000000000000e+01,8.850000000000000000e+01
5.300236296653747559e+01,9.100000000000000000e+01,6.900000000000000000e+01
5.400240755081176758e+01,9.100000000000000000e+01,6.950000000000000000e+01
5.400240755081176758e+01,9.050000000000000000e+01,8.900000000000000000e+01
5.400240755081176758e+01,9.050000000000000000e+01,9.000000000000000000e+01
5.300236296653747559e+01,9.100000000000000000e+01,9.100000000000000000e+01
5.400240755081176758e+01,9.100000000000000000e+01,9.050000000000000000e+01
5.300236296653747559e+01,9.100000000000000000e+01,1.040000000000000000e+02
5.300236296653747559e+01,9.100000000000000000e+01,1.050000000000000000e+02
5.300236296653747559e+01,9.100000000000000000e+01,1.060000000000000000e+02
5.300236296653747559e+01,9.100000000000000000e+01,1.070000000000000000e+02
5.300236296653747559e+01,9.100000000000000000e+01,1.080000000000000000e+02
5.300236296653747559e+01,9.200000000000000000e+01,6.900000000000000000e+01
5.400240755081176758e+01,9.200000000000000000e+01,6.950000000000000000e+01
5.400240755081176758e+01,9.150000000000000000e+01,9.100000000000000000e+01
5.400240755081176758e+01,9.150000000000000000e+01,9.200000000000000000e+01
5.300236296653747559e+01,9.200000000000000000e+01,9.300000000000000000e+01
5.400240755081176758e+01,9.200000000000000000e+01,9.250000000000000000e+01
5.300236296653747559e+01,9.200000000000000000e+01,9.800000000000000000e+01
5.300236296653747559e+01,9.200000000000000000e+01,9.900000000000000000e+01
5.300236296653747559e+01,9.200000000000000000e+01,1.000000000000000000e+02
5.300236296653747559e+01,9.200000000000000000e+01,1.010000000000000000e+02
5.300236296653747559e+01,9.200000000000000000e+01,1.020000000000000000e+02
5.300236296653747559e+01,9.200000000000000000e+01,1.030000000000000000e+02
5.300236296653747559e+01,9.200000000000000000e+01,1.040000000000000000e+02
5.300236296653747559e+01,9.200000000000000000e+01,1.050000000000000000e+02
5.300236296653747559e+01,9.200000000000000000e+01,1.060000000000000000e+02
5.300236296653747559e+01,9.200000000000000000e+01,1.070000000000000000e+02
5.300236296653747559e+01,9.200000000000000000e+01,1.080000000000000000e+02
5.300236296653747559e+01,9.200000000000000000e+01,1.090000000000000000e+02
5.300236296653747559e+01,9.300000000000000000e+01,7.000000000000000000e+01
5.400240755081176758e+01,9.250000000000000000e+01,7.000000000000000000e+01
5.300236296653747559e+01,9.300000000000000000e+01,7.100000000000000000e+01
5.400240755081176758e+01,9.250000000000000000e+01,7.100000000000000000e+01
5.400240755081176758e+01,9.300000000000000000e+01,7.150000000000000000e+01
5.400240755081176758e+01,9.250000000000000000e+01,9.300000000000000000e+01
5.400240755081176758e+01,9.250000000000000000e+01,9.400000000000000000e+01
5.400240755081176758e+01,9.250000000000000000e+01,9.500000000000000000e+01
5.400240755081176758e+01,9.250000000000000000e+01,9.600000000000000000e+01
5.400240755081176758e+01,9.250000000000000000e+01,9.700000000000000000e+01
5.400240755081176758e+01,9.250000000000000000e+01,9.800000000000000000e+01
5.400240755081176758e+01,9.250000000000000000e+01,9.900000000000000000e+01
5.400240755081176758e+01,9.250000000000000000e+01,1.000000000000000000e+02
5.400240755081176758e+01,9.250000000000000000e+01,1.010000000000000000e+02
5.400240755081176758e+01,9.250000000000000000e+01,1.020000000000000000e+02
5.400240755081176758e+01,9.250000000000000000e+01,1.030000000000000000e+02
5.400240755081176758e+01,9.250000000000000000e+01,1.040000000000000000e+02
5.400240755081176758e+01,9.250000000000000000e+01,1.050000000000000000e+02
5.400240755081176758e+01,9.250000000000000000e+01,1.060000000000000000e+02
5.400240755081176758e+01,9.250000000000000000e+01,1.070000000000000000e+02
5.400240755081176758e+01,9.250000000000000000e+01,1.080000000000000000e+02
5.400240755081176758e+01,9.250000000000000000e+01,1.090000000000000000e+02
5.300236296653747559e+01,9.300000000000000000e+01,1.100000000000000000e+02
5.400240755081176758e+01,9.300000000000000000e+01,1.095000000000000000e+02
5.300236296653747559e+01,9.400000000000000000e+01,7.100000000000000000e+01
5.400240755081176758e+01,9.350000000000000000e+01,7.200000000000000000e+01
5.300236296653747559e+01,9.400000000000000000e+01,7.200000000000000000e+01
5.300236296653747559e+01,9.400000000000000000e+01,7.300000000000000000e+01
5.400240755081176758e+01,9.350000000000000000e+01,7.300000000000000000e+01
5.300236296653747559e+01,9.400000000000000000e+01,7.400000000000000000e+01
5.400240755081176758e+01,9.350000000000000000e+01,7.400000000000000000e+01
5.300236296653747559e+01,9.400000000000000000e+01,7.500000000000000000e+01
5.400240755081176758e+01,9.350000000000000000e+01,7.500000000000000000e+01
5.300236296653747559e+01,9.400000000000000000e+01,7.600000000000000000e+01
5.400240755081176758e+01,9.350000000000000000e+01,7.600000000000000000e+01
5.300236296653747559e+01,9.400000000000000000e+01,7.700000000000000000e+01
5.400240755081176758e+01,9.350000000000000000e+01,7.700000000000000000e+01
5.300236296653747559e+01,9.400000000000000000e+01,7.800000000000000000e+01
5.400240755081176758e+01,9.350000000000000000e+01,7.800000000000000000e+01
5.300236296653747559e+01,9.400000000000000000e+01,7.900000000000000000e+01
5.400240755081176758e+01,9.350000000000000000e+01,7.900000000000000000e+01
5.400240755081176758e+01,9.400000000000000000e+01,7.950000000000000000e+01
5.400240755081176758e+01,9.350000000000000000e+01,1.100000000000000000e+02
5.400240755081176758e+01,9.400000000000000000e+01,1.105000000000000000e+02
5.300236296653747559e+01,9.500000000000000000e+01,7.300000000000000000e+01
5.300236296653747559e+01,9.500000000000000000e+01,7.400000000000000000e+01
5.300236296653747559e+01,9.500000000000000000e+01,7.500000000000000000e+01
5.300236296653747559e+01,9.500000000000000000e+01,7.600000000000000000e+01
5.300236296653747559e+01,9.500000000000000000e+01,7.700000000000000000e+01
5.300236296653747559e+01,9.500000000000000000e+01,7.800000000000000000e+01
5.300236296653747559e+01,9.500000000000000000e+01,7.900000000000000000e+01
5.400240755081176758e+01,9.450000000000000000e+01,8.000000000000000000e+01
5.300236296653747559e+01,9.500000000000000000e+01,8.000000000000000000e+01
5.300236296653747559e+01,9.500000000000000000e+01,8.100000000000000000e+01
5.400240755081176758e+01,9.450000000000000000e+01,8.100000000000000000e+01
5.300236296653747559e+01,9.500000000000000000e+01,8.200000000000000000e+01
5.400240755081176758e+01,9.450000000000000000e+01,8.200000000000000000e+01
5.400240755081176758e+01,9.500000000000000000e+01,8.250000000000000000e+01
5.400240755081176758e+01,9.500000000000000000e+01,1.105000000000000000e+02
5.300236296653747559e+01,9.600000000000000000e+01,7.700000000000000000e+01
5.300236296653747559e+01,9.600000000000000000e+01,7.800000000000000000e+01
5.300236296653747559e+01,9.600000000000000000e+01,7.900000000000000000e+01
5.300236296653747559e+01,9.600000000000000000e+01,8.000000000000000000e+01
5.300236296653747559e+01,9.600000000000000000e+01,8.100000000000000000e+01
5.300236296653747559e+01,9.600000000000000000e+01,8.200000000000000000e+01
5.400240755081176758e+01,9.550000000000000000e+01,8.300000000000000000e+01
5.300236296653747559e+01,9.600000000000000000e+01,8.300000000000000000e+01
5.300236296653747559e+01,9.600000000000000000e+01,8.400000000000000000e+01
5.400240755081176758e+01,9.550000000000000000e+01,8.400000000000000000e+01
5.400240755081176758e+01,9.600000000000000000e+01,8.450000000000000000e+01
5.400240755081176758e+01,9.550000000000000000e+01,1.100000000000000000e+02
5.400240755081176758e+01,9.600000000000000000e+01,1.095000000000000000e+02
5.300236296653747559e+01,9.700000000000000000e+01,8.500000000000000000e+01
5.400240755081176758e+01,9.650000000000000000e+01,8.500000000000000000e+01
5.400240755081176758e+01,9.700000000000000000e+01,8.550000000000000000e+01
5.400240755081176758e+01,9.650000000000000000e+01,1.090000000000000000e+02
5.400240755081176758e+01,9.700000000000000000e+01,1.085000000000000000e+02
5.300236296653747559e+01,9.800000000000000000e+01,8.600000000000000000e+01
5.400240755081176758e+01,9.750000000000000000e+01,8.600000000000000000e+01
5.400240755081176758e+01,9.800000000000000000e+01,8.650000000000000000e+01
5.300236296653747559e+01,9.800000000000000000e+01,1.070000000000000000e+02
5.400240755081176758e+01,9.750000000000000000e+01,1.070000000000000000e+02
5.400240755081176758e+01,9.800000000000000000e+01,1.065000000000000000e+02
5.400240755081176758e+01,9.750000000000000000e+01,1.080000000000000000e+02
5.400240755081176758e+01,9.850000000000000000e+01,8.700000000000000000e+01
5.400240755081176758e+01,9.900000000000000000e+01,8.750000000000000000e+01
5.300236296653747559e+01,9.900000000000000000e+01,1.050000000000000000e+02
5.400240755081176758e+01,9.850000000000000000e+01,1.050000000000000000e+02
5.400240755081176758e+01,9.900000000000000000e+01,1.045000000000000000e+02
5.400240755081176758e+01,9.850000000000000000e+01,1.060000000000000000e+02
5.400240755081176758e+01,9.950000000000000000e+01,8.800000000000000000e+01
5.300236296653747559e+01,1.000000000000000000e+02,8.900000000000000000e+01
5.400240755081176758e+01,9.950000000000000000e+01,8.900000000000000000e+01
5.300236296653747559e+01,1.000000000000000000e+02,9.000000000000000000e+01
5.400240755081176758e+01,9.950000000000000000e+01,9.000000000000000000e+01
5.400240755081176758e+01,1.000000000000000000e+02,9.050000000000000000e+01
5.300236296653747559e+01,1.000000000000000000e+02,1.030000000000000000e+02
5.400240755081176758e+01,9.950000000000000000e+01,1.030000000000000000e+02
5.400240755081176758e+01,1.000000000000000000e+02,1.025000000000000000e+02
5.300236296653747559e+01,1.000000000000000000e+02,1.040000000000000000e+02
5.400240755081176758e+01,9.950000000000000000e+01,1.040000000000000000e+02
5.300236296653747559e+01,1.010000000000000000e+02,9.000000000000000000e+01
5.400240755081176758e+01,1.005000000000000000e+02,9.100000000000000000e+01
5.300236296653747559e+01,1.010000000000000000e+02,9.100000000000000000e+01
5.300236296653747559e+01,1.010000000000000000e+02,9.200000000000000000e+01
5.400240755081176758e+01,1.005000000000000000e+02,9.200000000000000000e+01
5.400240755081176758e+01,1.010000000000000000e+02,9.250000000000000000e+01
5.300236296653747559e+01,1.010000000000000000e+02,1.020000000000000000e+02
5.400240755081176758e+01,1.005000000000000000e+02,1.020000000000000000e+02
5.400240755081176758e+01,1.010000000000000000e+02,1.015000000000000000e+02
5.300236296653747559e+01,1.010000000000000000e+02,1.030000000000000000e+02
5.300236296653747559e+01,1.020000000000000000e+02,9.100000000000000000e+01
5.300236296653747559e+01,1.020000000000000000e+02,9.200000000000000000e+01
5.400240755081176758e+01,1.015000000000000000e+02,9.300000000000000000e+01
5.300236296653747559e+01,1.020000000000000000e+02,9.300000000000000000e+01
5.300236296653747559e+01,1.020000000000000000e+02,9.400000000000000000e+01
5.400240755081176758e+01,1.015000000000000000e+02,9.400000000000000000e+01
5.400240755081176758e+01,1.020000000000000000e+02,9.450000000000000000e+01
5.300236296653747559e+01,1.020000000000000000e+02,1.010000000000000000e+02
5.400240755081176758e+01,1.015000000000000000e+02,1.010000000000000000e+02
5.400240755081176758e+01,1.020000000000000000e+02,1.005000000000000000e+02
5.300236296653747559e+01,1.020000000000000000e+02,1.020000000000000000e+02
5.300236296653747559e+01,1.020000000000000000e+02,1.030000000000000000e+02
5.300236296653747559e+01,1.030000000000000000e+02,9.200000000000000000e+01
5.300236296653747559e+01,1.030000000000000000e+02,9.300000000000000000e+01
5.300236296653747559e+01,1.030000000000000000e+02,9.400000000000000000e+01
5.400240755081176758e+01,1.025000000000000000e+02,9.500000000000000000e+01
5.300236296653747559e+01,1.030000000000000000e+02,9.500000000000000000e+01
5.400240755081176758e+01,1.030000000000000000e+02,9.550000000000000000e+01
5.400240755081176758e+01,1.025000000000000000e+02,1.010000000000000000e+02
5.400240755081176758e+01,1.030000000000000000e+02,1.015000000000000000e+02
5.300236296653747559e+01,1.030000000000000000e+02,1.020000000000000000e+02
5.300236296653747559e+01,1.030000000000000000e+02,1.030000000000000000e+02
5.300236296653747559e+01,1.040000000000000000e+02,9.300000000000000000e+01
5.300236296653747559e+01,1.040000000000000000e+02,9.400000000000000000e+01
5.300236296653747559e+01,1.040000000000000000e+02,9.500000000000000000e+01
5.400240755081176758e+01,1.040000000000000000e+02,9.550000000000000000e+01
5.400240755081176758e+01,1.035000000000000000e+02,1.020000000000000000e+02
5.400240755081176758e+01,1.040000000000000000e+02,1.025000000000000000e+02
5.300236296653747559e+01,1.040000000000000000e+02,1.030000000000000000e+02
5.300236296653747559e+01,1.050000000000000000e+02,9.300000000000000000e+01
5.300236296653747559e+01,1.050000000000000000e+02,9.400000000000000000e+01
5.400240755081176758e+01,1.050000000000000000e+02,9.450000000000000000e+01
5.400240755081176758e+01,1.045000000000000000e+02,9.500000000000000000e+01
5.400240755081176758e+01,1.045000000000000000e+02,1.030000000000000000e+02
5.400240755081176758e+01,1.050000000000000000e+02,1.035000000000000000e+02
5.300236296653747559e+01,1.060000000000000000e+02,9.300000000000000000e+01
5.300236296653747559e+01,1.060000000000000000e+02,9.400000000000000000e+01
5.400240755081176758e+01,1.060000000000000000e+02,9.450000000000000000e+01
5.400240755081176758e+01,1.055000000000000000e+02,1.040000000000000000e+02
5.400240755081176758e+01,1.060000000000000000e+02,1.045000000000000000e+02
5.300236296653747559e+01,1.070000000000000000e+02,9.300000000000000000e+01
5.400240755081176758e+01,1.070000000000000000e+02,9.350000000000000000e+01
5.400240755081176758e+01,1.065000000000000000e+02,9.400000000000000000e+01
5.400240755081176758e+01,1.065000000000000000e+02,1.050000000000000000e+02
5.300236296653747559e+01,1.070000000000000000e+02,1.050000000000000000e+02
5.400240755081176758e+01,1.070000000000000000e+02,1.055000000000000000e+02
5.300236296653747559e+01,1.080000000000000000e+02,9.200000000000000000e+01
5.400240755081176758e+01,1.080000000000000000e+02,9.250000000000000000e+01
5.400240755081176758e+01,1.075000000000000000e+02,9.300000000000000000e+01
5.400240755081176758e+01,1.075000000000000000e+02,1.060000000000000000e+02
5.300236296653747559e+01,1.080000000000000000e+02,1.060000000000000000e+02
5.400240755081176758e+01,1.080000000000000000e+02,1.065000000000000000e+02
5.400240755081176758e+01,1.090000000000000000e+02,9.150000000000000000e+01
5.400240755081176758e+01,1.085000000000000000e+02,9.200000000000000000e+01
5.400240755081176758e+01,1.085000000000000000e+02,1.070000000000000000e+02
5.300236296653747559e+01,1.090000000000000000e+02,1.070000000000000000e+02
5.400240755081176758e+01,1.090000000000000000e+02,1.075000000000000000e+02
5.400240755081176758e+01,1.100000000000000000e+02,8.950000000000000000e+01
5.400240755081176758e+01,1.095000000000000000e+02,9.000000000000000000e+01
5.400240755081176758e+01,1.095000000000000000e+02,9.100000000000000000e+01
5.400240755081176758e+01,1.100000000000000000e+02,1.075000000000000000e+02
5.300236296653747559e+01,1.110000000000000000e+02,8.200000000000000000e+01
5.400240755081176758e+01,1.110000000000000000e+02,8.150000000000000000e+01
5.400240755081176758e+01,1.105000000000000000e+02,8.200000000000000000e+01
5.400240755081176758e+01,1.105000000000000000e+02,8.300000000000000000e+01
5.400240755081176758e+01,1.105000000000000000e+02,8.400000000000000000e+01
5.400240755081176758e+01,1.105000000000000000e+02,8.500000000000000000e+01
5.300236296653747559e+01,1.110000000000000000e+02,8.500000000000000000e+01
5.400240755081176758e+01,1.105000000000000000e+02,8.600000000000000000e+01
5.300236296653747559e+01,1.110000000000000000e+02,8.600000000000000000e+01
5.400240755081176758e+01,1.105000000000000000e+02,8.700000000000000000e+01
5.300236296653747559e+01,1.110000000000000000e+02,8.700000000000000000e+01
5.400240755081176758e+01,1.105000000000000000e+02,8.800000000000000000e+01
5.300236296653747559e+01,1.110000000000000000e+02,8.800000000000000000e+01
5.400240755081176758e+01,1.105000000000000000e+02,8.900000000000000000e+01
5.400240755081176758e+01,1.110000000000000000e+02,1.075000000000000000e+02
5.400240755081176758e+01,1.120000000000000000e+02,8.050000000000000000e+01
5.400240755081176758e+01,1.115000000000000000e+02,8.100000000000000000e+01
5.400240755081176758e+01,1.120000000000000000e+02,1.075000000000000000e+02
5.400240755081176758e+01,1.130000000000000000e+02,8.050000000000000000e+01
5.400240755081176758e+01,1.130000000000000000e+02,1.075000000000000000e+02
5.400240755081176758e+01,1.140000000000000000e+02,8.050000000000000000e+01
5.400240755081176758e+01,1.140000000000000000e+02,1.075000000000000000e+02
5.400240755081176758e+01,1.150000000000000000e+02,8.050000000000000000e+01
5.400240755081176758e+01,1.150000000000000000e+02,1.075000000000000000e+02
5.400240755081176758e+01,1.160000000000000000e+02,8.050000000000000000e+01
5.300236296653747559e+01,1.160000000000000000e+02,1.070000000000000000e+02
5.400240755081176758e+01,1.160000000000000000e+02,1.075000000000000000e+02
5.400240755081176758e+01,1.170000000000000000e+02,8.050000000000000000e+01
5.400240755081176758e+01,1.165000000000000000e+02,1.070000000000000000e+02
5.400240755081176758e+01,1.170000000000000000e+02,1.065000000000000000e+02
5.400240755081176758e+01,1.180000000000000000e+02,8.050000000000000000e+01
5.400240755081176758e+01,1.180000000000000000e+02,1.065000000000000000e+02
5.400240755081176758e+01,1.190000000000000000e+02,8.050000000000000000e+01
5.400240755081176758e+01,1.190000000000000000e+02,1.065000000000000000e+02
5.400240755081176758e+01,1.200000000000000000e+02,8.050000000000000000e+01
5.400240755081176758e+01,1.200000000000000000e+02,1.065000000000000000e+02
5.400240755081176758e+01,1.205000000000000000e+02,8.100000000000000000e+01
5.300236296653747559e+01,1.210000000000000000e+02,8.100000000000000000e+01
5.400240755081176758e+01,1.210000000000000000e+02,8.150000000000000000e+01
5.400240755081176758e+01,1.210000000000000000e+02,1.065000000000000000e+02
5.300236296653747559e+01,1.220000000000000000e+02,8.100000000000000000e+01
5.400240755081176758e+01,1.220000000000000000e+02,8.150000000000000000e+01
5.400240755081176758e+01,1.220000000000000000e+02,1.065000000000000000e+02
5.300236296653747559e+01,1.230000000000000000e+02,8.100000000000000000e+01
5.400240755081176758e+01,1.230000000000000000e+02,8.150000000000000000e+01
5.400240755081176758e+01,1.230000000000000000e+02,1.065000000000000000e+02
5.300236296653747559e+01,1.240000000000000000e+02,8.100000000000000000e+01
5.400240755081176758e+01,1.240000000000000000e+02,8.150000000000000000e+01
5.400240755081176758e+01,1.235000000000000000e+02,1.070000000000000000e+02
5.400240755081176758e+01,1.240000000000000000e+02,1.075000000000000000e+02
5.400240755081176758e+01,1.250000000000000000e+02,8.050000000000000000e+01
5.400240755081176758e+01,1.245000000000000000e+02,8.100000000000000000e+01
5.400240755081176758e+01,1.250000000000000000e+02,1.075000000000000000e+02
5.400240755081176758e+01,1.260000000000000000e+02,8.050000000000000000e+01
5.400240755081176758e+01,1.260000000000000000e+02,1.075000000000000000e+02
5.400240755081176758e+01,1.270000000000000000e+02,8.050000000000000000e+01
5.400240755081176758e+01,1.265000000000000000e+02,1.080000000000000000e+02
5.300236296653747559e+01,1.270000000000000000e+02,1.080000000000000000e+02
5.400240755081176758e+01,1.270000000000000000e+02,1.085000000000000000e+02
5.400240755081176758e+01,1.280000000000000000e+02,8.050000000000000000e+01
5.300236296653747559e+01,1.280000000000000000e+02,1.080000000000000000e+02
5.400240755081176758e+01,1.280000000000000000e+02,1.085000000000000000e+02
5.400240755081176758e+01,1.290000000000000000e+02,8.050000000000000000e+01
5.300236296653747559e+01,1.290000000000000000e+02,1.080000000000000000e+02
5.400240755081176758e+01,1.290000000000000000e+02,1.085000000000000000e+02
5.400240755081176758e+01,1.300000000000000000e+02,8.050000000000000000e+01
5.300236296653747559e+01,1.300000000000000000e+02,1.080000000000000000e+02
5.400240755081176758e+01,1.300000000000000000e+02,1.085000000000000000e+02
5.400240755081176758e+01,1.310000000000000000e+02,8.050000000000000000e+01
5.400240755081176758e+01,1.310000000000000000e+02,1.085000000000000000e+02
5.400240755081176758e+01,1.320000000000000000e+02,8.050000000000000000e+01
5.400240755081176758e+01,1.320000000000000000e+02,1.085000000000000000e+02
5.400240755081176758e+01,1.330000000000000000e+02,8.050000000000000000e+01
5.400240755081176758e+01,1.330000000000000000e+02,1.085000000000000000e+02
5.400240755081176758e+01,1.340000000000000000e+02,8.050000000000000000e+01
5.400240755081176758e+01,1.340000000000000000e+02,1.085000000000000000e+02
5.300236296653747559e+01,1.350000000000000000e+02,8.100000000000000000e+01
5.400240755081176758e+01,1.350000000000000000e+02,8.050000000000000000e+01
5.300236296653747559e+01,1.350000000000000000e+02,9.400000000000000000e+01
5.300236296653747559e+01,1.350000000000000000e+02,9.500000000000000000e+01
5.300236296653747559e+01,1.350000000000000000e+02,9.600000000000000000e+01
5.300236296653747559e+01,1.350000000000000000e+02,9.700000000000000000e+01
5.300236296653747559e+01,1.350000000000000000e+02,9.800000000000000000e+01
5.300236296653747559e+01,1.350000000000000000e+02,9.900000000000000000e+01
5.300236296653747559e+01,1.350000000000000000e+02,1.000000000000000000e+02
5.300236296653747559e+01,1.350000000000000000e+02,1.010000000000000000e+02
5.300236296653747559e+01,1.350000000000000000e+02,1.020000000000000000e+02
5.300236296653747559e+01,1.350000000000000000e+02,1.030000000000000000e+02
5.300236296653747559e+01,1.350000000000000000e+02,1.080000000000000000e+02
5.400240755081176758e+01,1.350000000000000000e+02,1.085000000000000000e+02
5.300236296653747559e+01,1.360000000000000000e+02,8.100000000000000000e+01
5.400240755081176758e+01,1.360000000000000000e+02,8.050000000000000000e+01
5.300236296653747559e+01,1.360000000000000000e+02,9.000000000000000000e+01
5.300236296653747559e+01,1.360000000000000000e+02,9.100000000000000000e+01
5.300236296653747559e+01,1.360000000000000000e+02,9.200000000000000000e+01
5.300236296653747559e+01,1.360000000000000000e+02,9.300000000000000000e+01
5.300236296653747559e+01,1.360000000000000000e+02,9.400000000000000000e+01
5.300236296653747559e+01,1.360000000000000000e+02,9.500000000000000000e+01
5.300236296653747559e+01,1.360000000000000000e+02,9.600000000000000000e+01
5.400240755081176758e+01,1.360000000000000000e+02,9.650000000000000000e+01
5.400240755081176758e+01,1.355000000000000000e+02,9.700000000000000000e+01
5.400240755081176758e+01,1.355000000000000000e+02,9.800000000000000000e+01
5.400240755081176758e+01,1.355000000000000000e+02,9.900000000000000000e+01
5.400240755081176758e+01,1.355000000000000000e+02,1.000000000000000000e+02
5.400240755081176758e+01,1.355000000000000000e+02,1.010000000000000000e+02
5.300236296653747559e+01,1.360000000000000000e+02,1.020000000000000000e+02
5.400240755081176758e+01,1.360000000000000000e+02,1.015000000000000000e+02
5.300236296653747559e+01,1.360000000000000000e+02,1.030000000000000000e+02
5.300236296653747559e+01,1.360000000000000000e+02,1.040000000000000000e+02
5.300236296653747559e+01,1.360000000000000000e+02,1.050000000000000000e+02
5.300236296653747559e+01,1.360000000000000000e+02,1.080000000000000000e+02
5.400240755081176758e+01,1.360000000000000000e+02,1.085000000000000000e+02
5.400240755081176758e+01,1.365000000000000000e+02,8.100000000000000000e+01
5.400240755081176758e+01,1.370000000000000000e+02,8.150000000000000000e+01
5.300236296653747559e+01,1.370000000000000000e+02,8.800000000000000000e+01
5.300236296653747559e+01,1.370000000000000000e+02,8.900000000000000000e+01
5.300236296653747559e+01,1.370000000000000000e+02,9.000000000000000000e+01
5.400240755081176758e+01,1.370000000000000000e+02,9.050000000000000000e+01
5.400240755081176758e+01,1.365000000000000000e+02,9.100000000000000000e+01
5.400240755081176758e+01,1.365000000000000000e+02,9.200000000000000000e+01
5.400240755081176758e+01,1.365000000000000000e+02,9.300000000000000000e+01
5.400240755081176758e+01,1.365000000000000000e+02,9.400000000000000000e+01
5.400240755081176758e+01,1.365000000000000000e+02,9.500000000000000000e+01
5.400240755081176758e+01,1.365000000000000000e+02,9.600000000000000000e+01
5.400240755081176758e+01,1.365000000000000000e+02,1.020000000000000000e+02
5.400240755081176758e+01,1.365000000000000000e+02,1.030000000000000000e+02
5.400240755081176758e+01,1.365000000000000000e+02,1.040000000000000000e+02
5.300236296653747559e+01,1.370000000000000000e+02,1.050000000000000000e+02
5.400240755081176758e+01,1.370000000000000000e+02,1.045000000000000000e+02
5.300236296653747559e+01,1.370000000000000000e+02,1.060000000000000000e+02
5.300236296653747559e+01,1.370000000000000000e+02,1.070000000000000000e+02
5.300236296653747559e+01,1.370000000000000000e+02,1.080000000000000000e+02
5.400240755081176758e+01,1.370000000000000000e+02,1.085000000000000000e+02
5.300236296653747559e+01,1.380000000000000000e+02,8.200000000000000000e+01
5.400240755081176758e+01,1.380000000000000000e+02,8.150000000000000000e+01
5.300236296653747559e+01,1.380000000000000000e+02,8.700000000000000000e+01
5.400240755081176758e+01,1.380000000000000000e+02,8.750000000000000000e+01
5.400240755081176758e+01,1.375000000000000000e+02,8.800000000000000000e+01
5.400240755081176758e+01,1.375000000000000000e+02,8.900000000000000000e+01
5.400240755081176758e+01,1.375000000000000000e+02,9.000000000000000000e+01
5.400240755081176758e+01,1.375000000000000000e+02,1.050000000000000000e+02
5.400240755081176758e+01,1.375000000000000000e+02,1.060000000000000000e+02
5.400240755081176758e+01,1.375000000000000000e+02,1.070000000000000000e+02
5.400240755081176758e+01,1.375000000000000000e+02,1.080000000000000000e+02
5.400240755081176758e+01,1.385000000000000000e+02,8.200000000000000000e+01
5.300236296653747559e+01,1.390000000000000000e+02,8.300000000000000000e+01
5.400240755081176758e+01,1.390000000000000000e+02,8.250000000000000000e+01
5.300236296653747559e+01,1.390000000000000000e+02,8.400000000000000000e+01
5.300236296653747559e+01,1.390000000000000000e+02,8.500000000000000000e+01
5.300236296653747559e+01,1.390000000000000000e+02,8.600000000000000000e+01
5.400240755081176758e+01,1.390000000000000000e+02,8.650000000000000000e+01
5.400240755081176758e+01,1.385000000000000000e+02,8.700000000000000000e+01
5.400240755081176758e+01,1.395000000000000000e+02,8.300000000000000000e+01
5.400240755081176758e+01,1.395000000000000000e+02,8.400000000000000000e+01
5.400240755081176758e+01,1.395000000000000000e+02,8.500000000000000000e+01
5.400240755081176758e+01,1.395000000000000000e+02,8.600000000000000000e+01
5.500245213508605957e+01,8.200000000000000000e+01,7.600000000000000000e+01
5.600249671936035156e+01,8.200000000000000000e+01,7.550000000000000000e+01
5.600249671936035156e+01,8.150000000000000000e+01,7.600000000000000000e+01
5.600249671936035156e+01,8.150000000000000000e+01,7.700000000000000000e+01
5.500245213508605957e+01,8.200000000000000000e+01,7.700000000000000000e+01
5.600249671936035156e+01,8.150000000000000000e+01,7.800000000000000000e+01
5.500245213508605957e+01,8.200000000000000000e+01,7.800000000000000000e+01
5.600249671936035156e+01,8.200000000000000000e+01,7.850000000000000000e+01
5.500245213508605957e+01,8.300000000000000000e+01,7.500000000000000000e+01
5.600249671936035156e+01,8.300000000000000000e+01,7.450000000000000000e+01
5.600249671936035156e+01,8.250000000000000000e+01,7.500000000000000000e+01
5.500245213508605957e+01,8.300000000000000000e+01,7.600000000000000000e+01
5.500245213508605957e+01,8.300000000000000000e+01,7.700000000000000000e+01
5.500245213508605957e+01,8.300000000000000000e+01,7.800000000000000000e+01
5.600249671936035156e+01,8.250000000000000000e+01,7.900000000000000000e+01
5.500245213508605957e+01,8.300000000000000000e+01,7.900000000000000000e+01
5.600249671936035156e+01,8.250000000000000000e+01,8.000000000000000000e+01
5.500245213508605957e+01,8.300000000000000000e+01,8.000000000000000000e+01
5.600249671936035156e+01,8.300000000000000000e+01,8.050000000000000000e+01
5.600249671936035156e+01,8.400000000000000000e+01,7.350000000000000000e+01
5.600249671936035156e+01,8.350000000000000000e+01,7.400000000000000000e+01
5.500245213508605957e+01,8.400000000000000000e+01,7.900000000000000000e+01
5.500245213508605957e+01,8.400000000000000000e+01,8.000000000000000000e+01
5.600249671936035156e+01,8.350000000000000000e+01,8.100000000000000000e+01
5.500245213508605957e+01,8.400000000000000000e+01,8.100000000000000000e+01
5.600249671936035156e+01,8.400000000000000000e+01,8.150000000000000000e+01
5.600249671936035156e+01,8.500000000000000000e+01,7.250000000000000000e+01
5.600249671936035156e+01,8.450000000000000000e+01,7.300000000000000000e+01
5.500245213508605957e+01,8.500000000000000000e+01,8.100000000000000000e+01
5.600249671936035156e+01,8.450000000000000000e+01,8.200000000000000000e+01
5.500245213508605957e+01,8.500000000000000000e+01,8.200000000000000000e+01
5.600249671936035156e+01,8.500000000000000000e+01,8.250000000000000000e+01
5.500245213508605957e+01,8.600000000000000000e+01,7.200000000000000000e+01
5.600249671936035156e+01,8.600000000000000000e+01,7.250000000000000000e+01
5.500245213508605957e+01,8.600000000000000000e+01,8.200000000000000000e+01
5.600249671936035156e+01,8.550000000000000000e+01,8.300000000000000000e+01
5.500245213508605957e+01,8.600000000000000000e+01,8.300000000000000000e+01
5.600249671936035156e+01,8.600000000000000000e+01,8.350000000000000000e+01
5.500245213508605957e+01,8.700000000000000000e+01,7.100000000000000000e+01
5.600249671936035156e+01,8.700000000000000000e+01,7.150000000000000000e+01
5.600249671936035156e+01,8.650000000000000000e+01,7.200000000000000000e+01
5.600249671936035156e+01,8.650000000000000000e+01,8.400000000000000000e+01
5.500245213508605957e+01,8.700000000000000000e+01,8.400000000000000000e+01
5.600249671936035156e+01,8.650000000000000000e+01,8.500000000000000000e+01
5.500245213508605957e+01,8.700000000000000000e+01,8.500000000000000000e+01
5.600249671936035156e+01,8.700000000000000000e+01,8.550000000000000000e+01
5.500245213508605957e+01,8.800000000000000000e+01,7.100000000000000000e+01
5.600249671936035156e+01,8.800000000000000000e+01,7.150000000000000000e+01
5.500245213508605957e+01,8.800000000000000000e+01,8.500000000000000000e+01
5.600249671936035156e+01,8.750000000000000000e+01,8.600000000000000000e+01
5.500245213508605957e+01,8.800000000000000000e+01,8.600000000000000000e+01
5.600249671936035156e+01,8.800000000000000000e+01,8.650000000000000000e+01
5.500245213508605957e+01,8.900000000000000000e+01,7.100000000000000000e+01
5.600249671936035156e+01,8.900000000000000000e+01,7.150000000000000000e+01
5.600249671936035156e+01,8.850000000000000000e+01,8.700000000000000000e+01
5.600249671936035156e+01,8.850000000000000000e+01,8.800000000000000000e+01
5.500245213508605957e+01,8.900000000000000000e+01,8.800000000000000000e+01
5.600249671936035156e+01,8.900000000000000000e+01,8.850000000000000000e+01
5.500245213508605957e+01,9.000000000000000000e+01,7.000000000000000000e+01
5.500245213508605957e+01,9.000000000000000000e+01,7.100000000000000000e+01
5.600249671936035156e+01,9.000000000000000000e+01,7.150000000000000000e+01
5.600249671936035156e+01,8.950000000000000000e+01,8.900000000000000000e+01
5.500245213508605957e+01,9.000000000000000000e+01,8.900000000000000000e+01
5.600249671936035156e+01,8.950000000000000000e+01,9.000000000000000000e+01
5.500245213508605957e+01,9.000000000000000000e+01,9.000000000000000000e+01
5.600249671936035156e+01,9.000000000000000000e+01,9.050000000000000000e+01
5.500245213508605957e+01,9.100000000000000000e+01,7.000000000000000000e+01
5.500245213508605957e+01,9.100000000000000000e+01,7.100000000000000000e+01
5.600249671936035156e+01,9.100000000000000000e+01,7.150000000000000000e+01
5.600249671936035156e+01,9.050000000000000000e+01,9.100000000000000000e+01
5.500245213508605957e+01,9.100000000000000000e+01,9.100000000000000000e+01
5.600249671936035156e+01,9.100000000000000000e+01,9.150000000000000000e+01
5.500245213508605957e+01,9.200000000000000000e+01,7.000000000000000000e+01
5.500245213508605957e+01,9.200000000000000000e+01,7.100000000000000000e+01
5.600249671936035156e+01,9.150000000000000000e+01,7.200000000000000000e+01
5.500245213508605957e+01,9.200000000000000000e+01,7.200000000000000000e+01
5.500245213508605957e+01,9.200000000000000000e+01,7.300000000000000000e+01
5.600249671936035156e+01,9.150000000000000000e+01,7.300000000000000000e+01
5.500245213508605957e+01,9.200000000000000000e+01,7.400000000000000000e+01
5.600249671936035156e+01,9.150000000000000000e+01,7.400000000000000000e+01
5.500245213508605957e+01,9.200000000000000000e+01,7.500000000000000000e+01
5.600249671936035156e+01,9.150000000000000000e+01,7.500000000000000000e+01
5.500245213508605957e+01,9.200000000000000000e+01,7.600000000000000000e+01
5.600249671936035156e+01,9.150000000000000000e+01,7.600000000000000000e+01
5.500245213508605957e+01,9.200000000000000000e+01,7.700000000000000000e+01
5.600249671936035156e+01,9.150000000000000000e+01,7.700000000000000000e+01
5.600249671936035156e+01,9.200000000000000000e+01,7.750000000000000000e+01
5.600249671936035156e+01,9.150000000000000000e+01,9.200000000000000000e+01
5.600249671936035156e+01,9.150000000000000000e+01,9.300000000000000000e+01
5.500245213508605957e+01,9.200000000000000000e+01,9.300000000000000000e+01
5.600249671936035156e+01,9.150000000000000000e+01,9.400000000000000000e+01
5.500245213508605957e+01,9.200000000000000000e+01,9.400000000000000000e+01
5.600249671936035156e+01,9.150000000000000000e+01,9.500000000000000000e+01
5.500245213508605957e+01,9.200000000000000000e+01,9.500000000000000000e+01
5.600249671936035156e+01,9.150000000000000000e+01,9.600000000000000000e+01
5.500245213508605957e+01,9.200000000000000000e+01,9.600000000000000000e+01
5.600249671936035156e+01,9.150000000000000000e+01,9.700000000000000000e+01
5.500245213508605957e+01,9.200000000000000000e+01,9.700000000000000000e+01
5.600249671936035156e+01,9.150000000000000000e+01,9.800000000000000000e+01
5.500245213508605957e+01,9.200000000000000000e+01,9.800000000000000000e+01
5.600249671936035156e+01,9.200000000000000000e+01,9.850000000000000000e+01
5.500245213508605957e+01,9.300000000000000000e+01,7.200000000000000000e+01
5.500245213508605957e+01,9.300000000000000000e+01,7.300000000000000000e+01
5.500245213508605957e+01,9.300000000000000000e+01,7.400000000000000000e+01
5.500245213508605957e+01,9.300000000000000000e+01,7.500000000000000000e+01
5.500245213508605957e+01,9.300000000000000000e+01,7.600000000000000000e+01
5.500245213508605957e+01,9.300000000000000000e+01,7.700000000000000000e+01
5.600249671936035156e+01,9.250000000000000000e+01,7.800000000000000000e+01
5.500245213508605957e+01,9.300000000000000000e+01,7.800000000000000000e+01
5.500245213508605957e+01,9.300000000000000000e+01,7.900000000000000000e+01
5.600249671936035156e+01,9.250000000000000000e+01,7.900000000000000000e+01
5.500245213508605957e+01,9.300000000000000000e+01,8.000000000000000000e+01
5.600249671936035156e+01,9.250000000000000000e+01,8.000000000000000000e+01
5.500245213508605957e+01,9.300000000000000000e+01,8.100000000000000000e+01
5.600249671936035156e+01,9.250000000000000000e+01,8.100000000000000000e+01
5.600249671936035156e+01,9.300000000000000000e+01,8.150000000000000000e+01
5.600249671936035156e+01,9.250000000000000000e+01,9.900000000000000000e+01
5.600249671936035156e+01,9.250000000000000000e+01,1.000000000000000000e+02
5.600249671936035156e+01,9.250000000000000000e+01,1.010000000000000000e+02
5.600249671936035156e+01,9.250000000000000000e+01,1.020000000000000000e+02
5.600249671936035156e+01,9.250000000000000000e+01,1.030000000000000000e+02
5.600249671936035156e+01,9.250000000000000000e+01,1.040000000000000000e+02
5.600249671936035156e+01,9.250000000000000000e+01,1.050000000000000000e+02
5.600249671936035156e+01,9.250000000000000000e+01,1.060000000000000000e+02
5.500245213508605957e+01,9.300000000000000000e+01,1.070000000000000000e+02
5.600249671936035156e+01,9.300000000000000000e+01,1.065000000000000000e+02
5.500245213508605957e+01,9.300000000000000000e+01,1.080000000000000000e+02
5.500245213508605957e+01,9.300000000000000000e+01,1.090000000000000000e+02
5.500245213508605957e+01,9.400000000000000000e+01,8.000000000000000000e+01
5.500245213508605957e+01,9.400000000000000000e+01,8.100000000000000000e+01
5.600249671936035156e+01,9.350000000000000000e+01,8.200000000000000000e+01
5.500245213508605957e+01,9.400000000000000000e+01,8.200000000000000000e+01
5.500245213508605957e+01,9.400000000000000000e+01,8.300000000000000000e+01
5.600249671936035156e+01,9.350000000000000000e+01,8.300000000000000000e+01
5.600249671936035156e+01,9.400000000000000000e+01,8.350000000000000000e+01
5.600249671936035156e+01,9.350000000000000000e+01,1.070000000000000000e+02
5.600249671936035156e+01,9.350000000000000000e+01,1.080000000000000000e+02
5.600249671936035156e+01,9.400000000000000000e+01,1.085000000000000000e+02
5.500245213508605957e+01,9.400000000000000000e+01,1.090000000000000000e+02
5.500245213508605957e+01,9.400000000000000000e+01,1.100000000000000000e+02
5.500245213508605957e+01,9.500000000000000000e+01,8.300000000000000000e+01
5.600249671936035156e+01,9.450000000000000000e+01,8.400000000000000000e+01
5.500245213508605957e+01,9.500000000000000000e+01,8.400000000000000000e+01
5.500245213508605957e+01,9.500000000000000000e+01,8.500000000000000000e+01
5.600249671936035156e+01,9.450000000000000000e+01,8.500000000000000000e+01
5.600249671936035156e+01,9.500000000000000000e+01,8.550000000000000000e+01
5.500245213508605957e+01,9.500000000000000000e+01,1.090000000000000000e+02
5.600249671936035156e+01,9.500000000000000000e+01,1.085000000000000000e+02
5.500245213508605957e+01,9.500000000000000000e+01,1.100000000000000000e+02
5.500245213508605957e+01,9.600000000000000000e+01,8.500000000000000000e+01
5.600249671936035156e+01,9.550000000000000000e+01,8.600000000000000000e+01
5.500245213508605957e+01,9.600000000000000000e+01,8.600000000000000000e+01
5.600249671936035156e+01,9.600000000000000000e+01,8.650000000000000000e+01
5.500245213508605957e+01,9.600000000000000000e+01,1.060000000000000000e+02
5.600249671936035156e+01,9.550000000000000000e+01,1.060000000000000000e+02
5.600249671936035156e+01,9.600000000000000000e+01,1.055000000000000000e+02
5.500245213508605957e+01,9.600000000000000000e+01,1.070000000000000000e+02
5.600249671936035156e+01,9.550000000000000000e+01,1.070000000000000000e+02
5.500245213508605957e+01,9.600000000000000000e+01,1.080000000000000000e+02
5.600249671936035156e+01,9.550000000000000000e+01,1.080000000000000000e+02
5.500245213508605957e+01,9.600000000000000000e+01,1.090000000000000000e+02
5.500245213508605957e+01,9.700000000000000000e+01,8.600000000000000000e+01
5.600249671936035156e+01,9.650000000000000000e+01,8.700000000000000000e+01
5.500245213508605957e+01,9.700000000000000000e+01,8.700000000000000000e+01
5.600249671936035156e+01,9.700000000000000000e+01,8.750000000000000000e+01
5.500245213508605957e+01,9.700000000000000000e+01,1.050000000000000000e+02
5.600249671936035156e+01,9.650000000000000000e+01,1.050000000000000000e+02
5.600249671936035156e+01,9.700000000000000000e+01,1.045000000000000000e+02
5.500245213508605957e+01,9.700000000000000000e+01,1.060000000000000000e+02
5.500245213508605957e+01,9.700000000000000000e+01,1.070000000000000000e+02
5.500245213508605957e+01,9.700000000000000000e+01,1.080000000000000000e+02
5.500245213508605957e+01,9.800000000000000000e+01,8.700000000000000000e+01
5.600249671936035156e+01,9.750000000000000000e+01,8.800000000000000000e+01
5.500245213508605957e+01,9.800000000000000000e+01,8.800000000000000000e+01
5.500245213508605957e+01,9.800000000000000000e+01,8.900000000000000000e+01
5.600249671936035156e+01,9.750000000000000000e+01,8.900000000000000000e+01
5.600249671936035156e+01,9.800000000000000000e+01,8.950000000000000000e+01
5.500245213508605957e+01,9.800000000000000000e+01,1.020000000000000000e+02
5.600249671936035156e+01,9.750000000000000000e+01,1.020000000000000000e+02
5.600249671936035156e+01,9.800000000000000000e+01,1.015000000000000000e+02
5.500245213508605957e+01,9.800000000000000000e+01,1.030000000000000000e+02
5.600249671936035156e+01,9.750000000000000000e+01,1.030000000000000000e+02
5.500245213508605957e+01,9.800000000000000000e+01,1.040000000000000000e+02
5.600249671936035156e+01,9.750000000000000000e+01,1.040000000000000000e+02
5.500245213508605957e+01,9.800000000000000000e+01,1.050000000000000000e+02
5.500245213508605957e+01,9.800000000000000000e+01,1.060000000000000000e+02
5.500245213508605957e+01,9.900000000000000000e+01,8.800000000000000000e+01
5.500245213508605957e+01,9.900000000000000000e+01,8.900000000000000000e+01
5.600249671936035156e+01,9.850000000000000000e+01,9.000000000000000000e+01
5.500245213508605957e+01,9.900000000000000000e+01,9.000000000000000000e+01
5.500245213508605957e+01,9.900000000000000000e+01,9.100000000000000000e+01
5.600249671936035156e+01,9.850000000000000000e+01,9.100000000000000000e+01
5.500245213508605957e+01,9.900000000000000000e+01,9.200000000000000000e+01
5.600249671936035156e+01,9.850000000000000000e+01,9.200000000000000000e+01
5.500245213508605957e+01,9.900000000000000000e+01,9.300000000000000000e+01
5.600249671936035156e+01,9.850000000000000000e+01,9.300000000000000000e+01
5.500245213508605957e+01,9.900000000000000000e+01,9.400000000000000000e+01
5.600249671936035156e+01,9.850000000000000000e+01,9.400000000000000000e+01
5.500245213508605957e+01,9.900000000000000000e+01,9.500000000000000000e+01
5.600249671936035156e+01,9.850000000000000000e+01,9.500000000000000000e+01
5.500245213508605957e+01,9.900000000000000000e+01,9.600000000000000000e+01
5.600249671936035156e+01,9.850000000000000000e+01,9.600000000000000000e+01
5.500245213508605957e+01,9.900000000000000000e+01,9.700000000000000000e+01
5.600249671936035156e+01,9.850000000000000000e+01,9.700000000000000000e+01
5.500245213508605957e+01,9.900000000000000000e+01,9.800000000000000000e+01
5.600249671936035156e+01,9.850000000000000000e+01,9.800000000000000000e+01
5.500245213508605957e+01,9.900000000000000000e+01,9.900000000000000000e+01
5.600249671936035156e+01,9.850000000000000000e+01,9.900000000000000000e+01
5.500245213508605957e+01,9.900000000000000000e+01,1.000000000000000000e+02
5.600249671936035156e+01,9.850000000000000000e+01,1.000000000000000000e+02
5.500245213508605957e+01,9.900000000000000000e+01,1.010000000000000000e+02
5.600249671936035156e+01,9.850000000000000000e+01,1.010000000000000000e+02
5.500245213508605957e+01,9.900000000000000000e+01,1.020000000000000000e+02
5.500245213508605957e+01,9.900000000000000000e+01,1.030000000000000000e+02
5.500245213508605957e+01,9.900000000000000000e+01,1.040000000000000000e+02
5.500245213508605957e+01,1.000000000000000000e+02,9.100000000000000000e+01
5.500245213508605957e+01,1.000000000000000000e+02,9.200000000000000000e+01
5.500245213508605957e+01,1.000000000000000000e+02,9.300000000000000000e+01
5.500245213508605957e+01,1.000000000000000000e+02,9.400000000000000000e+01
5.500245213508605957e+01,1.000000000000000000e+02,9.500000000000000000e+01
5.500245213508605957e+01,1.000000000000000000e+02,9.600000000000000000e+01
5.500245213508605957e+01,1.000000000000000000e+02,9.700000000000000000e+01
5.500245213508605957e+01,1.000000000000000000e+02,9.800000000000000000e+01
5.500245213508605957e+01,1.000000000000000000e+02,9.900000000000000000e+01
5.500245213508605957e+01,1.000000000000000000e+02,1.000000000000000000e+02
5.500245213508605957e+01,1.000000000000000000e+02,1.010000000000000000e+02
5.500245213508605957e+01,1.000000000000000000e+02,1.020000000000000000e+02
5.500245213508605957e+01,1.010000000000000000e+02,9.300000000000000000e+01
5.500245213508605957e+01,1.010000000000000000e+02,9.400000000000000000e+01
5.500245213508605957e+01,1.010000000000000000e+02,9.500000000000000000e+01
5.500245213508605957e+01,1.010000000000000000e+02,9.600000000000000000e+01
5.500245213508605957e+01,1.010000000000000000e+02,9.700000000000000000e+01
5.500245213508605957e+01,1.010000000000000000e+02,9.800000000000000000e+01
5.500245213508605957e+01,1.010000000000000000e+02,9.900000000000000000e+01
5.500245213508605957e+01,1.010000000000000000e+02,1.000000000000000000e+02
5.500245213508605957e+01,1.010000000000000000e+02,1.010000000000000000e+02
5.500245213508605957e+01,1.020000000000000000e+02,9.500000000000000000e+01
5.500245213508605957e+01,1.020000000000000000e+02,9.600000000000000000e+01
5.500245213508605957e+01,1.020000000000000000e+02,9.700000000000000000e+01
5.500245213508605957e+01,1.020000000000000000e+02,9.800000000000000000e+01
5.500245213508605957e+01,1.020000000000000000e+02,9.900000000000000000e+01
5.500245213508605957e+01,1.020000000000000000e+02,1.000000000000000000e+02
5.500245213508605957e+01,1.030000000000000000e+02,9.600000000000000000e+01
5.500245213508605957e+01,1.030000000000000000e+02,9.700000000000000000e+01
5.500245213508605957e+01,1.030000000000000000e+02,9.800000000000000000e+01
5.500245213508605957e+01,1.030000000000000000e+02,9.900000000000000000e+01
5.500245213508605957e+01,1.030000000000000000e+02,1.000000000000000000e+02
5.500245213508605957e+01,1.030000000000000000e+02,1.010000000000000000e+02
5.500245213508605957e+01,1.040000000000000000e+02,9.600000000000000000e+01
5.500245213508605957e+01,1.040000000000000000e+02,9.700000000000000000e+01
5.500245213508605957e+01,1.040000000000000000e+02,9.800000000000000000e+01
5.500245213508605957e+01,1.040000000000000000e+02,9.900000000000000000e+01
5.500245213508605957e+01,1.040000000000000000e+02,1.000000000000000000e+02
5.500245213508605957e+01,1.040000000000000000e+02,1.010000000000000000e+02
5.500245213508605957e+01,1.040000000000000000e+02,1.020000000000000000e+02
5.500245213508605957e+01,1.050000000000000000e+02,9.500000000000000000e+01
5.500245213508605957e+01,1.050000000000000000e+02,9.600000000000000000e+01
5.500245213508605957e+01,1.050000000000000000e+02,9.700000000000000000e+01
5.500245213508605957e+01,1.050000000000000000e+02,9.800000000000000000e+01
5.500245213508605957e+01,1.050000000000000000e+02,9.900000000000000000e+01
5.500245213508605957e+01,1.050000000000000000e+02,1.000000000000000000e+02
5.500245213508605957e+01,1.050000000000000000e+02,1.010000000000000000e+02
5.500245213508605957e+01,1.050000000000000000e+02,1.020000000000000000e+02
5.500245213508605957e+01,1.050000000000000000e+02,1.030000000000000000e+02
5.500245213508605957e+01,1.060000000000000000e+02,9.500000000000000000e+01
5.500245213508605957e+01,1.060000000000000000e+02,9.600000000000000000e+01
5.500245213508605957e+01,1.060000000000000000e+02,9.700000000000000000e+01
5.600249671936035156e+01,1.060000000000000000e+02,9.750000000000000000e+01
5.600249671936035156e+01,1.055000000000000000e+02,9.800000000000000000e+01
5.600249671936035156e+01,1.055000000000000000e+02,9.900000000000000000e+01
5.600249671936035156e+01,1.055000000000000000e+02,1.000000000000000000e+02
5.600249671936035156e+01,1.055000000000000000e+02,1.010000000000000000e+02
5.600249671936035156e+01,1.055000000000000000e+02,1.020000000000000000e+02
5.600249671936035156e+01,1.060000000000000000e+02,1.025000000000000000e+02
5.500245213508605957e+01,1.060000000000000000e+02,1.030000000000000000e+02
5.500245213508605957e+01,1.060000000000000000e+02,1.040000000000000000e+02
5.500245213508605957e+01,1.070000000000000000e+02,9.400000000000000000e+01
5.500245213508605957e+01,1.070000000000000000e+02,9.500000000000000000e+01
5.600249671936035156e+01,1.070000000000000000e+02,9.550000000000000000e+01
5.600249671936035156e+01,1.065000000000000000e+02,9.600000000000000000e+01
5.600249671936035156e+01,1.065000000000000000e+02,9.700000000000000000e+01
5.600249671936035156e+01,1.065000000000000000e+02,1.030000000000000000e+02
5.600249671936035156e+01,1.065000000000000000e+02,1.040000000000000000e+02
5.600249671936035156e+01,1.065000000000000000e+02,1.050000000000000000e+02
5.600249671936035156e+01,1.070000000000000000e+02,1.055000000000000000e+02
5.500245213508605957e+01,1.080000000000000000e+02,9.300000000000000000e+01
5.600249671936035156e+01,1.080000000000000000e+02,9.350000000000000000e+01
5.600249671936035156e+01,1.075000000000000000e+02,9.400000000000000000e+01
5.600249671936035156e+01,1.075000000000000000e+02,9.500000000000000000e+01
5.600249671936035156e+01,1.075000000000000000e+02,1.060000000000000000e+02
5.600249671936035156e+01,1.075000000000000000e+02,1.070000000000000000e+02
5.500245213508605957e+01,1.080000000000000000e+02,1.070000000000000000e+02
5.600249671936035156e+01,1.080000000000000000e+02,1.075000000000000000e+02
5.500245213508605957e+01,1.090000000000000000e+02,9.200000000000000000e+01
5.600249671936035156e+01,1.090000000000000000e+02,9.250000000000000000e+01
5.600249671936035156e+01,1.085000000000000000e+02,9.300000000000000000e+01
5.600249671936035156e+01,1.090000000000000000e+02,1.075000000000000000e+02
5.500245213508605957e+01,1.100000000000000000e+02,8.300000000000000000e+01
5.600249671936035156e+01,1.100000000000000000e+02,8.250000000000000000e+01
5.600249671936035156e+01,1.095000000000000000e+02,8.300000000000000000e+01
5.600249671936035156e+01,1.095000000000000000e+02,8.400000000000000000e+01
5.500245213508605957e+01,1.100000000000000000e+02,8.400000000000000000e+01
5.600249671936035156e+01,1.100000000000000000e+02,8.450000000000000000e+01
5.600249671936035156e+01,1.100000000000000000e+02,8.950000000000000000e+01
5.600249671936035156e+01,1.095000000000000000e+02,9.000000000000000000e+01
5.600249671936035156e+01,1.095000000000000000e+02,9.100000000000000000e+01
5.600249671936035156e+01,1.095000000000000000e+02,9.200000000000000000e+01
5.600249671936035156e+01,1.095000000000000000e+02,1.080000000000000000e+02
5.500245213508605957e+01,1.100000000000000000e+02,1.080000000000000000e+02
5.600249671936035156e+01,1.100000000000000000e+02,1.085000000000000000e+02
5.500245213508605957e+01,1.110000000000000000e+02,8.100000000000000000e+01
5.600249671936035156e+01,1.110000000000000000e+02,8.050000000000000000e+01
5.600249671936035156e+01,1.105000000000000000e+02,8.100000000000000000e+01
5.600249671936035156e+01,1.105000000000000000e+02,8.200000000000000000e+01
5.600249671936035156e+01,1.105000000000000000e+02,8.500000000000000000e+01
5.600249671936035156e+01,1.105000000000000000e+02,8.600000000000000000e+01
5.600249671936035156e+01,1.105000000000000000e+02,8.700000000000000000e+01
5.600249671936035156e+01,1.105000000000000000e+02,8.800000000000000000e+01
5.600249671936035156e+01,1.105000000000000000e+02,8.900000000000000000e+01
5.500245213508605957e+01,1.110000000000000000e+02,1.080000000000000000e+02
5.600249671936035156e+01,1.110000000000000000e+02,1.085000000000000000e+02
5.600249671936035156e+01,1.120000000000000000e+02,8.050000000000000000e+01
5.600249671936035156e+01,1.115000000000000000e+02,1.080000000000000000e+02
5.600249671936035156e+01,1.120000000000000000e+02,1.075000000000000000e+02
5.600249671936035156e+01,1.130000000000000000e+02,8.050000000000000000e+01
5.600249671936035156e+01,1.130000000000000000e+02,1.075000000000000000e+02
5.600249671936035156e+01,1.140000000000000000e+02,8.050000000000000000e+01
5.600249671936035156e+01,1.140000000000000000e+02,1.075000000000000000e+02
5.600249671936035156e+01,1.150000000000000000e+02,8.050000000000000000e+01
5.600249671936035156e+01,1.150000000000000000e+02,1.075000000000000000e+02
5.600249671936035156e+01,1.160000000000000000e+02,8.050000000000000000e+01
5.500245213508605957e+01,1.160000000000000000e+02,1.070000000000000000e+02
5.600249671936035156e+01,1.155000000000000000e+02,1.070000000000000000e+02
5.600249671936035156e+01,1.160000000000000000e+02,1.065000000000000000e+02
5.600249671936035156e+01,1.170000000000000000e+02,8.050000000000000000e+01
5.600249671936035156e+01,1.170000000000000000e+02,1.065000000000000000e+02
5.600249671936035156e+01,1.180000000000000000e+02,8.050000000000000000e+01
5.600249671936035156e+01,1.180000000000000000e+02,1.065000000000000000e+02
5.600249671936035156e+01,1.190000000000000000e+02,8.050000000000000000e+01
5.600249671936035156e+01,1.190000000000000000e+02,1.065000000000000000e+02
5.600249671936035156e+01,1.195000000000000000e+02,8.100000000000000000e+01
5.500245213508605957e+01,1.200000000000000000e+02,8.100000000000000000e+01
5.600249671936035156e+01,1.200000000000000000e+02,8.150000000000000000e+01
5.600249671936035156e+01,1.200000000000000000e+02,1.065000000000000000e+02
5.600249671936035156e+01,1.210000000000000000e+02,8.150000000000000000e+01
5.600249671936035156e+01,1.210000000000000000e+02,1.065000000000000000e+02
5.600249671936035156e+01,1.220000000000000000e+02,8.150000000000000000e+01
5.600249671936035156e+01,1.220000000000000000e+02,1.065000000000000000e+02
5.600249671936035156e+01,1.230000000000000000e+02,8.150000000000000000e+01
5.600249671936035156e+01,1.230000000000000000e+02,1.065000000000000000e+02
5.600249671936035156e+01,1.240000000000000000e+02,8.150000000000000000e+01
5.600249671936035156e+01,1.235000000000000000e+02,1.070000000000000000e+02
5.600249671936035156e+01,1.240000000000000000e+02,1.075000000000000000e+02
5.500245213508605957e+01,1.250000000000000000e+02,8.100000000000000000e+01
5.600249671936035156e+01,1.250000000000000000e+02,8.150000000000000000e+01
5.600249671936035156e+01,1.250000000000000000e+02,1.075000000000000000e+02
5.500245213508605957e+01,1.260000000000000000e+02,8.100000000000000000e+01
5.600249671936035156e+01,1.260000000000000000e+02,8.150000000000000000e+01
5.600249671936035156e+01,1.260000000000000000e+02,1.075000000000000000e+02
5.500245213508605957e+01,1.270000000000000000e+02,8.100000000000000000e+01
5.600249671936035156e+01,1.270000000000000000e+02,8.150000000000000000e+01
5.600249671936035156e+01,1.265000000000000000e+02,1.080000000000000000e+02
5.600249671936035156e+01,1.270000000000000000e+02,1.085000000000000000e+02
5.500245213508605957e+01,1.280000000000000000e+02,8.100000000000000000e+01
5.600249671936035156e+01,1.280000000000000000e+02,8.150000000000000000e+01
5.600249671936035156e+01,1.280000000000000000e+02,1.085000000000000000e+02
5.500245213508605957e+01,1.290000000000000000e+02,8.100000000000000000e+01
5.600249671936035156e+01,1.290000000000000000e+02,8.150000000000000000e+01
5.600249671936035156e+01,1.290000000000000000e+02,1.085000000000000000e+02
5.600249671936035156e+01,1.300000000000000000e+02,8.050000000000000000e+01
5.600249671936035156e+01,1.295000000000000000e+02,8.100000000000000000e+01
5.600249671936035156e+01,1.300000000000000000e+02,1.085000000000000000e+02
5.600249671936035156e+01,1.310000000000000000e+02,8.050000000000000000e+01
5.600249671936035156e+01,1.305000000000000000e+02,1.090000000000000000e+02
5.500245213508605957e+01,1.310000000000000000e+02,1.090000000000000000e+02
5.600249671936035156e+01,1.310000000000000000e+02,1.095000000000000000e+02
5.600249671936035156e+01,1.320000000000000000e+02,8.050000000000000000e+01
5.500245213508605957e+01,1.320000000000000000e+02,1.090000000000000000e+02
5.600249671936035156e+01,1.320000000000000000e+02,1.095000000000000000e+02
5.600249671936035156e+01,1.330000000000000000e+02,8.050000000000000000e+01
5.500245213508605957e+01,1.330000000000000000e+02,1.090000000000000000e+02
5.600249671936035156e+01,1.330000000000000000e+02,1.095000000000000000e+02
5.600249671936035156e+01,1.340000000000000000e+02,8.050000000000000000e+01
5.500245213508605957e+01,1.340000000000000000e+02,1.090000000000000000e+02
5.600249671936035156e+01,1.340000000000000000e+02,1.095000000000000000e+02
5.600249671936035156e+01,1.350000000000000000e+02,8.050000000000000000e+01
5.500245213508605957e+01,1.350000000000000000e+02,1.090000000000000000e+02
5.600249671936035156e+01,1.350000000000000000e+02,1.095000000000000000e+02
5.600249671936035156e+01,1.360000000000000000e+02,8.050000000000000000e+01
5.500245213508605957e+01,1.360000000000000000e+02,9.700000000000000000e+01
5.500245213508605957e+01,1.360000000000000000e+02,9.800000000000000000e+01
5.500245213508605957e+01,1.360000000000000000e+02,9.900000000000000000e+01
5.500245213508605957e+01,1.360000000000000000e+02,1.000000000000000000e+02
5.500245213508605957e+01,1.360000000000000000e+02,1.010000000000000000e+02
5.500245213508605957e+01,1.360000000000000000e+02,1.090000000000000000e+02
5.600249671936035156e+01,1.360000000000000000e+02,1.095000000000000000e+02
5.500245213508605957e+01,1.370000000000000000e+02,8.100000000000000000e+01
5.600249671936035156e+01,1.370000000000000000e+02,8.050000000000000000e+01
5.500245213508605957e+01,1.370000000000000000e+02,9.100000000000000000e+01
5.500245213508605957e+01,1.370000000000000000e+02,9.200000000000000000e+01
5.500245213508605957e+01,1.370000000000000000e+02,9.300000000000000000e+01
5.500245213508605957e+01,1.370000000000000000e+02,9.400000000000000000e+01
5.500245213508605957e+01,1.370000000000000000e+02,9.500000000000000000e+01
5.500245213508605957e+01,1.370000000000000000e+02,9.600000000000000000e+01
5.600249671936035156e+01,1.370000000000000000e+02,9.650000000000000000e+01
5.600249671936035156e+01,1.365000000000000000e+02,9.700000000000000000e+01
5.600249671936035156e+01,1.365000000000000000e+02,9.800000000000000000e+01
5.600249671936035156e+01,1.365000000000000000e+02,9.900000000000000000e+01
5.600249671936035156e+01,1.365000000000000000e+02,1.000000000000000000e+02
5.600249671936035156e+01,1.365000000000000000e+02,1.010000000000000000e+02
5.600249671936035156e+01,1.365000000000000000e+02,1.020000000000000000e+02
5.500245213508605957e+01,1.370000000000000000e+02,1.030000000000000000e+02
5.600249671936035156e+01,1.370000000000000000e+02,1.025000000000000000e+02
5.500245213508605957e+01,1.370000000000000000e+02,1.040000000000000000e+02
5.600249671936035156e+01,1.365000000000000000e+02,1.090000000000000000e+02
5.600249671936035156e+01,1.370000000000000000e+02,1.085000000000000000e+02
5.600249671936035156e+01,1.375000000000000000e+02,8.100000000000000000e+01
5.600249671936035156e+01,1.380000000000000000e+02,8.150000000000000000e+01
5.500245213508605957e+01,1.380000000000000000e+02,8.800000000000000000e+01
5.500245213508605957e+01,1.380000000000000000e+02,8.900000000000000000e+01
5.600249671936035156e+01,1.380000000000000000e+02,8.950000000000000000e+01
5.600249671936035156e+01,1.375000000000000000e+02,9.000000000000000000e+01
5.600249671936035156e+01,1.375000000000000000e+02,9.100000000000000000e+01
5.600249671936035156e+01,1.375000000000000000e+02,9.200000000000000000e+01
5.600249671936035156e+01,1.375000000000000000e+02,9.300000000000000000e+01
5.600249671936035156e+01,1.375000000000000000e+02,9.400000000000000000e+01
5.600249671936035156e+01,1.375000000000000000e+02,9.500000000000000000e+01
5.600249671936035156e+01,1.375000000000000000e+02,9.600000000000000000e+01
5.600249671936035156e+01,1.375000000000000000e+02,1.030000000000000000e+02
5.600249671936035156e+01,1.375000000000000000e+02,1.040000000000000000e+02
5.600249671936035156e+01,1.375000000000000000e+02,1.050000000000000000e+02
5.500245213508605957e+01,1.380000000000000000e+02,1.060000000000000000e+02
5.600249671936035156e+01,1.380000000000000000e+02,1.055000000000000000e+02
5.500245213508605957e+01,1.380000000000000000e+02,1.070000000000000000e+02
5.500245213508605957e+01,1.380000000000000000e+02,1.080000000000000000e+02
5.600249671936035156e+01,1.380000000000000000e+02,1.085000000000000000e+02
5.500245213508605957e+01,1.390000000000000000e+02,8.200000000000000000e+01
5.600249671936035156e+01,1.390000000000000000e+02,8.150000000000000000e+01
5.500245213508605957e+01,1.390000000000000000e+02,8.700000000000000000e+01
5.600249671936035156e+01,1.390000000000000000e+02,8.750000000000000000e+01
5.600249671936035156e+01,1.385000000000000000e+02,8.800000000000000000e+01
5.600249671936035156e+01,1.385000000000000000e+02,8.900000000000000000e+01
5.600249671936035156e+01,1.385000000000000000e+02,1.060000000000000000e+02
5.600249671936035156e+01,1.385000000000000000e+02,1.070000000000000000e+02
5.600249671936035156e+01,1.385000000000000000e+02,1.080000000000000000e+02
5.600249671936035156e+01,1.395000000000000000e+02,8.200000000000000000e+01
5.500245213508605957e+01,1.400000000000000000e+02,8.300000000000000000e+01
5.600249671936035156e+01,1.400000000000000000e+02,8.250000000000000000e+01
5.500245213508605957e+01,1.400000000000000000e+02,8.400000000000000000e+01
5.600249671936035156e+01,1.400000000000000000e+02,8.450000000000000000e+01
5.600249671936035156e+01,1.395000000000000000e+02,8.500000000000000000e+01
5.600249671936035156e+01,1.395000000000000000e+02,8.600000000000000000e+01
5.600249671936035156e+01,1.395000000000000000e+02,8.700000000000000000e+01
5.600249671936035156e+01,1.405000000000000000e+02,8.300000000000000000e+01
5.600249671936035156e+01,1.405000000000000000e+02,8.400000000000000000e+01
5.700254130363464355e+01,8.000000000000000000e+01,7.700000000000000000e+01
5.800258588790893555e+01,8.000000000000000000e+01,7.650000000000000000e+01
5.800258588790893555e+01,7.950000000000000000e+01,7.700000000000000000e+01
5.800258588790893555e+01,7.950000000000000000e+01,7.800000000000000000e+01
5.700254130363464355e+01,8.000000000000000000e+01,7.800000000000000000e+01
5.800258588790893555e+01,7.950000000000000000e+01,7.900000000000000000e+01
5.700254130363464355e+01,8.000000000000000000e+01,7.900000000000000000e+01
5.800258588790893555e+01,7.950000000000000000e+01,8.000000000000000000e+01
5.700254130363464355e+01,8.000000000000000000e+01,8.000000000000000000e+01
5.800258588790893555e+01,8.000000000000000000e+01,8.050000000000000000e+01
5.700254130363464355e+01,8.100000000000000000e+01,7.600000000000000000e+01
5.800258588790893555e+01,8.100000000000000000e+01,7.550000000000000000e+01
5.800258588790893555e+01,8.050000000000000000e+01,7.600000000000000000e+01
5.700254130363464355e+01,8.100000000000000000e+01,7.700000000000000000e+01
5.700254130363464355e+01,8.100000000000000000e+01,7.800000000000000000e+01
5.700254130363464355e+01,8.100000000000000000e+01,7.900000000000000000e+01
5.700254130363464355e+01,8.100000000000000000e+01,8.000000000000000000e+01
5.800258588790893555e+01,8.050000000000000000e+01,8.100000000000000000e+01
5.700254130363464355e+01,8.100000000000000000e+01,8.100000000000000000e+01
5.800258588790893555e+01,8.100000000000000000e+01,8.150000000000000000e+01
5.700254130363464355e+01,8.200000000000000000e+01,7.500000000000000000e+01
5.800258588790893555e+01,8.200000000000000000e+01,7.450000000000000000e+01
5.800258588790893555e+01,8.150000000000000000e+01,7.500000000000000000e+01
5.700254130363464355e+01,8.200000000000000000e+01,7.900000000000000000e+01
5.700254130363464355e+01,8.200000000000000000e+01,8.000000000000000000e+01
5.700254130363464355e+01,8.200000000000000000e+01,8.100000000000000000e+01
5.800258588790893555e+01,8.150000000000000000e+01,8.200000000000000000e+01
5.700254130363464355e+01,8.200000000000000000e+01,8.200000000000000000e+01
5.800258588790893555e+01,8.200000000000000000e+01,8.250000000000000000e+01
5.800258588790893555e+01,8.300000000000000000e+01,7.450000000000000000e+01
5.700254130363464355e+01,8.300000000000000000e+01,8.100000000000000000e+01
5.700254130363464355e+01,8.300000000000000000e+01,8.200000000000000000e+01
5.800258588790893555e+01,8.250000000000000000e+01,8.300000000000000000e+01
5.700254130363464355e+01,8.300000000000000000e+01,8.300000000000000000e+01
5.800258588790893555e+01,8.300000000000000000e+01,8.350000000000000000e+01
5.700254130363464355e+01,8.400000000000000000e+01,7.400000000000000000e+01
5.800258588790893555e+01,8.400000000000000000e+01,7.450000000000000000e+01
5.700254130363464355e+01,8.400000000000000000e+01,8.200000000000000000e+01
5.700254130363464355e+01,8.400000000000000000e+01,8.300000000000000000e+01
5.800258588790893555e+01,8.350000000000000000e+01,8.400000000000000000e+01
5.700254130363464355e+01,8.400000000000000000e+01,8.400000000000000000e+01
5.800258588790893555e+01,8.400000000000000000e+01,8.450000000000000000e+01
5.700254130363464355e+01,8.500000000000000000e+01,7.300000000000000000e+01
5.800258588790893555e+01,8.500000000000000000e+01,7.350000000000000000e+01
5.800258588790893555e+01,8.450000000000000000e+01,7.400000000000000000e+01
5.700254130363464355e+01,8.500000000000000000e+01,8.300000000000000000e+01
5.700254130363464355e+01,8.500000000000000000e+01,8.400000000000000000e+01
5.800258588790893555e+01,8.450000000000000000e+01,8.500000000000000000e+01
5.700254130363464355e+01,8.500000000000000000e+01,8.500000000000000000e+01
5.800258588790893555e+01,8.500000000000000000e+01,8.550000000000000000e+01
5.700254130363464355e+01,8.600000000000000000e+01,7.300000000000000000e+01
5.800258588790893555e+01,8.600000000000000000e+01,7.350000000000000000e+01
5.700254130363464355e+01,8.600000000000000000e+01,8.400000000000000000e+01
5.700254130363464355e+01,8.600000000000000000e+01,8.500000000000000000e+01
5.800258588790893555e+01,8.550000000000000000e+01,8.600000000000000000e+01
5.700254130363464355e+01,8.600000000000000000e+01,8.600000000000000000e+01
5.800258588790893555e+01,8.600000000000000000e+01,8.650000000000000000e+01
5.700254130363464355e+01,8.700000000000000000e+01,7.200000000000000000e+01
5.700254130363464355e+01,8.700000000000000000e+01,7.300000000000000000e+01
5.800258588790893555e+01,8.700000000000000000e+01,7.350000000000000000e+01
5.700254130363464355e+01,8.700000000000000000e+01,8.600000000000000000e+01
5.800258588790893555e+01,8.650000000000000000e+01,8.700000000000000000e+01
5.700254130363464355e+01,8.700000000000000000e+01,8.700000000000000000e+01
5.800258588790893555e+01,8.650000000000000000e+01,8.800000000000000000e+01
5.700254130363464355e+01,8.700000000000000000e+01,8.800000000000000000e+01
5.800258588790893555e+01,8.700000000000000000e+01,8.850000000000000000e+01
5.700254130363464355e+01,8.800000000000000000e+01,7.200000000000000000e+01
5.700254130363464355e+01,8.800000000000000000e+01,7.300000000000000000e+01
5.800258588790893555e+01,8.800000000000000000e+01,7.350000000000000000e+01
5.700254130363464355e+01,8.800000000000000000e+01,8.700000000000000000e+01
5.700254130363464355e+01,8.800000000000000000e+01,8.800000000000000000e+01
5.800258588790893555e+01,8.750000000000000000e+01,8.900000000000000000e+01
5.700254130363464355e+01,8.800000000000000000e+01,8.900000000000000000e+01
5.800258588790893555e+01,8.800000000000000000e+01,8.950000000000000000e+01
5.700254130363464355e+01,8.900000000000000000e+01,7.200000000000000000e+01
5.700254130363464355e+01,8.900000000000000000e+01,7.300000000000000000e+01
5.800258588790893555e+01,8.900000000000000000e+01,7.350000000000000000e+01
5.700254130363464355e+01,8.900000000000000000e+01,8.900000000000000000e+01
5.800258588790893555e+01,8.850000000000000000e+01,9.000000000000000000e+01
5.700254130363464355e+01,8.900000000000000000e+01,9.000000000000000000e+01
5.800258588790893555e+01,8.850000000000000000e+01,9.100000000000000000e+01
5.700254130363464355e+01,8.900000000000000000e+01,9.100000000000000000e+01
5.800258588790893555e+01,8.900000000000000000e+01,9.150000000000000000e+01
5.700254130363464355e+01,9.000000000000000000e+01,7.200000000000000000e+01
5.700254130363464355e+01,9.000000000000000000e+01,7.300000000000000000e+01
5.800258588790893555e+01,8.950000000000000000e+01,7.400000000000000000e+01
5.700254130363464355e+01,9.000000000000000000e+01,7.400000000000000000e+01
5.700254130363464355e+01,9.000000000000000000e+01,7.500000000000000000e+01
5.800258588790893555e+01,8.950000000000000000e+01,7.500000000000000000e+01
5.800258588790893555e+01,9.000000000000000000e+01,7.550000000000000000e+01
5.700254130363464355e+01,9.000000000000000000e+01,9.100000000000000000e+01
5.800258588790893555e+01,8.950000000000000000e+01,9.200000000000000000e+01
5.700254130363464355e+01,9.000000000000000000e+01,9.200000000000000000e+01
5.800258588790893555e+01,8.950000000000000000e+01,9.300000000000000000e+01
5.700254130363464355e+01,9.000000000000000000e+01,9.300000000000000000e+01
5.800258588790893555e+01,9.000000000000000000e+01,9.350000000000000000e+01
5.700254130363464355e+01,9.100000000000000000e+01,7.200000000000000000e+01
5.700254130363464355e+01,9.100000000000000000e+01,7.300000000000000000e+01
5.700254130363464355e+01,9.100000000000000000e+01,7.400000000000000000e+01
5.700254130363464355e+01,9.100000000000000000e+01,7.500000000000000000e+01
5.800258588790893555e+01,9.050000000000000000e+01,7.600000000000000000e+01
5.700254130363464355e+01,9.100000000000000000e+01,7.600000000000000000e+01
5.700254130363464355e+01,9.100000000000000000e+01,7.700000000000000000e+01
5.800258588790893555e+01,9.050000000000000000e+01,7.700000000000000000e+01
5.700254130363464355e+01,9.100000000000000000e+01,7.800000000000000000e+01
5.800258588790893555e+01,9.050000000000000000e+01,7.800000000000000000e+01
5.700254130363464355e+01,9.100000000000000000e+01,7.900000000000000000e+01
5.800258588790893555e+01,9.050000000000000000e+01,7.900000000000000000e+01
5.800258588790893555e+01,9.100000000000000000e+01,7.950000000000000000e+01
5.700254130363464355e+01,9.100000000000000000e+01,9.200000000000000000e+01
5.700254130363464355e+01,9.100000000000000000e+01,9.300000000000000000e+01
5.800258588790893555e+01,9.050000000000000000e+01,9.400000000000000000e+01
5.700254130363464355e+01,9.100000000000000000e+01,9.400000000000000000e+01
5.800258588790893555e+01,9.050000000000000000e+01,9.500000000000000000e+01
5.700254130363464355e+01,9.100000000000000000e+01,9.500000000000000000e+01
5.800258588790893555e+01,9.050000000000000000e+01,9.600000000000000000e+01
5.700254130363464355e+01,9.100000000000000000e+01,9.600000000000000000e+01
5.800258588790893555e+01,9.050000000000000000e+01,9.700000000000000000e+01
5.700254130363464355e+01,9.100000000000000000e+01,9.700000000000000000e+01
5.800258588790893555e+01,9.100000000000000000e+01,9.750000000000000000e+01
5.700254130363464355e+01,9.200000000000000000e+01,7.800000000000000000e+01
5.700254130363464355e+01,9.200000000000000000e+01,7.900000000000000000e+01
5.800258588790893555e+01,9.150000000000000000e+01,8.000000000000000000e+01
5.700254130363464355e+01,9.200000000000000000e+01,8.000000000000000000e+01
5.700254130363464355e+01,9.200000000000000000e+01,8.100000000000000000e+01
5.800258588790893555e+01,9.150000000000000000e+01,8.100000000000000000e+01
5.700254130363464355e+01,9.200000000000000000e+01,8.200000000000000000e+01
5.800258588790893555e+01,9.150000000000000000e+01,8.200000000000000000e+01
5.800258588790893555e+01,9.200000000000000000e+01,8.250000000000000000e+01
5.800258588790893555e+01,9.150000000000000000e+01,9.800000000000000000e+01
5.800258588790893555e+01,9.150000000000000000e+01,9.900000000000000000e+01
5.700254130363464355e+01,9.200000000000000000e+01,9.900000000000000000e+01
5.800258588790893555e+01,9.200000000000000000e+01,9.950000000000000000e+01
5.700254130363464355e+01,9.300000000000000000e+01,8.200000000000000000e+01
5.800258588790893555e+01,9.250000000000000000e+01,8.300000000000000000e+01
5.700254130363464355e+01,9.300000000000000000e+01,8.300000000000000000e+01
5.700254130363464355e+01,9.300000000000000000e+01,8.400000000000000000e+01
5.800258588790893555e+01,9.250000000000000000e+01,8.400000000000000000e+01
5.800258588790893555e+01,9.300000000000000000e+01,8.450000000000000000e+01
5.800258588790893555e+01,9.250000000000000000e+01,1.000000000000000000e+02
5.800258588790893555e+01,9.250000000000000000e+01,1.010000000000000000e+02
5.700254130363464355e+01,9.300000000000000000e+01,1.020000000000000000e+02
5.800258588790893555e+01,9.300000000000000000e+01,1.015000000000000000e+02
5.700254130363464355e+01,9.300000000000000000e+01,1.030000000000000000e+02
5.700254130363464355e+01,9.300000000000000000e+01,1.040000000000000000e+02
5.700254130363464355e+01,9.300000000000000000e+01,1.050000000000000000e+02
5.700254130363464355e+01,9.300000000000000000e+01,1.060000000000000000e+02
5.700254130363464355e+01,9.400000000000000000e+01,8.400000000000000000e+01
5.800258588790893555e+01,9.350000000000000000e+01,8.500000000000000000e+01
5.700254130363464355e+01,9.400000000000000000e+01,8.500000000000000000e+01
5.700254130363464355e+01,9.400000000000000000e+01,8.600000000000000000e+01
5.800258588790893555e+01,9.350000000000000000e+01,8.600000000000000000e+01
5.800258588790893555e+01,9.400000000000000000e+01,8.650000000000000000e+01
5.800258588790893555e+01,9.350000000000000000e+01,1.020000000000000000e+02
5.800258588790893555e+01,9.400000000000000000e+01,1.025000000000000000e+02
5.700254130363464355e+01,9.400000000000000000e+01,1.030000000000000000e+02
5.700254130363464355e+01,9.400000000000000000e+01,1.040000000000000000e+02
5.700254130363464355e+01,9.400000000000000000e+01,1.050000000000000000e+02
5.700254130363464355e+01,9.400000000000000000e+01,1.060000000000000000e+02
5.700254130363464355e+01,9.400000000000000000e+01,1.070000000000000000e+02
5.700254130363464355e+01,9.400000000000000000e+01,1.080000000000000000e+02
5.700254130363464355e+01,9.500000000000000000e+01,8.600000000000000000e+01
5.800258588790893555e+01,9.450000000000000000e+01,8.700000000000000000e+01
5.700254130363464355e+01,9.500000000000000000e+01,8.700000000000000000e+01
5.700254130363464355e+01,9.500000000000000000e+01,8.800000000000000000e+01
5.800258588790893555e+01,9.450000000000000000e+01,8.800000000000000000e+01
5.800258588790893555e+01,9.500000000000000000e+01,8.850000000000000000e+01
5.700254130363464355e+01,9.500000000000000000e+01,1.030000000000000000e+02
5.800258588790893555e+01,9.500000000000000000e+01,1.025000000000000000e+02
5.700254130363464355e+01,9.500000000000000000e+01,1.040000000000000000e+02
5.700254130363464355e+01,9.500000000000000000e+01,1.050000000000000000e+02
5.700254130363464355e+01,9.500000000000000000e+01,1.060000000000000000e+02
5.700254130363464355e+01,9.500000000000000000e+01,1.070000000000000000e+02
5.700254130363464355e+01,9.500000000000000000e+01,1.080000000000000000e+02
5.700254130363464355e+01,9.600000000000000000e+01,8.700000000000000000e+01
5.700254130363464355e+01,9.600000000000000000e+01,8.800000000000000000e+01
5.800258588790893555e+01,9.550000000000000000e+01,8.900000000000000000e+01
5.700254130363464355e+01,9.600000000000000000e+01,8.900000000000000000e+01
5.700254130363464355e+01,9.600000000000000000e+01,9.000000000000000000e+01
5.800258588790893555e+01,9.550000000000000000e+01,9.000000000000000000e+01
5.700254130363464355e+01,9.600000000000000000e+01,9.100000000000000000e+01
5.800258588790893555e+01,9.550000000000000000e+01,9.100000000000000000e+01
5.800258588790893555e+01,9.600000000000000000e+01,9.150000000000000000e+01
5.700254130363464355e+01,9.600000000000000000e+01,1.020000000000000000e+02
5.800258588790893555e+01,9.550000000000000000e+01,1.020000000000000000e+02
5.800258588790893555e+01,9.600000000000000000e+01,1.015000000000000000e+02
5.700254130363464355e+01,9.600000000000000000e+01,1.030000000000000000e+02
5.700254130363464355e+01,9.600000000000000000e+01,1.040000000000000000e+02
5.700254130363464355e+01,9.600000000000000000e+01,1.050000000000000000e+02
5.700254130363464355e+01,9.700000000000000000e+01,8.800000000000000000e+01
5.700254130363464355e+01,9.700000000000000000e+01,8.900000000000000000e+01
5.700254130363464355e+01,9.700000000000000000e+01,9.000000000000000000e+01
5.700254130363464355e+01,9.700000000000000000e+01,9.100000000000000000e+01
5.800258588790893555e+01,9.650000000000000000e+01,9.200000000000000000e+01
5.700254130363464355e+01,9.700000000000000000e+01,9.200000000000000000e+01
5.700254130363464355e+01,9.700000000000000000e+01,9.300000000000000000e+01
5.800258588790893555e+01,9.650000000000000000e+01,9.300000000000000000e+01
5.700254130363464355e+01,9.700000000000000000e+01,9.400000000000000000e+01
5.800258588790893555e+01,9.650000000000000000e+01,9.400000000000000000e+01
5.700254130363464355e+01,9.700000000000000000e+01,9.500000000000000000e+01
5.800258588790893555e+01,9.650000000000000000e+01,9.500000000000000000e+01
5.700254130363464355e+01,9.700000000000000000e+01,9.600000000000000000e+01
5.800258588790893555e+01,9.650000000000000000e+01,9.600000000000000000e+01
5.700254130363464355e+01,9.700000000000000000e+01,9.700000000000000000e+01
5.800258588790893555e+01,9.650000000000000000e+01,9.700000000000000000e+01
5.700254130363464355e+01,9.700000000000000000e+01,9.800000000000000000e+01
5.800258588790893555e+01,9.650000000000000000e+01,9.800000000000000000e+01
5.700254130363464355e+01,9.700000000000000000e+01,9.900000000000000000e+01
5.800258588790893555e+01,9.650000000000000000e+01,9.900000000000000000e+01
5.700254130363464355e+01,9.700000000000000000e+01,1.000000000000000000e+02
5.800258588790893555e+01,9.650000000000000000e+01,1.000000000000000000e+02
5.700254130363464355e+01,9.700000000000000000e+01,1.010000000000000000e+02
5.800258588790893555e+01,9.650000000000000000e+01,1.010000000000000000e+02
5.700254130363464355e+01,9.700000000000000000e+01,1.020000000000000000e+02
5.700254130363464355e+01,9.700000000000000000e+01,1.030000000000000000e+02
5.700254130363464355e+01,9.700000000000000000e+01,1.040000000000000000e+02
5.700254130363464355e+01,9.800000000000000000e+01,9.000000000000000000e+01
5.700254130363464355e+01,9.800000000000000000e+01,9.100000000000000000e+01
5.700254130363464355e+01,9.800000000000000000e+01,9.200000000000000000e+01
5.700254130363464355e+01,9.800000000000000000e+01,9.300000000000000000e+01
5.700254130363464355e+01,9.800000000000000000e+01,9.400000000000000000e+01
5.700254130363464355e+01,9.800000000000000000e+01,9.500000000000000000e+01
5.700254130363464355e+01,9.800000000000000000e+01,9.600000000000000000e+01
5.700254130363464355e+01,9.800000000000000000e+01,9.700000000000000000e+01
5.700254130363464355e+01,9.800000000000000000e+01,9.800000000000000000e+01
5.700254130363464355e+01,9.800000000000000000e+01,9.900000000000000000e+01
5.700254130363464355e+01,9.800000000000000000e+01,1.000000000000000000e+02
5.700254130363464355e+01,9.800000000000000000e+01,1.010000000000000000e+02
5.700254130363464355e+01,1.060000000000000000e+02,9.800000000000000000e+01
5.700254130363464355e+01,1.060000000000000000e+02,9.900000000000000000e+01
5.700254130363464355e+01,1.060000000000000000e+02,1.000000000000000000e+02
5.700254130363464355e+01,1.060000000000000000e+02,1.010000000000000000e+02
5.700254130363464355e+01,1.060000000000000000e+02,1.020000000000000000e+02
5.700254130363464355e+01,1.070000000000000000e+02,9.600000000000000000e+01
5.700254130363464355e+01,1.070000000000000000e+02,9.700000000000000000e+01
5.700254130363464355e+01,1.070000000000000000e+02,9.800000000000000000e+01
5.700254130363464355e+01,1.070000000000000000e+02,9.900000000000000000e+01
5.700254130363464355e+01,1.070000000000000000e+02,1.000000000000000000e+02
5.800258588790893555e+01,1.070000000000000000e+02,1.005000000000000000e+02
5.800258588790893555e+01,1.065000000000000000e+02,1.010000000000000000e+02
5.800258588790893555e+01,1.065000000000000000e+02,1.020000000000000000e+02
5.800258588790893555e+01,1.065000000000000000e+02,1.030000000000000000e+02
5.800258588790893555e+01,1.065000000000000000e+02,1.040000000000000000e+02
5.800258588790893555e+01,1.065000000000000000e+02,1.050000000000000000e+02
5.800258588790893555e+01,1.070000000000000000e+02,1.055000000000000000e+02
5.700254130363464355e+01,1.080000000000000000e+02,9.400000000000000000e+01
5.700254130363464355e+01,1.080000000000000000e+02,9.500000000000000000e+01
5.700254130363464355e+01,1.080000000000000000e+02,9.600000000000000000e+01
5.800258588790893555e+01,1.080000000000000000e+02,9.650000000000000000e+01
5.800258588790893555e+01,1.075000000000000000e+02,9.700000000000000000e+01
5.800258588790893555e+01,1.075000000000000000e+02,9.800000000000000000e+01
5.800258588790893555e+01,1.075000000000000000e+02,9.900000000000000000e+01
5.800258588790893555e+01,1.075000000000000000e+02,1.000000000000000000e+02
5.800258588790893555e+01,1.075000000000000000e+02,1.060000000000000000e+02
5.800258588790893555e+01,1.075000000000000000e+02,1.070000000000000000e+02
5.800258588790893555e+01,1.080000000000000000e+02,1.075000000000000000e+02
5.700254130363464355e+01,1.090000000000000000e+02,9.300000000000000000e+01
5.700254130363464355e+01,1.090000000000000000e+02,9.400000000000000000e+01
5.800258588790893555e+01,1.090000000000000000e+02,9.450000000000000000e+01
5.800258588790893555e+01,1.085000000000000000e+02,9.500000000000000000e+01
5.800258588790893555e+01,1.085000000000000000e+02,9.600000000000000000e+01
5.800258588790893555e+01,1.090000000000000000e+02,1.075000000000000000e+02
5.800258588790893555e+01,1.100000000000000000e+02,8.250000000000000000e+01
5.800258588790893555e+01,1.095000000000000000e+02,8.300000000000000000e+01
5.700254130363464355e+01,1.100000000000000000e+02,8.400000000000000000e+01
5.800258588790893555e+01,1.100000000000000000e+02,8.350000000000000000e+01
5.700254130363464355e+01,1.100000000000000000e+02,9.000000000000000000e+01
5.700254130363464355e+01,1.100000000000000000e+02,9.100000000000000000e+01
5.800258588790893555e+01,1.100000000000000000e+02,9.150000000000000000e+01
5.800258588790893555e+01,1.095000000000000000e+02,9.200000000000000000e+01
5.800258588790893555e+01,1.095000000000000000e+02,9.300000000000000000e+01
5.800258588790893555e+01,1.095000000000000000e+02,9.400000000000000000e+01
5.800258588790893555e+01,1.095000000000000000e+02,1.080000000000000000e+02
5.800258588790893555e+01,1.100000000000000000e+02,1.085000000000000000e+02
5.800258588790893555e+01,1.110000000000000000e+02,8.050000000000000000e+01
5.800258588790893555e+01,1.105000000000000000e+02,8.100000000000000000e+01
5.800258588790893555e+01,1.105000000000000000e+02,8.200000000000000000e+01
5.800258588790893555e+01,1.105000000000000000e+02,8.400000000000000000e+01
5.800258588790893555e+01,1.105000000000000000e+02,8.500000000000000000e+01
5.800258588790893555e+01,1.105000000000000000e+02,8.600000000000000000e+01
5.800258588790893555e+01,1.105000000000000000e+02,8.700000000000000000e+01
5.800258588790893555e+01,1.105000000000000000e+02,8.800000000000000000e+01
5.800258588790893555e+01,1.105000000000000000e+02,8.900000000000000000e+01
5.800258588790893555e+01,1.105000000000000000e+02,9.000000000000000000e+01
5.800258588790893555e+01,1.105000000000000000e+02,9.100000000000000000e+01
5.700254130363464355e+01,1.110000000000000000e+02,1.080000000000000000e+02
5.800258588790893555e+01,1.105000000000000000e+02,1.080000000000000000e+02
5.800258588790893555e+01,1.110000000000000000e+02,1.075000000000000000e+02
5.800258588790893555e+01,1.120000000000000000e+02,8.050000000000000000e+01
5.800258588790893555e+01,1.120000000000000000e+02,1.075000000000000000e+02
5.800258588790893555e+01,1.130000000000000000e+02,8.050000000000000000e+01
5.800258588790893555e+01,1.130000000000000000e+02,1.075000000000000000e+02
5.800258588790893555e+01,1.140000000000000000e+02,8.050000000000000000e+01
5.800258588790893555e+01,1.140000000000000000e+02,1.075000000000000000e+02
5.800258588790893555e+01,1.150000000000000000e+02,8.050000000000000000e+01
5.800258588790893555e+01,1.150000000000000000e+02,1.075000000000000000e+02
5.800258588790893555e+01,1.160000000000000000e+02,8.050000000000000000e+01
5.800258588790893555e+01,1.155000000000000000e+02,1.070000000000000000e+02
5.800258588790893555e+01,1.160000000000000000e+02,1.065000000000000000e+02
5.800258588790893555e+01,1.170000000000000000e+02,8.050000000000000000e+01
5.800258588790893555e+01,1.170000000000000000e+02,1.065000000000000000e+02
5.800258588790893555e+01,1.175000000000000000e+02,8.100000000000000000e+01
5.700254130363464355e+01,1.180000000000000000e+02,8.100000000000000000e+01
5.800258588790893555e+01,1.180000000000000000e+02,8.150000000000000000e+01
5.800258588790893555e+01,1.180000000000000000e+02,1.065000000000000000e+02
5.700254130363464355e+01,1.190000000000000000e+02,8.100000000000000000e+01
5.800258588790893555e+01,1.190000000000000000e+02,8.150000000000000000e+01
5.800258588790893555e+01,1.190000000000000000e+02,1.065000000000000000e+02
5.800258588790893555e+01,1.200000000000000000e+02,8.150000000000000000e+01
5.800258588790893555e+01,1.200000000000000000e+02,1.065000000000000000e+02
5.800258588790893555e+01,1.210000000000000000e+02,8.150000000000000000e+01
5.800258588790893555e+01,1.210000000000000000e+02,1.065000000000000000e+02
5.800258588790893555e+01,1.220000000000000000e+02,8.150000000000000000e+01
5.800258588790893555e+01,1.220000000000000000e+02,1.065000000000000000e+02
5.800258588790893555e+01,1.225000000000000000e+02,8.200000000000000000e+01
5.700254130363464355e+01,1.230000000000000000e+02,8.200000000000000000e+01
5.800258588790893555e+01,1.230000000000000000e+02,8.250000000000000000e+01
5.800258588790893555e+01,1.230000000000000000e+02,1.065000000000000000e+02
5.700254130363464355e+01,1.240000000000000000e+02,8.200000000000000000e+01
5.800258588790893555e+01,1.240000000000000000e+02,8.250000000000000000e+01
5.800258588790893555e+01,1.235000000000000000e+02,1.070000000000000000e+02
5.800258588790893555e+01,1.240000000000000000e+02,1.075000000000000000e+02
5.800258588790893555e+01,1.250000000000000000e+02,8.150000000000000000e+01
5.800258588790893555e+01,1.245000000000000000e+02,8.200000000000000000e+01
5.800258588790893555e+01,1.250000000000000000e+02,1.075000000000000000e+02
5.800258588790893555e+01,1.260000000000000000e+02,8.150000000000000000e+01
5.800258588790893555e+01,1.260000000000000000e+02,1.075000000000000000e+02
5.800258588790893555e+01,1.270000000000000000e+02,8.150000000000000000e+01
5.800258588790893555e+01,1.265000000000000000e+02,1.080000000000000000e+02
5.800258588790893555e+01,1.270000000000000000e+02,1.085000000000000000e+02
5.800258588790893555e+01,1.280000000000000000e+02,8.150000000000000000e+01
5.800258588790893555e+01,1.280000000000000000e+02,1.085000000000000000e+02
5.800258588790893555e+01,1.290000000000000000e+02,8.150000000000000000e+01
5.800258588790893555e+01,1.290000000000000000e+02,1.085000000000000000e+02
5.700254130363464355e+01,1.300000000000000000e+02,8.100000000000000000e+01
5.800258588790893555e+01,1.300000000000000000e+02,8.150000000000000000e+01
5.800258588790893555e+01,1.295000000000000000e+02,1.090000000000000000e+02
5.700254130363464355e+01,1.300000000000000000e+02,1.090000000000000000e+02
5.800258588790893555e+01,1.300000000000000000e+02,1.095000000000000000e+02
5.700254130363464355e+01,1.310000000000000000e+02,8.100000000000000000e+01
5.800258588790893555e+01,1.310000000000000000e+02,8.150000000000000000e+01
5.800258588790893555e+01,1.310000000000000000e+02,1.095000000000000000e+02
5.800258588790893555e+01,1.320000000000000000e+02,8.050000000000000000e+01
5.800258588790893555e+01,1.315000000000000000e+02,8.100000000000000000e+01
5.800258588790893555e+01,1.320000000000000000e+02,1.095000000000000000e+02
5.800258588790893555e+01,1.330000000000000000e+02,8.050000000000000000e+01
5.800258588790893555e+01,1.330000000000000000e+02,1.095000000000000000e+02
5.800258588790893555e+01,1.340000000000000000e+02,8.050000000000000000e+01
5.800258588790893555e+01,1.340000000000000000e+02,1.095000000000000000e+02
5.800258588790893555e+01,1.350000000000000000e+02,8.050000000000000000e+01
5.800258588790893555e+01,1.350000000000000000e+02,1.095000000000000000e+02
5.800258588790893555e+01,1.360000000000000000e+02,8.050000000000000000e+01
5.800258588790893555e+01,1.360000000000000000e+02,1.095000000000000000e+02
5.800258588790893555e+01,1.370000000000000000e+02,8.050000000000000000e+01
5.700254130363464355e+01,1.370000000000000000e+02,9.700000000000000000e+01
5.700254130363464355e+01,1.370000000000000000e+02,9.800000000000000000e+01
5.700254130363464355e+01,1.370000000000000000e+02,9.900000000000000000e+01
5.700254130363464355e+01,1.370000000000000000e+02,1.000000000000000000e+02
5.700254130363464355e+01,1.370000000000000000e+02,1.010000000000000000e+02
5.700254130363464355e+01,1.370000000000000000e+02,1.020000000000000000e+02
5.700254130363464355e+01,1.370000000000000000e+02,1.090000000000000000e+02
5.800258588790893555e+01,1.370000000000000000e+02,1.095000000000000000e+02
5.700254130363464355e+01,1.380000000000000000e+02,8.100000000000000000e+01
5.800258588790893555e+01,1.380000000000000000e+02,8.050000000000000000e+01
5.700254130363464355e+01,1.380000000000000000e+02,9.000000000000000000e+01
5.700254130363464355e+01,1.380000000000000000e+02,9.100000000000000000e+01
5.700254130363464355e+01,1.380000000000000000e+02,9.200000000000000000e+01
5.800258588790893555e+01,1.380000000000000000e+02,9.250000000000000000e+01
5.800258588790893555e+01,1.375000000000000000e+02,9.300000000000000000e+01
5.800258588790893555e+01,1.375000000000000000e+02,9.400000000000000000e+01
5.800258588790893555e+01,1.375000000000000000e+02,9.500000000000000000e+01
5.800258588790893555e+01,1.375000000000000000e+02,9.600000000000000000e+01
5.800258588790893555e+01,1.375000000000000000e+02,9.700000000000000000e+01
5.800258588790893555e+01,1.375000000000000000e+02,9.800000000000000000e+01
5.800258588790893555e+01,1.375000000000000000e+02,9.900000000000000000e+01
5.800258588790893555e+01,1.375000000000000000e+02,1.000000000000000000e+02
5.800258588790893555e+01,1.375000000000000000e+02,1.010000000000000000e+02
5.800258588790893555e+01,1.375000000000000000e+02,1.020000000000000000e+02
5.800258588790893555e+01,1.375000000000000000e+02,1.030000000000000000e+02
5.700254130363464355e+01,1.380000000000000000e+02,1.040000000000000000e+02
5.800258588790893555e+01,1.380000000000000000e+02,1.035000000000000000e+02
5.700254130363464355e+01,1.380000000000000000e+02,1.050000000000000000e+02
5.700254130363464355e+01,1.380000000000000000e+02,1.090000000000000000e+02
5.800258588790893555e+01,1.380000000000000000e+02,1.095000000000000000e+02
5.800258588790893555e+01,1.385000000000000000e+02,8.100000000000000000e+01
5.800258588790893555e+01,1.390000000000000000e+02,8.150000000000000000e+01
5.700254130363464355e+01,1.390000000000000000e+02,8.800000000000000000e+01
5.800258588790893555e+01,1.390000000000000000e+02,8.850000000000000000e+01
5.800258588790893555e+01,1.385000000000000000e+02,8.900000000000000000e+01
5.800258588790893555e+01,1.385000000000000000e+02,9.000000000000000000e+01
5.800258588790893555e+01,1.385000000000000000e+02,9.100000000000000000e+01
5.800258588790893555e+01,1.385000000000000000e+02,9.200000000000000000e+01
5.800258588790893555e+01,1.385000000000000000e+02,1.040000000000000000e+02
5.800258588790893555e+01,1.385000000000000000e+02,1.050000000000000000e+02
5.800258588790893555e+01,1.385000000000000000e+02,1.060000000000000000e+02
5.700254130363464355e+01,1.390000000000000000e+02,1.070000000000000000e+02
5.800258588790893555e+01,1.390000000000000000e+02,1.065000000000000000e+02
5.700254130363464355e+01,1.390000000000000000e+02,1.080000000000000000e+02
5.800258588790893555e+01,1.390000000000000000e+02,1.085000000000000000e+02
5.800258588790893555e+01,1.385000000000000000e+02,1.090000000000000000e+02
5.700254130363464355e+01,1.400000000000000000e+02,8.200000000000000000e+01
5.800258588790893555e+01,1.400000000000000000e+02,8.150000000000000000e+01
5.700254130363464355e+01,1.400000000000000000e+02,8.500000000000000000e+01
5.800258588790893555e+01,1.400000000000000000e+02,8.550000000000000000e+01
5.800258588790893555e+01,1.395000000000000000e+02,8.600000000000000000e+01
5.800258588790893555e+01,1.395000000000000000e+02,8.700000000000000000e+01
5.800258588790893555e+01,1.395000000000000000e+02,8.800000000000000000e+01
5.800258588790893555e+01,1.395000000000000000e+02,1.070000000000000000e+02
5.800258588790893555e+01,1.395000000000000000e+02,1.080000000000000000e+02
5.800258588790893555e+01,1.405000000000000000e+02,8.200000000000000000e+01
5.800258588790893555e+01,1.405000000000000000e+02,8.300000000000000000e+01
5.800258588790893555e+01,1.405000000000000000e+02,8.400000000000000000e+01
5.800258588790893555e+01,1.405000000000000000e+02,8.500000000000000000e+01
5.900263047218322754e+01,7.600000000000000000e+01,7.700000000000000000e+01
6.000267505645751953e+01,7.600000000000000000e+01,7.650000000000000000e+01
6.000267505645751953e+01,7.550000000000000000e+01,7.700000000000000000e+01
6.000267505645751953e+01,7.550000000000000000e+01,7.800000000000000000e+01
5.900263047218322754e+01,7.600000000000000000e+01,7.800000000000000000e+01
6.000267505645751953e+01,7.550000000000000000e+01,7.900000000000000000e+01
5.900263047218322754e+01,7.600000000000000000e+01,7.900000000000000000e+01
6.000267505645751953e+01,7.550000000000000000e+01,8.000000000000000000e+01
5.900263047218322754e+01,7.600000000000000000e+01,8.000000000000000000e+01
6.000267505645751953e+01,7.600000000000000000e+01,8.050000000000000000e+01
5.900263047218322754e+01,7.700000000000000000e+01,7.700000000000000000e+01
6.000267505645751953e+01,7.700000000000000000e+01,7.650000000000000000e+01
5.900263047218322754e+01,7.700000000000000000e+01,7.800000000000000000e+01
5.900263047218322754e+01,7.700000000000000000e+01,7.900000000000000000e+01
5.900263047218322754e+01,7.700000000000000000e+01,8.000000000000000000e+01
6.000267505645751953e+01,7.650000000000000000e+01,8.100000000000000000e+01
5.900263047218322754e+01,7.700000000000000000e+01,8.100000000000000000e+01
6.000267505645751953e+01,7.700000000000000000e+01,8.150000000000000000e+01
5.900263047218322754e+01,7.800000000000000000e+01,7.600000000000000000e+01
6.000267505645751953e+01,7.800000000000000000e+01,7.550000000000000000e+01
6.000267505645751953e+01,7.750000000000000000e+01,7.600000000000000000e+01
5.900263047218322754e+01,7.800000000000000000e+01,7.700000000000000000e+01
5.900263047218322754e+01,7.800000000000000000e+01,7.800000000000000000e+01
5.900263047218322754e+01,7.800000000000000000e+01,7.900000000000000000e+01
5.900263047218322754e+01,7.800000000000000000e+01,8.000000000000000000e+01
5.900263047218322754e+01,7.800000000000000000e+01,8.100000000000000000e+01
6.000267505645751953e+01,7.750000000000000000e+01,8.200000000000000000e+01
5.900263047218322754e+01,7.800000000000000000e+01,8.200000000000000000e+01
6.000267505645751953e+01,7.800000000000000000e+01,8.250000000000000000e+01
5.900263047218322754e+01,7.900000000000000000e+01,7.600000000000000000e+01
6.000267505645751953e+01,7.900000000000000000e+01,7.550000000000000000e+01
5.900263047218322754e+01,7.900000000000000000e+01,7.700000000000000000e+01
5.900263047218322754e+01,7.900000000000000000e+01,7.800000000000000000e+01
5.900263047218322754e+01,7.900000000000000000e+01,7.900000000000000000e+01
5.900263047218322754e+01,7.900000000000000000e+01,8.000000000000000000e+01
5.900263047218322754e+01,7.900000000000000000e+01,8.100000000000000000e+01
5.900263047218322754e+01,7.900000000000000000e+01,8.200000000000000000e+01
6.000267505645751953e+01,7.850000000000000000e+01,8.300000000000000000e+01
5.900263047218322754e+01,7.900000000000000000e+01,8.300000000000000000e+01
6.000267505645751953e+01,7.900000000000000000e+01,8.350000000000000000e+01
5.900263047218322754e+01,8.000000000000000000e+01,7.600000000000000000e+01
6.000267505645751953e+01,8.000000000000000000e+01,7.550000000000000000e+01
5.900263047218322754e+01,8.000000000000000000e+01,8.100000000000000000e+01
5.900263047218322754e+01,8.000000000000000000e+01,8.200000000000000000e+01
5.900263047218322754e+01,8.000000000000000000e+01,8.300000000000000000e+01
6.000267505645751953e+01,7.950000000000000000e+01,8.400000000000000000e+01
5.900263047218322754e+01,8.000000000000000000e+01,8.400000000000000000e+01
6.000267505645751953e+01,8.000000000000000000e+01,8.450000000000000000e+01
6.000267505645751953e+01,8.100000000000000000e+01,7.550000000000000000e+01
5.900263047218322754e+01,8.100000000000000000e+01,8.200000000000000000e+01
5.900263047218322754e+01,8.100000000000000000e+01,8.300000000000000000e+01
5.900263047218322754e+01,8.100000000000000000e+01,8.400000000000000000e+01
6.000267505645751953e+01,8.100000000000000000e+01,8.450000000000000000e+01
5.900263047218322754e+01,8.200000000000000000e+01,7.500000000000000000e+01
6.000267505645751953e+01,8.200000000000000000e+01,7.550000000000000000e+01
5.900263047218322754e+01,8.200000000000000000e+01,8.300000000000000000e+01
5.900263047218322754e+01,8.200000000000000000e+01,8.400000000000000000e+01
6.000267505645751953e+01,8.150000000000000000e+01,8.500000000000000000e+01
5.900263047218322754e+01,8.200000000000000000e+01,8.500000000000000000e+01
6.000267505645751953e+01,8.200000000000000000e+01,8.550000000000000000e+01
5.900263047218322754e+01,8.300000000000000000e+01,7.500000000000000000e+01
6.000267505645751953e+01,8.300000000000000000e+01,7.550000000000000000e+01
5.900263047218322754e+01,8.300000000000000000e+01,8.400000000000000000e+01
5.900263047218322754e+01,8.300000000000000000e+01,8.500000000000000000e+01
6.000267505645751953e+01,8.250000000000000000e+01,8.600000000000000000e+01
5.900263047218322754e+01,8.300000000000000000e+01,8.600000000000000000e+01
6.000267505645751953e+01,8.300000000000000000e+01,8.650000000000000000e+01
5.900263047218322754e+01,8.400000000000000000e+01,7.500000000000000000e+01
6.000267505645751953e+01,8.400000000000000000e+01,7.550000000000000000e+01
5.900263047218322754e+01,8.400000000000000000e+01,8.500000000000000000e+01
5.900263047218322754e+01,8.400000000000000000e+01,8.600000000000000000e+01
6.000267505645751953e+01,8.350000000000000000e+01,8.700000000000000000e+01
5.900263047218322754e+01,8.400000000000000000e+01,8.700000000000000000e+01
6.000267505645751953e+01,8.400000000000000000e+01,8.750000000000000000e+01
5.900263047218322754e+01,8.500000000000000000e+01,7.400000000000000000e+01
5.900263047218322754e+01,8.500000000000000000e+01,7.500000000000000000e+01
6.000267505645751953e+01,8.500000000000000000e+01,7.550000000000000000e+01
5.900263047218322754e+01,8.500000000000000000e+01,8.600000000000000000e+01
5.900263047218322754e+01,8.500000000000000000e+01,8.700000000000000000e+01
6.000267505645751953e+01,8.450000000000000000e+01,8.800000000000000000e+01
5.900263047218322754e+01,8.500000000000000000e+01,8.800000000000000000e+01
6.000267505645751953e+01,8.500000000000000000e+01,8.850000000000000000e+01
5.900263047218322754e+01,8.600000000000000000e+01,7.400000000000000000e+01
5.900263047218322754e+01,8.600000000000000000e+01,7.500000000000000000e+01
6.000267505645751953e+01,8.600000000000000000e+01,7.550000000000000000e+01
5.900263047218322754e+01,8.600000000000000000e+01,8.700000000000000000e+01
5.900263047218322754e+01,8.600000000000000000e+01,8.800000000000000000e+01
6.000267505645751953e+01,8.550000000000000000e+01,8.900000000000000000e+01
5.900263047218322754e+01,8.600000000000000000e+01,8.900000000000000000e+01
6.000267505645751953e+01,8.550000000000000000e+01,9.000000000000000000e+01
5.900263047218322754e+01,8.600000000000000000e+01,9.000000000000000000e+01
6.000267505645751953e+01,8.600000000000000000e+01,9.050000000000000000e+01
5.900263047218322754e+01,8.700000000000000000e+01,7.400000000000000000e+01
5.900263047218322754e+01,8.700000000000000000e+01,7.500000000000000000e+01
6.000267505645751953e+01,8.650000000000000000e+01,7.600000000000000000e+01
5.900263047218322754e+01,8.700000000000000000e+01,7.600000000000000000e+01
6.000267505645751953e+01,8.700000000000000000e+01,7.650000000000000000e+01
5.900263047218322754e+01,8.700000000000000000e+01,8.900000000000000000e+01
5.900263047218322754e+01,8.700000000000000000e+01,9.000000000000000000e+01
6.000267505645751953e+01,8.650000000000000000e+01,9.100000000000000000e+01
5.900263047218322754e+01,8.700000000000000000e+01,9.100000000000000000e+01
6.000267505645751953e+01,8.700000000000000000e+01,9.150000000000000000e+01
5.900263047218322754e+01,8.800000000000000000e+01,7.400000000000000000e+01
5.900263047218322754e+01,8.800000000000000000e+01,7.500000000000000000e+01
5.900263047218322754e+01,8.800000000000000000e+01,7.600000000000000000e+01
6.000267505645751953e+01,8.750000000000000000e+01,7.700000000000000000e+01
5.900263047218322754e+01,8.800000000000000000e+01,7.700000000000000000e+01
5.900263047218322754e+01,8.800000000000000000e+01,7.800000000000000000e+01
6.000267505645751953e+01,8.750000000000000000e+01,7.800000000000000000e+01
6.000267505645751953e+01,8.800000000000000000e+01,7.850000000000000000e+01
5.900263047218322754e+01,8.800000000000000000e+01,9.000000000000000000e+01
5.900263047218322754e+01,8.800000000000000000e+01,9.100000000000000000e+01
6.000267505645751953e+01,8.750000000000000000e+01,9.200000000000000000e+01
5.900263047218322754e+01,8.800000000000000000e+01,9.200000000000000000e+01
6.000267505645751953e+01,8.750000000000000000e+01,9.300000000000000000e+01
5.900263047218322754e+01,8.800000000000000000e+01,9.300000000000000000e+01
6.000267505645751953e+01,8.800000000000000000e+01,9.350000000000000000e+01
5.900263047218322754e+01,8.900000000000000000e+01,7.400000000000000000e+01
5.900263047218322754e+01,8.900000000000000000e+01,7.500000000000000000e+01
5.900263047218322754e+01,8.900000000000000000e+01,7.600000000000000000e+01
5.900263047218322754e+01,8.900000000000000000e+01,7.700000000000000000e+01
5.900263047218322754e+01,8.900000000000000000e+01,7.800000000000000000e+01
6.000267505645751953e+01,8.850000000000000000e+01,7.900000000000000000e+01
5.900263047218322754e+01,8.900000000000000000e+01,7.900000000000000000e+01
5.900263047218322754e+01,8.900000000000000000e+01,8.000000000000000000e+01
6.000267505645751953e+01,8.850000000000000000e+01,8.000000000000000000e+01
6.000267505645751953e+01,8.900000000000000000e+01,8.050000000000000000e+01
5.900263047218322754e+01,8.900000000000000000e+01,9.200000000000000000e+01
5.900263047218322754e+01,8.900000000000000000e+01,9.300000000000000000e+01
6.000267505645751953e+01,8.850000000000000000e+01,9.400000000000000000e+01
5.900263047218322754e+01,8.900000000000000000e+01,9.400000000000000000e+01
6.000267505645751953e+01,8.850000000000000000e+01,9.500000000000000000e+01
5.900263047218322754e+01,8.900000000000000000e+01,9.500000000000000000e+01
6.000267505645751953e+01,8.900000000000000000e+01,9.550000000000000000e+01
5.900263047218322754e+01,9.000000000000000000e+01,7.600000000000000000e+01
5.900263047218322754e+01,9.000000000000000000e+01,7.700000000000000000e+01
5.900263047218322754e+01,9.000000000000000000e+01,7.800000000000000000e+01
5.900263047218322754e+01,9.000000000000000000e+01,7.900000000000000000e+01
5.900263047218322754e+01,9.000000000000000000e+01,8.000000000000000000e+01
6.000267505645751953e+01,8.950000000000000000e+01,8.100000000000000000e+01
5.900263047218322754e+01,9.000000000000000000e+01,8.100000000000000000e+01
5.900263047218322754e+01,9.000000000000000000e+01,8.200000000000000000e+01
6.000267505645751953e+01,8.950000000000000000e+01,8.200000000000000000e+01
6.000267505645751953e+01,9.000000000000000000e+01,8.250000000000000000e+01
5.900263047218322754e+01,9.000000000000000000e+01,9.400000000000000000e+01
5.900263047218322754e+01,9.000000000000000000e+01,9.500000000000000000e+01
6.000267505645751953e+01,8.950000000000000000e+01,9.600000000000000000e+01
5.900263047218322754e+01,9.000000000000000000e+01,9.600000000000000000e+01
6.000267505645751953e+01,9.000000000000000000e+01,9.650000000000000000e+01
5.900263047218322754e+01,9.100000000000000000e+01,8.000000000000000000e+01
5.900263047218322754e+01,9.100000000000000000e+01,8.100000000000000000e+01
5.900263047218322754e+01,9.100000000000000000e+01,8.200000000000000000e+01
6.000267505645751953e+01,9.050000000000000000e+01,8.300000000000000000e+01
5.900263047218322754e+01,9.100000000000000000e+01,8.300000000000000000e+01
6.000267505645751953e+01,9.100000000000000000e+01,8.350000000000000000e+01
6.000267505645751953e+01,9.050000000000000000e+01,9.700000000000000000e+01
6.000267505645751953e+01,9.100000000000000000e+01,9.750000000000000000e+01
5.900263047218322754e+01,9.200000000000000000e+01,8.300000000000000000e+01
6.000267505645751953e+01,9.150000000000000000e+01,8.400000000000000000e+01
5.900263047218322754e+01,9.200000000000000000e+01,8.400000000000000000e+01
5.900263047218322754e+01,9.200000000000000000e+01,8.500000000000000000e+01
6.000267505645751953e+01,9.150000000000000000e+01,8.500000000000000000e+01
5.900263047218322754e+01,9.200000000000000000e+01,8.600000000000000000e+01
6.000267505645751953e+01,9.150000000000000000e+01,8.600000000000000000e+01
6.000267505645751953e+01,9.200000000000000000e+01,8.650000000000000000e+01
6.000267505645751953e+01,9.150000000000000000e+01,9.800000000000000000e+01
5.900263047218322754e+01,9.200000000000000000e+01,9.900000000000000000e+01
6.000267505645751953e+01,9.200000000000000000e+01,9.850000000000000000e+01
5.900263047218322754e+01,9.300000000000000000e+01,8.500000000000000000e+01
5.900263047218322754e+01,9.300000000000000000e+01,8.600000000000000000e+01
6.000267505645751953e+01,9.250000000000000000e+01,8.700000000000000000e+01
5.900263047218322754e+01,9.300000000000000000e+01,8.700000000000000000e+01
5.900263047218322754e+01,9.300000000000000000e+01,8.800000000000000000e+01
6.000267505645751953e+01,9.250000000000000000e+01,8.800000000000000000e+01
6.000267505645751953e+01,9.300000000000000000e+01,8.850000000000000000e+01
5.900263047218322754e+01,9.300000000000000000e+01,9.200000000000000000e+01
6.000267505645751953e+01,9.250000000000000000e+01,9.200000000000000000e+01
6.000267505645751953e+01,9.300000000000000000e+01,9.150000000000000000e+01
5.900263047218322754e+01,9.300000000000000000e+01,9.300000000000000000e+01
6.000267505645751953e+01,9.250000000000000000e+01,9.300000000000000000e+01
5.900263047218322754e+01,9.300000000000000000e+01,9.400000000000000000e+01
6.000267505645751953e+01,9.250000000000000000e+01,9.400000000000000000e+01
5.900263047218322754e+01,9.300000000000000000e+01,9.500000000000000000e+01
6.000267505645751953e+01,9.250000000000000000e+01,9.500000000000000000e+01
5.900263047218322754e+01,9.300000000000000000e+01,9.600000000000000000e+01
6.000267505645751953e+01,9.250000000000000000e+01,9.600000000000000000e+01
5.900263047218322754e+01,9.300000000000000000e+01,9.700000000000000000e+01
6.000267505645751953e+01,9.250000000000000000e+01,9.700000000000000000e+01
5.900263047218322754e+01,9.300000000000000000e+01,9.800000000000000000e+01
6.000267505645751953e+01,9.250000000000000000e+01,9.800000000000000000e+01
5.900263047218322754e+01,9.300000000000000000e+01,9.900000000000000000e+01
5.900263047218322754e+01,9.300000000000000000e+01,1.000000000000000000e+02
5.900263047218322754e+01,9.300000000000000000e+01,1.010000000000000000e+02
5.900263047218322754e+01,9.400000000000000000e+01,8.700000000000000000e+01
5.900263047218322754e+01,9.400000000000000000e+01,8.800000000000000000e+01
6.000267505645751953e+01,9.350000000000000000e+01,8.900000000000000000e+01
5.900263047218322754e+01,9.400000000000000000e+01,8.900000000000000000e+01
5.900263047218322754e+01,9.400000000000000000e+01,9.000000000000000000e+01
6.000267505645751953e+01,9.350000000000000000e+01,9.000000000000000000e+01
5.900263047218322754e+01,9.400000000000000000e+01,9.100000000000000000e+01
6.000267505645751953e+01,9.350000000000000000e+01,9.100000000000000000e+01
5.900263047218322754e+01,9.400000000000000000e+01,9.200000000000000000e+01
5.900263047218322754e+01,9.400000000000000000e+01,9.300000000000000000e+01
5.900263047218322754e+01,9.400000000000000000e+01,9.400000000000000000e+01
5.900263047218322754e+01,9.400000000000000000e+01,9.500000000000000000e+01
5.900263047218322754e+01,9.400000000000000000e+01,9.600000000000000000e+01
5.900263047218322754e+01,9.400000000000000000e+01,9.700000000000000000e+01
5.900263047218322754e+01,9.400000000000000000e+01,9.800000000000000000e+01
5.900263047218322754e+01,9.400000000000000000e+01,9.900000000000000000e+01
5.900263047218322754e+01,9.400000000000000000e+01,1.000000000000000000e+02
5.900263047218322754e+01,9.400000000000000000e+01,1.010000000000000000e+02
5.900263047218322754e+01,9.400000000000000000e+01,1.020000000000000000e+02
5.900263047218322754e+01,9.500000000000000000e+01,8.900000000000000000e+01
5.900263047218322754e+01,9.500000000000000000e+01,9.000000000000000000e+01
5.900263047218322754e+01,9.500000000000000000e+01,9.100000000000000000e+01
5.900263047218322754e+01,9.500000000000000000e+01,9.200000000000000000e+01
5.900263047218322754e+01,9.500000000000000000e+01,9.300000000000000000e+01
5.900263047218322754e+01,9.500000000000000000e+01,9.400000000000000000e+01
5.900263047218322754e+01,9.500000000000000000e+01,9.500000000000000000e+01
5.900263047218322754e+01,9.500000000000000000e+01,9.600000000000000000e+01
5.900263047218322754e+01,9.500000000000000000e+01,9.700000000000000000e+01
5.900263047218322754e+01,9.500000000000000000e+01,9.800000000000000000e+01
5.900263047218322754e+01,9.500000000000000000e+01,9.900000000000000000e+01
5.900263047218322754e+01,9.500000000000000000e+01,1.000000000000000000e+02
5.900263047218322754e+01,9.500000000000000000e+01,1.010000000000000000e+02
5.900263047218322754e+01,9.500000000000000000e+01,1.020000000000000000e+02
5.900263047218322754e+01,9.600000000000000000e+01,9.200000000000000000e+01
5.900263047218322754e+01,9.600000000000000000e+01,9.300000000000000000e+01
5.900263047218322754e+01,9.600000000000000000e+01,9.400000000000000000e+01
5.900263047218322754e+01,9.600000000000000000e+01,9.500000000000000000e+01
5.900263047218322754e+01,9.600000000000000000e+01,9.600000000000000000e+01
5.900263047218322754e+01,9.600000000000000000e+01,9.700000000000000000e+01
5.900263047218322754e+01,9.600000000000000000e+01,9.800000000000000000e+01
5.900263047218322754e+01,9.600000000000000000e+01,9.900000000000000000e+01
5.900263047218322754e+01,9.600000000000000000e+01,1.000000000000000000e+02
5.900263047218322754e+01,9.600000000000000000e+01,1.010000000000000000e+02
5.900263047218322754e+01,1.070000000000000000e+02,1.010000000000000000e+02
5.900263047218322754e+01,1.070000000000000000e+02,1.020000000000000000e+02
5.900263047218322754e+01,1.070000000000000000e+02,1.030000000000000000e+02
5.900263047218322754e+01,1.070000000000000000e+02,1.040000000000000000e+02
5.900263047218322754e+01,1.070000000000000000e+02,1.050000000000000000e+02
5.900263047218322754e+01,1.080000000000000000e+02,9.700000000000000000e+01
5.900263047218322754e+01,1.080000000000000000e+02,9.800000000000000000e+01
5.900263047218322754e+01,1.080000000000000000e+02,9.900000000000000000e+01
6.000267505645751953e+01,1.080000000000000000e+02,9.950000000000000000e+01
6.000267505645751953e+01,1.075000000000000000e+02,1.000000000000000000e+02
6.000267505645751953e+01,1.075000000000000000e+02,1.010000000000000000e+02
6.000267505645751953e+01,1.075000000000000000e+02,1.020000000000000000e+02
6.000267505645751953e+01,1.075000000000000000e+02,1.030000000000000000e+02
6.000267505645751953e+01,1.075000000000000000e+02,1.040000000000000000e+02
6.000267505645751953e+01,1.075000000000000000e+02,1.050000000000000000e+02
6.000267505645751953e+01,1.075000000000000000e+02,1.060000000000000000e+02
5.900263047218322754e+01,1.080000000000000000e+02,1.070000000000000000e+02
6.000267505645751953e+01,1.080000000000000000e+02,1.065000000000000000e+02
5.900263047218322754e+01,1.090000000000000000e+02,9.500000000000000000e+01
5.900263047218322754e+01,1.090000000000000000e+02,9.600000000000000000e+01
6.000267505645751953e+01,1.090000000000000000e+02,9.650000000000000000e+01
6.000267505645751953e+01,1.085000000000000000e+02,9.700000000000000000e+01
6.000267505645751953e+01,1.085000000000000000e+02,9.800000000000000000e+01
6.000267505645751953e+01,1.085000000000000000e+02,9.900000000000000000e+01
6.000267505645751953e+01,1.085000000000000000e+02,1.070000000000000000e+02
6.000267505645751953e+01,1.090000000000000000e+02,1.075000000000000000e+02
5.900263047218322754e+01,1.100000000000000000e+02,8.300000000000000000e+01
5.900263047218322754e+01,1.100000000000000000e+02,9.200000000000000000e+01
5.900263047218322754e+01,1.100000000000000000e+02,9.300000000000000000e+01
6.000267505645751953e+01,1.100000000000000000e+02,9.350000000000000000e+01
6.000267505645751953e+01,1.095000000000000000e+02,9.400000000000000000e+01
6.000267505645751953e+01,1.095000000000000000e+02,9.500000000000000000e+01
6.000267505645751953e+01,1.095000000000000000e+02,9.600000000000000000e+01
5.900263047218322754e+01,1.100000000000000000e+02,1.080000000000000000e+02
6.000267505645751953e+01,1.100000000000000000e+02,1.075000000000000000e+02
6.000267505645751953e+01,1.110000000000000000e+02,8.050000000000000000e+01
6.000267505645751953e+01,1.105000000000000000e+02,8.100000000000000000e+01
6.000267505645751953e+01,1.105000000000000000e+02,8.200000000000000000e+01
6.000267505645751953e+01,1.105000000000000000e+02,8.300000000000000000e+01
6.000267505645751953e+01,1.105000000000000000e+02,8.400000000000000000e+01
6.000267505645751953e+01,1.105000000000000000e+02,8.500000000000000000e+01
6.000267505645751953e+01,1.105000000000000000e+02,8.600000000000000000e+01
6.000267505645751953e+01,1.105000000000000000e+02,8.700000000000000000e+01
6.000267505645751953e+01,1.105000000000000000e+02,8.800000000000000000e+01
6.000267505645751953e+01,1.105000000000000000e+02,8.900000000000000000e+01
6.000267505645751953e+01,1.105000000000000000e+02,9.000000000000000000e+01
6.000267505645751953e+01,1.105000000000000000e+02,9.100000000000000000e+01
6.000267505645751953e+01,1.105000000000000000e+02,9.200000000000000000e+01
6.000267505645751953e+01,1.105000000000000000e+02,9.300000000000000000e+01
6.000267505645751953e+01,1.110000000000000000e+02,1.075000000000000000e+02
6.000267505645751953e+01,1.120000000000000000e+02,8.050000000000000000e+01
6.000267505645751953e+01,1.120000000000000000e+02,1.075000000000000000e+02
6.000267505645751953e+01,1.130000000000000000e+02,8.050000000000000000e+01
6.000267505645751953e+01,1.130000000000000000e+02,1.075000000000000000e+02
6.000267505645751953e+01,1.140000000000000000e+02,8.050000000000000000e+01
6.000267505645751953e+01,1.140000000000000000e+02,1.075000000000000000e+02
6.000267505645751953e+01,1.150000000000000000e+02,8.050000000000000000e+01
5.900263047218322754e+01,1.150000000000000000e+02,1.070000000000000000e+02
6.000267505645751953e+01,1.145000000000000000e+02,1.070000000000000000e+02
6.000267505645751953e+01,1.150000000000000000e+02,1.065000000000000000e+02
6.000267505645751953e+01,1.160000000000000000e+02,8.050000000000000000e+01
6.000267505645751953e+01,1.160000000000000000e+02,1.065000000000000000e+02
6.000267505645751953e+01,1.165000000000000000e+02,8.100000000000000000e+01
5.900263047218322754e+01,1.170000000000000000e+02,8.100000000000000000e+01
6.000267505645751953e+01,1.170000000000000000e+02,8.150000000000000000e+01
6.000267505645751953e+01,1.170000000000000000e+02,1.065000000000000000e+02
6.000267505645751953e+01,1.180000000000000000e+02,8.150000000000000000e+01
6.000267505645751953e+01,1.180000000000000000e+02,1.065000000000000000e+02
6.000267505645751953e+01,1.190000000000000000e+02,8.150000000000000000e+01
6.000267505645751953e+01,1.190000000000000000e+02,1.065000000000000000e+02
6.000267505645751953e+01,1.200000000000000000e+02,8.150000000000000000e+01
6.000267505645751953e+01,1.200000000000000000e+02,1.065000000000000000e+02
6.000267505645751953e+01,1.205000000000000000e+02,8.200000000000000000e+01
5.900263047218322754e+01,1.210000000000000000e+02,8.200000000000000000e+01
6.000267505645751953e+01,1.210000000000000000e+02,8.250000000000000000e+01
6.000267505645751953e+01,1.210000000000000000e+02,1.065000000000000000e+02
5.900263047218322754e+01,1.220000000000000000e+02,8.200000000000000000e+01
6.000267505645751953e+01,1.220000000000000000e+02,8.250000000000000000e+01
6.000267505645751953e+01,1.220000000000000000e+02,1.065000000000000000e+02
6.000267505645751953e+01,1.230000000000000000e+02,8.250000000000000000e+01
6.000267505645751953e+01,1.230000000000000000e+02,1.065000000000000000e+02
6.000267505645751953e+01,1.240000000000000000e+02,8.250000000000000000e+01
6.000267505645751953e+01,1.235000000000000000e+02,1.070000000000000000e+02
6.000267505645751953e+01,1.240000000000000000e+02,1.075000000000000000e+02
5.900263047218322754e+01,1.250000000000000000e+02,8.200000000000000000e+01
6.000267505645751953e+01,1.250000000000000000e+02,8.250000000000000000e+01
6.000267505645751953e+01,1.250000000000000000e+02,1.075000000000000000e+02
5.900263047218322754e+01,1.260000000000000000e+02,8.200000000000000000e+01
6.000267505645751953e+01,1.260000000000000000e+02,8.250000000000000000e+01
6.000267505645751953e+01,1.260000000000000000e+02,1.075000000000000000e+02
6.000267505645751953e+01,1.270000000000000000e+02,8.150000000000000000e+01
6.000267505645751953e+01,1.265000000000000000e+02,8.200000000000000000e+01
6.000267505645751953e+01,1.265000000000000000e+02,1.080000000000000000e+02
6.000267505645751953e+01,1.270000000000000000e+02,1.085000000000000000e+02
6.000267505645751953e+01,1.280000000000000000e+02,8.150000000000000000e+01
6.000267505645751953e+01,1.280000000000000000e+02,1.085000000000000000e+02
6.000267505645751953e+01,1.290000000000000000e+02,8.150000000000000000e+01
6.000267505645751953e+01,1.290000000000000000e+02,1.085000000000000000e+02
6.000267505645751953e+01,1.300000000000000000e+02,8.150000000000000000e+01
6.000267505645751953e+01,1.295000000000000000e+02,1.090000000000000000e+02
6.000267505645751953e+01,1.300000000000000000e+02,1.095000000000000000e+02
6.000267505645751953e+01,1.310000000000000000e+02,8.150000000000000000e+01
6.000267505645751953e+01,1.310000000000000000e+02,1.095000000000000000e+02
5.900263047218322754e+01,1.320000000000000000e+02,8.100000000000000000e+01
6.000267505645751953e+01,1.320000000000000000e+02,8.150000000000000000e+01
6.000267505645751953e+01,1.320000000000000000e+02,1.095000000000000000e+02
6.000267505645751953e+01,1.330000000000000000e+02,8.050000000000000000e+01
6.000267505645751953e+01,1.325000000000000000e+02,8.100000000000000000e+01
6.000267505645751953e+01,1.325000000000000000e+02,1.100000000000000000e+02
5.900263047218322754e+01,1.330000000000000000e+02,1.100000000000000000e+02
6.000267505645751953e+01,1.330000000000000000e+02,1.105000000000000000e+02
6.000267505645751953e+01,1.340000000000000000e+02,8.050000000000000000e+01
5.900263047218322754e+01,1.340000000000000000e+02,1.100000000000000000e+02
6.000267505645751953e+01,1.340000000000000000e+02,1.105000000000000000e+02
6.000267505645751953e+01,1.350000000000000000e+02,8.050000000000000000e+01
5.900263047218322754e+01,1.350000000000000000e+02,1.100000000000000000e+02
6.000267505645751953e+01,1.350000000000000000e+02,1.105000000000000000e+02
6.000267505645751953e+01,1.360000000000000000e+02,8.050000000000000000e+01
5.900263047218322754e+01,1.360000000000000000e+02,1.100000000000000000e+02
6.000267505645751953e+01,1.360000000000000000e+02,1.105000000000000000e+02
6.000267505645751953e+01,1.370000000000000000e+02,8.050000000000000000e+01
5.900263047218322754e+01,1.370000000000000000e+02,1.100000000000000000e+02
6.000267505645751953e+01,1.370000000000000000e+02,1.105000000000000000e+02
6.000267505645751953e+01,1.380000000000000000e+02,8.050000000000000000e+01
5.900263047218322754e+01,1.380000000000000000e+02,9.300000000000000000e+01
5.900263047218322754e+01,1.380000000000000000e+02,9.400000000000000000e+01
5.900263047218322754e+01,1.380000000000000000e+02,9.500000000000000000e+01
5.900263047218322754e+01,1.380000000000000000e+02,9.600000000000000000e+01
5.900263047218322754e+01,1.380000000000000000e+02,9.700000000000000000e+01
5.900263047218322754e+01,1.380000000000000000e+02,9.800000000000000000e+01
5.900263047218322754e+01,1.380000000000000000e+02,9.900000000000000000e+01
5.900263047218322754e+01,1.380000000000000000e+02,1.000000000000000000e+02
5.900263047218322754e+01,1.380000000000000000e+02,1.010000000000000000e+02
5.900263047218322754e+01,1.380000000000000000e+02,1.020000000000000000e+02
5.900263047218322754e+01,1.380000000000000000e+02,1.030000000000000000e+02
6.000267505645751953e+01,1.375000000000000000e+02,1.100000000000000000e+02
6.000267505645751953e+01,1.380000000000000000e+02,1.095000000000000000e+02
5.900263047218322754e+01,1.390000000000000000e+02,8.100000000000000000e+01
6.000267505645751953e+01,1.390000000000000000e+02,8.050000000000000000e+01
5.900263047218322754e+01,1.390000000000000000e+02,8.900000000000000000e+01
6.000267505645751953e+01,1.390000000000000000e+02,8.950000000000000000e+01
6.000267505645751953e+01,1.385000000000000000e+02,9.000000000000000000e+01
6.000267505645751953e+01,1.385000000000000000e+02,9.100000000000000000e+01
6.000267505645751953e+01,1.385000000000000000e+02,9.200000000000000000e+01
6.000267505645751953e+01,1.385000000000000000e+02,9.300000000000000000e+01
6.000267505645751953e+01,1.385000000000000000e+02,9.400000000000000000e+01
6.000267505645751953e+01,1.385000000000000000e+02,9.500000000000000000e+01
6.000267505645751953e+01,1.385000000000000000e+02,9.600000000000000000e+01
6.000267505645751953e+01,1.385000000000000000e+02,9.700000000000000000e+01
6.000267505645751953e+01,1.385000000000000000e+02,9.800000000000000000e+01
6.000267505645751953e+01,1.385000000000000000e+02,9.900000000000000000e+01
6.000267505645751953e+01,1.385000000000000000e+02,1.000000000000000000e+02
6.000267505645751953e+01,1.385000000000000000e+02,1.010000000000000000e+02
6.000267505645751953e+01,1.385000000000000000e+02,1.020000000000000000e+02
6.000267505645751953e+01,1.385000000000000000e+02,1.030000000000000000e+02
6.000267505645751953e+01,1.385000000000000000e+02,1.040000000000000000e+02
5.900263047218322754e+01,1.390000000000000000e+02,1.050000000000000000e+02
6.000267505645751953e+01,1.390000000000000000e+02,1.045000000000000000e+02
5.900263047218322754e+01,1.390000000000000000e+02,1.060000000000000000e+02
5.900263047218322754e+01,1.390000000000000000e+02,1.090000000000000000e+02
6.000267505645751953e+01,1.390000000000000000e+02,1.095000000000000000e+02
6.000267505645751953e+01,1.395000000000000000e+02,8.100000000000000000e+01
6.000267505645751953e+01,1.400000000000000000e+02,8.150000000000000000e+01
5.900263047218322754e+01,1.400000000000000000e+02,8.600000000000000000e+01
5.900263047218322754e+01,1.400000000000000000e+02,8.700000000000000000e+01
6.000267505645751953e+01,1.400000000000000000e+02,8.750000000000000000e+01
6.000267505645751953e+01,1.395000000000000000e+02,8.800000000000000000e+01
6.000267505645751953e+01,1.395000000000000000e+02,8.900000000000000000e+01
6.000267505645751953e+01,1.395000000000000000e+02,1.050000000000000000e+02
6.000267505645751953e+01,1.395000000000000000e+02,1.060000000000000000e+02
6.000267505645751953e+01,1.395000000000000000e+02,1.070000000000000000e+02
6.000267505645751953e+01,1.395000000000000000e+02,1.080000000000000000e+02
6.000267505645751953e+01,1.395000000000000000e+02,1.090000000000000000e+02
6.000267505645751953e+01,1.405000000000000000e+02,8.200000000000000000e+01
5.900263047218322754e+01,1.410000000000000000e+02,8.300000000000000000e+01
6.000267505645751953e+01,1.410000000000000000e+02,8.250000000000000000e+01
5.900263047218322754e+01,1.410000000000000000e+02,8.400000000000000000e+01
6.000267505645751953e+01,1.410000000000000000e+02,8.450000000000000000e+01
6.000267505645751953e+01,1.405000000000000000e+02,8.500000000000000000e+01
6.000267505645751953e+01,1.405000000000000000e+02,8.600000000000000000e+01
6.000267505645751953e+01,1.405000000000000000e+02,8.700000000000000000e+01
6.000267505645751953e+01,1.415000000000000000e+02,8.300000000000000000e+01
6.000267505645751953e+01,1.415000000000000000e+02,8.400000000000000000e+01
6.100271964073181152e+01,5.900000000000000000e+01,8.000000000000000000e+01
6.200276422500610352e+01,5.900000000000000000e+01,7.950000000000000000e+01
6.200276422500610352e+01,5.850000000000000000e+01,8.000000000000000000e+01
6.200276422500610352e+01,5.850000000000000000e+01,8.100000000000000000e+01
6.100271964073181152e+01,5.900000000000000000e+01,8.100000000000000000e+01
6.200276422500610352e+01,5.850000000000000000e+01,8.200000000000000000e+01
6.100271964073181152e+01,5.900000000000000000e+01,8.200000000000000000e+01
6.200276422500610352e+01,5.850000000000000000e+01,8.300000000000000000e+01
6.100271964073181152e+01,5.900000000000000000e+01,8.300000000000000000e+01
6.200276422500610352e+01,5.850000000000000000e+01,8.400000000000000000e+01
6.100271964073181152e+01,5.900000000000000000e+01,8.400000000000000000e+01
6.200276422500610352e+01,5.900000000000000000e+01,8.450000000000000000e+01
6.100271964073181152e+01,6.000000000000000000e+01,7.700000000000000000e+01
6.200276422500610352e+01,6.000000000000000000e+01,7.650000000000000000e+01
6.200276422500610352e+01,5.950000000000000000e+01,7.700000000000000000e+01
6.200276422500610352e+01,5.950000000000000000e+01,7.800000000000000000e+01
6.100271964073181152e+01,6.000000000000000000e+01,7.800000000000000000e+01
6.200276422500610352e+01,5.950000000000000000e+01,7.900000000000000000e+01
6.100271964073181152e+01,6.000000000000000000e+01,7.900000000000000000e+01
6.100271964073181152e+01,6.000000000000000000e+01,8.000000000000000000e+01
6.100271964073181152e+01,6.000000000000000000e+01,8.100000000000000000e+01
6.100271964073181152e+01,6.000000000000000000e+01,8.200000000000000000e+01
6.100271964073181152e+01,6.000000000000000000e+01,8.300000000000000000e+01
6.100271964073181152e+01,6.000000000000000000e+01,8.400000000000000000e+01
6.200276422500610352e+01,5.950000000000000000e+01,8.500000000000000000e+01
6.100271964073181152e+01,6.000000000000000000e+01,8.500000000000000000e+01
6.200276422500610352e+01,5.950000000000000000e+01,8.600000000000000000e+01
6.100271964073181152e+01,6.000000000000000000e+01,8.600000000000000000e+01
6.200276422500610352e+01,6.000000000000000000e+01,8.650000000000000000e+01
6.100271964073181152e+01,6.100000000000000000e+01,7.500000000000000000e+01
6.200276422500610352e+01,6.100000000000000000e+01,7.450000000000000000e+01
6.200276422500610352e+01,6.050000000000000000e+01,7.500000000000000000e+01
6.200276422500610352e+01,6.050000000000000000e+01,7.600000000000000000e+01
6.100271964073181152e+01,6.100000000000000000e+01,7.600000000000000000e+01
6.100271964073181152e+01,6.100000000000000000e+01,7.700000000000000000e+01
6.100271964073181152e+01,6.100000000000000000e+01,7.800000000000000000e+01
6.100271964073181152e+01,6.100000000000000000e+01,7.900000000000000000e+01
6.100271964073181152e+01,6.100000000000000000e+01,8.000000000000000000e+01
6.100271964073181152e+01,6.100000000000000000e+01,8.100000000000000000e+01
6.100271964073181152e+01,6.100000000000000000e+01,8.200000000000000000e+01
6.100271964073181152e+01,6.100000000000000000e+01,8.300000000000000000e+01
6.100271964073181152e+01,6.100000000000000000e+01,8.400000000000000000e+01
6.100271964073181152e+01,6.100000000000000000e+01,8.500000000000000000e+01
6.100271964073181152e+01,6.100000000000000000e+01,8.600000000000000000e+01
6.200276422500610352e+01,6.050000000000000000e+01,8.700000000000000000e+01
6.100271964073181152e+01,6.100000000000000000e+01,8.700000000000000000e+01
6.200276422500610352e+01,6.100000000000000000e+01,8.750000000000000000e+01
6.100271964073181152e+01,6.200000000000000000e+01,7.400000000000000000e+01
6.200276422500610352e+01,6.200000000000000000e+01,7.350000000000000000e+01
6.200276422500610352e+01,6.150000000000000000e+01,7.400000000000000000e+01
6.100271964073181152e+01,6.200000000000000000e+01,7.500000000000000000e+01
6.100271964073181152e+01,6.200000000000000000e+01,7.600000000000000000e+01
6.100271964073181152e+01,6.200000000000000000e+01,7.700000000000000000e+01
6.100271964073181152e+01,6.200000000000000000e+01,7.800000000000000000e+01
6.100271964073181152e+01,6.200000000000000000e+01,7.900000000000000000e+01
6.100271964073181152e+01,6.200000000000000000e+01,8.000000000000000000e+01
6.100271964073181152e+01,6.200000000000000000e+01,8.100000000000000000e+01
6.100271964073181152e+01,6.200000000000000000e+01,8.200000000000000000e+01
6.100271964073181152e+01,6.200000000000000000e+01,8.300000000000000000e+01
6.100271964073181152e+01,6.200000000000000000e+01,8.400000000000000000e+01
6.100271964073181152e+01,6.200000000000000000e+01,8.500000000000000000e+01
6.100271964073181152e+01,6.200000000000000000e+01,8.600000000000000000e+01
6.100271964073181152e+01,6.200000000000000000e+01,8.700000000000000000e+01
6.200276422500610352e+01,6.200000000000000000e+01,8.750000000000000000e+01
6.100271964073181152e+01,6.300000000000000000e+01,7.300000000000000000e+01
6.200276422500610352e+01,6.300000000000000000e+01,7.250000000000000000e+01
6.200276422500610352e+01,6.250000000000000000e+01,7.300000000000000000e+01
6.100271964073181152e+01,6.300000000000000000e+01,7.400000000000000000e+01
6.100271964073181152e+01,6.300000000000000000e+01,7.500000000000000000e+01
6.100271964073181152e+01,6.300000000000000000e+01,7.600000000000000000e+01
6.100271964073181152e+01,6.300000000000000000e+01,7.700000000000000000e+01
6.100271964073181152e+01,6.300000000000000000e+01,7.800000000000000000e+01
6.100271964073181152e+01,6.300000000000000000e+01,7.900000000000000000e+01
6.100271964073181152e+01,6.300000000000000000e+01,8.000000000000000000e+01
6.100271964073181152e+01,6.300000000000000000e+01,8.100000000000000000e+01
6.100271964073181152e+01,6.300000000000000000e+01,8.200000000000000000e+01
6.100271964073181152e+01,6.300000000000000000e+01,8.300000000000000000e+01
6.100271964073181152e+01,6.300000000000000000e+01,8.400000000000000000e+01
6.100271964073181152e+01,6.300000000000000000e+01,8.500000000000000000e+01
6.100271964073181152e+01,6.300000000000000000e+01,8.600000000000000000e+01
6.100271964073181152e+01,6.300000000000000000e+01,8.700000000000000000e+01
6.200276422500610352e+01,6.300000000000000000e+01,8.750000000000000000e+01
6.100271964073181152e+01,6.400000000000000000e+01,7.200000000000000000e+01
6.200276422500610352e+01,6.400000000000000000e+01,7.150000000000000000e+01
6.200276422500610352e+01,6.350000000000000000e+01,7.200000000000000000e+01
6.100271964073181152e+01,6.400000000000000000e+01,7.300000000000000000e+01
6.100271964073181152e+01,6.400000000000000000e+01,7.400000000000000000e+01
6.100271964073181152e+01,6.400000000000000000e+01,7.500000000000000000e+01
6.100271964073181152e+01,6.400000000000000000e+01,7.600000000000000000e+01
6.100271964073181152e+01,6.400000000000000000e+01,7.700000000000000000e+01
6.100271964073181152e+01,6.400000000000000000e+01,7.800000000000000000e+01
6.100271964073181152e+01,6.400000000000000000e+01,7.900000000000000000e+01
6.100271964073181152e+01,6.400000000000000000e+01,8.000000000000000000e+01
6.100271964073181152e+01,6.400000000000000000e+01,8.100000000000000000e+01
6.100271964073181152e+01,6.400000000000000000e+01,8.200000000000000000e+01
6.100271964073181152e+01,6.400000000000000000e+01,8.300000000000000000e+01
6.100271964073181152e+01,6.400000000000000000e+01,8.400000000000000000e+01
6.100271964073181152e+01,6.400000000000000000e+01,8.500000000000000000e+01
6.100271964073181152e+01,6.400000000000000000e+01,8.600000000000000000e+01
6.100271964073181152e+01,6.400000000000000000e+01,8.700000000000000000e+01
6.200276422500610352e+01,6.350000000000000000e+01,8.800000000000000000e+01
6.100271964073181152e+01,6.400000000000000000e+01,8.800000000000000000e+01
6.200276422500610352e+01,6.400000000000000000e+01,8.850000000000000000e+01
6.100271964073181152e+01,6.500000000000000000e+01,7.200000000000000000e+01
6.200276422500610352e+01,6.500000000000000000e+01,7.150000000000000000e+01
6.100271964073181152e+01,6.500000000000000000e+01,7.300000000000000000e+01
6.100271964073181152e+01,6.500000000000000000e+01,7.400000000000000000e+01
6.100271964073181152e+01,6.500000000000000000e+01,7.500000000000000000e+01
6.100271964073181152e+01,6.500000000000000000e+01,7.600000000000000000e+01
6.100271964073181152e+01,6.500000000000000000e+01,7.700000000000000000e+01
6.100271964073181152e+01,6.500000000000000000e+01,7.800000000000000000e+01
6.100271964073181152e+01,6.500000000000000000e+01,7.900000000000000000e+01
6.100271964073181152e+01,6.500000000000000000e+01,8.000000000000000000e+01
6.100271964073181152e+01,6.500000000000000000e+01,8.100000000000000000e+01
6.100271964073181152e+01,6.500000000000000000e+01,8.200000000000000000e+01
6.100271964073181152e+01,6.500000000000000000e+01,8.300000000000000000e+01
6.100271964073181152e+01,6.500000000000000000e+01,8.400000000000000000e+01
6.100271964073181152e+01,6.500000000000000000e+01,8.500000000000000000e+01
6.100271964073181152e+01,6.500000000000000000e+01,8.600000000000000000e+01
6.100271964073181152e+01,6.500000000000000000e+01,8.700000000000000000e+01
6.100271964073181152e+01,6.500000000000000000e+01,8.800000000000000000e+01
6.200276422500610352e+01,6.500000000000000000e+01,8.850000000000000000e+01
6.100271964073181152e+01,6.600000000000000000e+01,7.200000000000000000e+01
6.200276422500610352e+01,6.600000000000000000e+01,7.150000000000000000e+01
6.100271964073181152e+01,6.600000000000000000e+01,7.300000000000000000e+01
6.100271964073181152e+01,6.600000000000000000e+01,7.400000000000000000e+01
6.100271964073181152e+01,6.600000000000000000e+01,7.500000000000000000e+01
6.100271964073181152e+01,6.600000000000000000e+01,7.600000000000000000e+01
6.100271964073181152e+01,6.600000000000000000e+01,7.700000000000000000e+01
6.100271964073181152e+01,6.600000000000000000e+01,7.800000000000000000e+01
6.100271964073181152e+01,6.600000000000000000e+01,7.900000000000000000e+01
6.100271964073181152e+01,6.600000000000000000e+01,8.000000000000000000e+01
6.100271964073181152e+01,6.600000000000000000e+01,8.100000000000000000e+01
6.100271964073181152e+01,6.600000000000000000e+01,8.200000000000000000e+01
6.100271964073181152e+01,6.600000000000000000e+01,8.300000000000000000e+01
6.100271964073181152e+01,6.600000000000000000e+01,8.400000000000000000e+01
6.100271964073181152e+01,6.600000000000000000e+01,8.500000000000000000e+01
6.100271964073181152e+01,6.600000000000000000e+01,8.600000000000000000e+01
6.100271964073181152e+01,6.600000000000000000e+01,8.700000000000000000e+01
6.100271964073181152e+01,6.600000000000000000e+01,8.800000000000000000e+01
6.200276422500610352e+01,6.600000000000000000e+01,8.850000000000000000e+01
6.100271964073181152e+01,6.700000000000000000e+01,7.200000000000000000e+01
6.200276422500610352e+01,6.700000000000000000e+01,7.150000000000000000e+01
6.100271964073181152e+01,6.700000000000000000e+01,7.300000000000000000e+01
6.100271964073181152e+01,6.700000000000000000e+01,7.400000000000000000e+01
6.100271964073181152e+01,6.700000000000000000e+01,7.500000000000000000e+01
6.100271964073181152e+01,6.700000000000000000e+01,7.600000000000000000e+01
6.100271964073181152e+01,6.700000000000000000e+01,7.700000000000000000e+01
6.100271964073181152e+01,6.700000000000000000e+01,7.800000000000000000e+01
6.100271964073181152e+01,6.700000000000000000e+01,7.900000000000000000e+01
6.100271964073181152e+01,6.700000000000000000e+01,8.000000000000000000e+01
6.100271964073181152e+01,6.700000000000000000e+01,8.100000000000000000e+01
6.100271964073181152e+01,6.700000000000000000e+01,8.200000000000000000e+01
6.100271964073181152e+01,6.700000000000000000e+01,8.300000000000000000e+01
6.100271964073181152e+01,6.700000000000000000e+01,8.400000000000000000e+01
6.100271964073181152e+01,6.700000000000000000e+01,8.500000000000000000e+01
6.100271964073181152e+01,6.700000000000000000e+01,8.600000000000000000e+01
6.100271964073181152e+01,6.700000000000000000e+01,8.700000000000000000e+01
6.100271964073181152e+01,6.700000000000000000e+01,8.800000000000000000e+01
6.200276422500610352e+01,6.700000000000000000e+01,8.850000000000000000e+01
6.100271964073181152e+01,6.800000000000000000e+01,7.200000000000000000e+01
6.200276422500610352e+01,6.800000000000000000e+01,7.150000000000000000e+01
6.100271964073181152e+01,6.800000000000000000e+01,7.300000000000000000e+01
6.100271964073181152e+01,6.800000000000000000e+01,7.400000000000000000e+01
6.100271964073181152e+01,6.800000000000000000e+01,7.500000000000000000e+01
6.100271964073181152e+01,6.800000000000000000e+01,7.600000000000000000e+01
6.100271964073181152e+01,6.800000000000000000e+01,7.700000000000000000e+01
6.100271964073181152e+01,6.800000000000000000e+01,7.800000000000000000e+01
6.100271964073181152e+01,6.800000000000000000e+01,7.900000000000000000e+01
6.100271964073181152e+01,6.800000000000000000e+01,8.000000000000000000e+01
6.100271964073181152e+01,6.800000000000000000e+01,8.100000000000000000e+01
6.100271964073181152e+01,6.800000000000000000e+01,8.200000000000000000e+01
6.100271964073181152e+01,6.800000000000000000e+01,8.300000000000000000e+01
6.100271964073181152e+01,6.800000000000000000e+01,8.400000000000000000e+01
6.100271964073181152e+01,6.800000000000000000e+01,8.500000000000000000e+01
6.100271964073181152e+01,6.800000000000000000e+01,8.600000000000000000e+01
6.100271964073181152e+01,6.800000000000000000e+01,8.700000000000000000e+01
6.100271964073181152e+01,6.800000000000000000e+01,8.800000000000000000e+01
6.200276422500610352e+01,6.800000000000000000e+01,8.850000000000000000e+01
6.100271964073181152e+01,6.900000000000000000e+01,7.200000000000000000e+01
6.200276422500610352e+01,6.900000000000000000e+01,7.150000000000000000e+01
6.100271964073181152e+01,6.900000000000000000e+01,7.300000000000000000e+01
6.100271964073181152e+01,6.900000000000000000e+01,7.400000000000000000e+01
6.100271964073181152e+01,6.900000000000000000e+01,7.500000000000000000e+01
6.100271964073181152e+01,6.900000000000000000e+01,7.600000000000000000e+01
6.100271964073181152e+01,6.900000000000000000e+01,7.700000000000000000e+01
6.100271964073181152e+01,6.900000000000000000e+01,7.800000000000000000e+01
6.100271964073181152e+01,6.900000000000000000e+01,7.900000000000000000e+01
6.100271964073181152e+01,6.900000000000000000e+01,8.000000000000000000e+01
6.100271964073181152e+01,6.900000000000000000e+01,8.100000000000000000e+01
6.100271964073181152e+01,6.900000000000000000e+01,8.200000000000000000e+01
6.100271964073181152e+01,6.900000000000000000e+01,8.300000000000000000e+01
6.100271964073181152e+01,6.900000000000000000e+01,8.400000000000000000e+01
6.100271964073181152e+01,6.900000000000000000e+01,8.500000000000000000e+01
6.100271964073181152e+01,6.900000000000000000e+01,8.600000000000000000e+01
6.100271964073181152e+01,6.900000000000000000e+01,8.700000000000000000e+01
6.200276422500610352e+01,6.900000000000000000e+01,8.750000000000000000e+01
6.200276422500610352e+01,6.850000000000000000e+01,8.800000000000000000e+01
6.100271964073181152e+01,7.000000000000000000e+01,7.200000000000000000e+01
6.200276422500610352e+01,7.000000000000000000e+01,7.150000000000000000e+01
6.100271964073181152e+01,7.000000000000000000e+01,7.300000000000000000e+01
6.100271964073181152e+01,7.000000000000000000e+01,7.400000000000000000e+01
6.100271964073181152e+01,7.000000000000000000e+01,7.500000000000000000e+01
6.100271964073181152e+01,7.000000000000000000e+01,7.600000000000000000e+01
6.100271964073181152e+01,7.000000000000000000e+01,7.700000000000000000e+01
6.100271964073181152e+01,7.000000000000000000e+01,7.800000000000000000e+01
6.100271964073181152e+01,7.000000000000000000e+01,7.900000000000000000e+01
6.100271964073181152e+01,7.000000000000000000e+01,8.000000000000000000e+01
6.100271964073181152e+01,7.000000000000000000e+01,8.100000000000000000e+01
6.100271964073181152e+01,7.000000000000000000e+01,8.200000000000000000e+01
6.100271964073181152e+01,7.000000000000000000e+01,8.300000000000000000e+01
6.100271964073181152e+01,7.000000000000000000e+01,8.400000000000000000e+01
6.100271964073181152e+01,7.000000000000000000e+01,8.500000000000000000e+01
6.100271964073181152e+01,7.000000000000000000e+01,8.600000000000000000e+01
6.200276422500610352e+01,7.000000000000000000e+01,8.650000000000000000e+01
6.200276422500610352e+01,6.950000000000000000e+01,8.700000000000000000e+01
6.100271964073181152e+01,7.100000000000000000e+01,7.200000000000000000e+01
6.200276422500610352e+01,7.100000000000000000e+01,7.150000000000000000e+01
6.100271964073181152e+01,7.100000000000000000e+01,7.300000000000000000e+01
6.100271964073181152e+01,7.100000000000000000e+01,7.400000000000000000e+01
6.100271964073181152e+01,7.100000000000000000e+01,7.500000000000000000e+01
6.100271964073181152e+01,7.100000000000000000e+01,7.600000000000000000e+01
6.100271964073181152e+01,7.100000000000000000e+01,7.700000000000000000e+01
6.100271964073181152e+01,7.100000000000000000e+01,7.800000000000000000e+01
6.100271964073181152e+01,7.100000000000000000e+01,7.900000000000000000e+01
6.100271964073181152e+01,7.100000000000000000e+01,8.000000000000000000e+01
6.100271964073181152e+01,7.100000000000000000e+01,8.100000000000000000e+01
6.100271964073181152e+01,7.100000000000000000e+01,8.200000000000000000e+01
6.100271964073181152e+01,7.100000000000000000e+01,8.300000000000000000e+01
6.100271964073181152e+01,7.100000000000000000e+01,8.400000000000000000e+01
6.100271964073181152e+01,7.100000000000000000e+01,8.500000000000000000e+01
6.100271964073181152e+01,7.100000000000000000e+01,8.600000000000000000e+01
6.200276422500610352e+01,7.100000000000000000e+01,8.650000000000000000e+01
6.200276422500610352e+01,7.150000000000000000e+01,7.200000000000000000e+01
6.100271964073181152e+01,7.200000000000000000e+01,7.300000000000000000e+01
6.200276422500610352e+01,7.200000000000000000e+01,7.250000000000000000e+01
6.100271964073181152e+01,7.200000000000000000e+01,7.400000000000000000e+01
6.100271964073181152e+01,7.200000000000000000e+01,7.500000000000000000e+01
6.100271964073181152e+01,7.200000000000000000e+01,7.600000000000000000e+01
6.100271964073181152e+01,7.200000000000000000e+01,7.700000000000000000e+01
6.100271964073181152e+01,7.200000000000000000e+01,7.800000000000000000e+01
6.100271964073181152e+01,7.200000000000000000e+01,7.900000000000000000e+01
6.100271964073181152e+01,7.200000000000000000e+01,8.000000000000000000e+01
6.100271964073181152e+01,7.200000000000000000e+01,8.100000000000000000e+01
6.100271964073181152e+01,7.200000000000000000e+01,8.200000000000000000e+01
6.100271964073181152e+01,7.200000000000000000e+01,8.300000000000000000e+01
6.100271964073181152e+01,7.200000000000000000e+01,8.400000000000000000e+01
6.100271964073181152e+01,7.200000000000000000e+01,8.500000000000000000e+01
6.200276422500610352e+01,7.200000000000000000e+01,8.550000000000000000e+01
6.200276422500610352e+01,7.150000000000000000e+01,8.600000000000000000e+01
6.100271964073181152e+01,7.300000000000000000e+01,7.300000000000000000e+01
6.200276422500610352e+01,7.300000000000000000e+01,7.250000000000000000e+01
6.100271964073181152e+01,7.300000000000000000e+01,7.400000000000000000e+01
6.100271964073181152e+01,7.300000000000000000e+01,7.500000000000000000e+01
6.100271964073181152e+01,7.300000000000000000e+01,7.600000000000000000e+01
6.100271964073181152e+01,7.300000000000000000e+01,7.700000000000000000e+01
6.100271964073181152e+01,7.300000000000000000e+01,7.800000000000000000e+01
6.100271964073181152e+01,7.300000000000000000e+01,7.900000000000000000e+01
6.100271964073181152e+01,7.300000000000000000e+01,8.000000000000000000e+01
6.100271964073181152e+01,7.300000000000000000e+01,8.100000000000000000e+01
6.100271964073181152e+01,7.300000000000000000e+01,8.200000000000000000e+01
6.100271964073181152e+01,7.300000000000000000e+01,8.300000000000000000e+01
6.100271964073181152e+01,7.300000000000000000e+01,8.400000000000000000e+01
6.100271964073181152e+01,7.300000000000000000e+01,8.500000000000000000e+01
6.200276422500610352e+01,7.300000000000000000e+01,8.550000000000000000e+01
6.100271964073181152e+01,7.400000000000000000e+01,7.300000000000000000e+01
6.200276422500610352e+01,7.400000000000000000e+01,7.250000000000000000e+01
6.100271964073181152e+01,7.400000000000000000e+01,7.400000000000000000e+01
6.100271964073181152e+01,7.400000000000000000e+01,7.500000000000000000e+01
6.100271964073181152e+01,7.400000000000000000e+01,7.600000000000000000e+01
6.100271964073181152e+01,7.400000000000000000e+01,7.700000000000000000e+01
6.100271964073181152e+01,7.400000000000000000e+01,7.800000000000000000e+01
6.100271964073181152e+01,7.400000000000000000e+01,7.900000000000000000e+01
6.100271964073181152e+01,7.400000000000000000e+01,8.000000000000000000e+01
6.100271964073181152e+01,7.400000000000000000e+01,8.100000000000000000e+01
6.100271964073181152e+01,7.400000000000000000e+01,8.200000000000000000e+01
6.100271964073181152e+01,7.400000000000000000e+01,8.300000000000000000e+01
6.100271964073181152e+01,7.400000000000000000e+01,8.400000000000000000e+01
6.100271964073181152e+01,7.400000000000000000e+01,8.500000000000000000e+01
6.200276422500610352e+01,7.350000000000000000e+01,8.600000000000000000e+01
6.100271964073181152e+01,7.400000000000000000e+01,8.600000000000000000e+01
6.200276422500610352e+01,7.400000000000000000e+01,8.650000000000000000e+01
6.200276422500610352e+01,7.450000000000000000e+01,7.300000000000000000e+01
6.100271964073181152e+01,7.500000000000000000e+01,7.400000000000000000e+01
6.200276422500610352e+01,7.500000000000000000e+01,7.350000000000000000e+01
6.100271964073181152e+01,7.500000000000000000e+01,7.500000000000000000e+01
6.100271964073181152e+01,7.500000000000000000e+01,7.600000000000000000e+01
6.100271964073181152e+01,7.500000000000000000e+01,7.700000000000000000e+01
6.100271964073181152e+01,7.500000000000000000e+01,7.800000000000000000e+01
6.100271964073181152e+01,7.500000000000000000e+01,7.900000000000000000e+01
6.100271964073181152e+01,7.500000000000000000e+01,8.000000000000000000e+01
6.100271964073181152e+01,7.500000000000000000e+01,8.100000000000000000e+01
6.100271964073181152e+01,7.500000000000000000e+01,8.200000000000000000e+01
6.100271964073181152e+01,7.500000000000000000e+01,8.300000000000000000e+01
6.100271964073181152e+01,7.500000000000000000e+01,8.400000000000000000e+01
6.100271964073181152e+01,7.500000000000000000e+01,8.500000000000000000e+01
6.100271964073181152e+01,7.500000000000000000e+01,8.600000000000000000e+01
6.200276422500610352e+01,7.500000000000000000e+01,8.650000000000000000e+01
6.100271964073181152e+01,7.600000000000000000e+01,7.400000000000000000e+01
6.200276422500610352e+01,7.600000000000000000e+01,7.350000000000000000e+01
6.100271964073181152e+01,7.600000000000000000e+01,7.500000000000000000e+01
6.100271964073181152e+01,7.600000000000000000e+01,7.600000000000000000e+01
6.100271964073181152e+01,7.600000000000000000e+01,8.100000000000000000e+01
6.100271964073181152e+01,7.600000000000000000e+01,8.200000000000000000e+01
6.100271964073181152e+01,7.600000000000000000e+01,8.300000000000000000e+01
6.100271964073181152e+01,7.600000000000000000e+01,8.400000000000000000e+01
6.100271964073181152e+01,7.600000000000000000e+01,8.500000000000000000e+01
6.100271964073181152e+01,7.600000000000000000e+01,8.600000000000000000e+01
6.200276422500610352e+01,7.600000000000000000e+01,8.650000000000000000e+01
6.100271964073181152e+01,7.700000000000000000e+01,7.400000000000000000e+01
6.200276422500610352e+01,7.700000000000000000e+01,7.350000000000000000e+01
6.100271964073181152e+01,7.700000000000000000e+01,7.500000000000000000e+01
6.100271964073181152e+01,7.700000000000000000e+01,7.600000000000000000e+01
6.100271964073181152e+01,7.700000000000000000e+01,8.200000000000000000e+01
6.100271964073181152e+01,7.700000000000000000e+01,8.300000000000000000e+01
6.100271964073181152e+01,7.700000000000000000e+01,8.400000000000000000e+01
6.100271964073181152e+01,7.700000000000000000e+01,8.500000000000000000e+01
6.100271964073181152e+01,7.700000000000000000e+01,8.600000000000000000e+01
6.200276422500610352e+01,7.700000000000000000e+01,8.650000000000000000e+01
6.200276422500610352e+01,7.750000000000000000e+01,7.400000000000000000e+01
6.100271964073181152e+01,7.800000000000000000e+01,7.500000000000000000e+01
6.200276422500610352e+01,7.800000000000000000e+01,7.450000000000000000e+01
6.100271964073181152e+01,7.800000000000000000e+01,8.300000000000000000e+01
6.100271964073181152e+01,7.800000000000000000e+01,8.400000000000000000e+01
6.100271964073181152e+01,7.800000000000000000e+01,8.500000000000000000e+01
6.100271964073181152e+01,7.800000000000000000e+01,8.600000000000000000e+01
6.200276422500610352e+01,7.750000000000000000e+01,8.700000000000000000e+01
6.100271964073181152e+01,7.800000000000000000e+01,8.700000000000000000e+01
6.200276422500610352e+01,7.800000000000000000e+01,8.750000000000000000e+01
6.100271964073181152e+01,7.900000000000000000e+01,7.500000000000000000e+01
6.200276422500610352e+01,7.900000000000000000e+01,7.450000000000000000e+01
6.100271964073181152e+01,7.900000000000000000e+01,8.400000000000000000e+01
6.100271964073181152e+01,7.900000000000000000e+01,8.500000000000000000e+01
6.100271964073181152e+01,7.900000000000000000e+01,8.600000000000000000e+01
6.100271964073181152e+01,7.900000000000000000e+01,8.700000000000000000e+01
6.200276422500610352e+01,7.900000000000000000e+01,8.750000000000000000e+01
6.100271964073181152e+01,8.000000000000000000e+01,7.500000000000000000e+01
6.200276422500610352e+01,8.000000000000000000e+01,7.450000000000000000e+01
6.100271964073181152e+01,8.000000000000000000e+01,8.500000000000000000e+01
6.100271964073181152e+01,8.000000000000000000e+01,8.600000000000000000e+01
6.100271964073181152e+01,8.000000000000000000e+01,8.700000000000000000e+01
6.200276422500610352e+01,7.950000000000000000e+01,8.800000000000000000e+01
6.100271964073181152e+01,8.000000000000000000e+01,8.800000000000000000e+01
6.200276422500610352e+01,8.000000000000000000e+01,8.850000000000000000e+01
6.100271964073181152e+01,8.100000000000000000e+01,7.500000000000000000e+01
6.200276422500610352e+01,8.100000000000000000e+01,7.450000000000000000e+01
6.100271964073181152e+01,8.100000000000000000e+01,8.500000000000000000e+01
6.100271964073181152e+01,8.100000000000000000e+01,8.600000000000000000e+01
6.100271964073181152e+01,8.100000000000000000e+01,8.700000000000000000e+01
6.100271964073181152e+01,8.100000000000000000e+01,8.800000000000000000e+01
6.200276422500610352e+01,8.100000000000000000e+01,8.850000000000000000e+01
6.100271964073181152e+01,8.200000000000000000e+01,7.500000000000000000e+01
6.200276422500610352e+01,8.200000000000000000e+01,7.450000000000000000e+01
6.100271964073181152e+01,8.200000000000000000e+01,8.600000000000000000e+01
6.100271964073181152e+01,8.200000000000000000e+01,8.700000000000000000e+01
6.100271964073181152e+01,8.200000000000000000e+01,8.800000000000000000e+01
6.200276422500610352e+01,8.150000000000000000e+01,8.900000000000000000e+01
6.100271964073181152e+01,8.200000000000000000e+01,8.900000000000000000e+01
6.200276422500610352e+01,8.200000000000000000e+01,8.950000000000000000e+01
6.200276422500610352e+01,8.250000000000000000e+01,7.500000000000000000e+01
6.200276422500610352e+01,8.300000000000000000e+01,7.550000000000000000e+01
6.100271964073181152e+01,8.300000000000000000e+01,8.700000000000000000e+01
6.100271964073181152e+01,8.300000000000000000e+01,8.800000000000000000e+01
6.100271964073181152e+01,8.300000000000000000e+01,8.900000000000000000e+01
6.200276422500610352e+01,8.300000000000000000e+01,8.950000000000000000e+01
6.200276422500610352e+01,8.350000000000000000e+01,7.600000000000000000e+01
6.100271964073181152e+01,8.400000000000000000e+01,7.600000000000000000e+01
6.200276422500610352e+01,8.400000000000000000e+01,7.650000000000000000e+01
6.100271964073181152e+01,8.400000000000000000e+01,8.800000000000000000e+01
6.100271964073181152e+01,8.400000000000000000e+01,8.900000000000000000e+01
6.200276422500610352e+01,8.350000000000000000e+01,9.000000000000000000e+01
6.100271964073181152e+01,8.400000000000000000e+01,9.000000000000000000e+01
6.200276422500610352e+01,8.400000000000000000e+01,9.050000000000000000e+01
6.100271964073181152e+01,8.500000000000000000e+01,7.600000000000000000e+01
6.200276422500610352e+01,8.450000000000000000e+01,7.700000000000000000e+01
6.100271964073181152e+01,8.500000000000000000e+01,7.700000000000000000e+01
6.200276422500610352e+01,8.500000000000000000e+01,7.750000000000000000e+01
6.100271964073181152e+01,8.500000000000000000e+01,8.900000000000000000e+01
6.100271964073181152e+01,8.500000000000000000e+01,9.000000000000000000e+01
6.200276422500610352e+01,8.450000000000000000e+01,9.100000000000000000e+01
6.100271964073181152e+01,8.500000000000000000e+01,9.100000000000000000e+01
6.200276422500610352e+01,8.450000000000000000e+01,9.200000000000000000e+01
6.100271964073181152e+01,8.500000000000000000e+01,9.200000000000000000e+01
6.200276422500610352e+01,8.500000000000000000e+01,9.250000000000000000e+01
6.100271964073181152e+01,8.600000000000000000e+01,7.600000000000000000e+01
6.100271964073181152e+01,8.600000000000000000e+01,7.700000000000000000e+01
6.200276422500610352e+01,8.550000000000000000e+01,7.800000000000000000e+01
6.100271964073181152e+01,8.600000000000000000e+01,7.800000000000000000e+01
6.100271964073181152e+01,8.600000000000000000e+01,7.900000000000000000e+01
6.200276422500610352e+01,8.550000000000000000e+01,7.900000000000000000e+01
6.200276422500610352e+01,8.600000000000000000e+01,7.950000000000000000e+01
6.100271964073181152e+01,8.600000000000000000e+01,9.100000000000000000e+01
6.100271964073181152e+01,8.600000000000000000e+01,9.200000000000000000e+01
6.200276422500610352e+01,8.550000000000000000e+01,9.300000000000000000e+01
6.100271964073181152e+01,8.600000000000000000e+01,9.300000000000000000e+01
6.200276422500610352e+01,8.600000000000000000e+01,9.350000000000000000e+01
6.100271964073181152e+01,8.700000000000000000e+01,7.700000000000000000e+01
6.100271964073181152e+01,8.700000000000000000e+01,7.800000000000000000e+01
6.100271964073181152e+01,8.700000000000000000e+01,7.900000000000000000e+01
6.200276422500610352e+01,8.650000000000000000e+01,8.000000000000000000e+01
6.100271964073181152e+01,8.700000000000000000e+01,8.000000000000000000e+01
6.100271964073181152e+01,8.700000000000000000e+01,8.100000000000000000e+01
6.200276422500610352e+01,8.650000000000000000e+01,8.100000000000000000e+01
6.200276422500610352e+01,8.700000000000000000e+01,8.150000000000000000e+01
6.100271964073181152e+01,8.700000000000000000e+01,9.200000000000000000e+01
6.100271964073181152e+01,8.700000000000000000e+01,9.300000000000000000e+01
6.200276422500610352e+01,8.650000000000000000e+01,9.400000000000000000e+01
6.100271964073181152e+01,8.700000000000000000e+01,9.400000000000000000e+01
6.200276422500610352e+01,8.700000000000000000e+01,9.450000000000000000e+01
6.100271964073181152e+01,8.800000000000000000e+01,7.900000000000000000e+01
6.100271964073181152e+01,8.800000000000000000e+01,8.000000000000000000e+01
6.100271964073181152e+01,8.800000000000000000e+01,8.100000000000000000e+01
6.200276422500610352e+01,8.750000000000000000e+01,8.200000000000000000e+01
6.100271964073181152e+01,8.800000000000000000e+01,8.200000000000000000e+01
6.200276422500610352e+01,8.800000000000000000e+01,8.250000000000000000e+01
6.100271964073181152e+01,8.800000000000000000e+01,9.400000000000000000e+01
6.200276422500610352e+01,8.800000000000000000e+01,9.450000000000000000e+01
6.100271964073181152e+01,8.900000000000000000e+01,8.100000000000000000e+01
6.100271964073181152e+01,8.900000000000000000e+01,8.200000000000000000e+01
6.200276422500610352e+01,8.850000000000000000e+01,8.300000000000000000e+01
6.100271964073181152e+01,8.900000000000000000e+01,8.300000000000000000e+01
6.200276422500610352e+01,8.900000000000000000e+01,8.350000000000000000e+01
6.200276422500610352e+01,8.850000000000000000e+01,9.500000000000000000e+01
6.200276422500610352e+01,8.850000000000000000e+01,9.600000000000000000e+01
6.100271964073181152e+01,8.900000000000000000e+01,9.600000000000000000e+01
6.200276422500610352e+01,8.900000000000000000e+01,9.650000000000000000e+01
6.100271964073181152e+01,9.000000000000000000e+01,8.300000000000000000e+01
6.200276422500610352e+01,8.950000000000000000e+01,8.400000000000000000e+01
6.100271964073181152e+01,9.000000000000000000e+01,8.400000000000000000e+01
6.100271964073181152e+01,9.000000000000000000e+01,8.500000000000000000e+01
6.200276422500610352e+01,8.950000000000000000e+01,8.500000000000000000e+01
6.200276422500610352e+01,9.000000000000000000e+01,8.550000000000000000e+01
6.200276422500610352e+01,9.000000000000000000e+01,9.650000000000000000e+01
6.100271964073181152e+01,9.100000000000000000e+01,8.400000000000000000e+01
6.100271964073181152e+01,9.100000000000000000e+01,8.500000000000000000e+01
6.200276422500610352e+01,9.050000000000000000e+01,8.600000000000000000e+01
6.100271964073181152e+01,9.100000000000000000e+01,8.600000000000000000e+01
6.100271964073181152e+01,9.100000000000000000e+01,8.700000000000000000e+01
6.200276422500610352e+01,9.050000000000000000e+01,8.700000000000000000e+01
6.100271964073181152e+01,9.100000000000000000e+01,8.800000000000000000e+01
6.200276422500610352e+01,9.050000000000000000e+01,8.800000000000000000e+01
6.100271964073181152e+01,9.100000000000000000e+01,8.900000000000000000e+01
6.200276422500610352e+01,9.050000000000000000e+01,8.900000000000000000e+01
6.100271964073181152e+01,9.100000000000000000e+01,9.000000000000000000e+01
6.200276422500610352e+01,9.050000000000000000e+01,9.000000000000000000e+01
6.100271964073181152e+01,9.100000000000000000e+01,9.100000000000000000e+01
6.200276422500610352e+01,9.050000000000000000e+01,9.100000000000000000e+01
6.100271964073181152e+01,9.100000000000000000e+01,9.200000000000000000e+01
6.200276422500610352e+01,9.050000000000000000e+01,9.200000000000000000e+01
6.100271964073181152e+01,9.100000000000000000e+01,9.300000000000000000e+01
6.200276422500610352e+01,9.050000000000000000e+01,9.300000000000000000e+01
6.100271964073181152e+01,9.100000000000000000e+01,9.400000000000000000e+01
6.200276422500610352e+01,9.050000000000000000e+01,9.400000000000000000e+01
6.100271964073181152e+01,9.100000000000000000e+01,9.500000000000000000e+01
6.200276422500610352e+01,9.050000000000000000e+01,9.500000000000000000e+01
6.100271964073181152e+01,9.100000000000000000e+01,9.600000000000000000e+01
6.200276422500610352e+01,9.050000000000000000e+01,9.600000000000000000e+01
6.100271964073181152e+01,9.100000000000000000e+01,9.700000000000000000e+01
6.100271964073181152e+01,9.200000000000000000e+01,8.700000000000000000e+01
6.100271964073181152e+01,9.200000000000000000e+01,8.800000000000000000e+01
6.100271964073181152e+01,9.200000000000000000e+01,8.900000000000000000e+01
6.100271964073181152e+01,9.200000000000000000e+01,9.000000000000000000e+01
6.100271964073181152e+01,9.200000000000000000e+01,9.100000000000000000e+01
6.100271964073181152e+01,9.200000000000000000e+01,9.200000000000000000e+01
6.100271964073181152e+01,9.200000000000000000e+01,9.300000000000000000e+01
6.100271964073181152e+01,9.200000000000000000e+01,9.400000000000000000e+01
6.100271964073181152e+01,9.200000000000000000e+01,9.500000000000000000e+01
6.100271964073181152e+01,9.200000000000000000e+01,9.600000000000000000e+01
6.100271964073181152e+01,9.200000000000000000e+01,9.700000000000000000e+01
6.100271964073181152e+01,9.200000000000000000e+01,9.800000000000000000e+01
6.100271964073181152e+01,9.300000000000000000e+01,8.900000000000000000e+01
6.100271964073181152e+01,9.300000000000000000e+01,9.000000000000000000e+01
6.100271964073181152e+01,9.300000000000000000e+01,9.100000000000000000e+01
6.100271964073181152e+01,1.080000000000000000e+02,1.000000000000000000e+02
6.100271964073181152e+01,1.080000000000000000e+02,1.010000000000000000e+02
6.200276422500610352e+01,1.080000000000000000e+02,1.015000000000000000e+02
6.200276422500610352e+01,1.075000000000000000e+02,1.020000000000000000e+02
6.200276422500610352e+01,1.075000000000000000e+02,1.030000000000000000e+02
6.200276422500610352e+01,1.075000000000000000e+02,1.040000000000000000e+02
6.200276422500610352e+01,1.075000000000000000e+02,1.050000000000000000e+02
6.100271964073181152e+01,1.080000000000000000e+02,1.060000000000000000e+02
6.200276422500610352e+01,1.080000000000000000e+02,1.055000000000000000e+02
6.100271964073181152e+01,1.090000000000000000e+02,9.700000000000000000e+01
6.200276422500610352e+01,1.090000000000000000e+02,9.750000000000000000e+01
6.200276422500610352e+01,1.085000000000000000e+02,9.800000000000000000e+01
6.200276422500610352e+01,1.085000000000000000e+02,9.900000000000000000e+01
6.200276422500610352e+01,1.085000000000000000e+02,1.000000000000000000e+02
6.200276422500610352e+01,1.085000000000000000e+02,1.010000000000000000e+02
6.200276422500610352e+01,1.085000000000000000e+02,1.060000000000000000e+02
6.200276422500610352e+01,1.085000000000000000e+02,1.070000000000000000e+02
6.200276422500610352e+01,1.090000000000000000e+02,1.075000000000000000e+02
6.100271964073181152e+01,1.100000000000000000e+02,9.400000000000000000e+01
6.200276422500610352e+01,1.100000000000000000e+02,9.450000000000000000e+01
6.200276422500610352e+01,1.095000000000000000e+02,9.500000000000000000e+01
6.200276422500610352e+01,1.095000000000000000e+02,9.600000000000000000e+01
6.200276422500610352e+01,1.095000000000000000e+02,9.700000000000000000e+01
6.200276422500610352e+01,1.100000000000000000e+02,1.075000000000000000e+02
6.200276422500610352e+01,1.110000000000000000e+02,8.050000000000000000e+01
6.200276422500610352e+01,1.105000000000000000e+02,8.100000000000000000e+01
6.200276422500610352e+01,1.105000000000000000e+02,8.200000000000000000e+01
6.200276422500610352e+01,1.105000000000000000e+02,8.300000000000000000e+01
6.200276422500610352e+01,1.105000000000000000e+02,8.400000000000000000e+01
6.200276422500610352e+01,1.105000000000000000e+02,8.500000000000000000e+01
6.200276422500610352e+01,1.105000000000000000e+02,8.600000000000000000e+01
6.200276422500610352e+01,1.105000000000000000e+02,8.700000000000000000e+01
6.200276422500610352e+01,1.105000000000000000e+02,8.800000000000000000e+01
6.200276422500610352e+01,1.105000000000000000e+02,8.900000000000000000e+01
6.200276422500610352e+01,1.105000000000000000e+02,9.000000000000000000e+01
6.200276422500610352e+01,1.105000000000000000e+02,9.100000000000000000e+01
6.200276422500610352e+01,1.105000000000000000e+02,9.200000000000000000e+01
6.200276422500610352e+01,1.105000000000000000e+02,9.300000000000000000e+01
6.200276422500610352e+01,1.105000000000000000e+02,9.400000000000000000e+01
6.200276422500610352e+01,1.110000000000000000e+02,1.075000000000000000e+02
6.200276422500610352e+01,1.120000000000000000e+02,8.050000000000000000e+01
6.200276422500610352e+01,1.120000000000000000e+02,1.075000000000000000e+02
6.200276422500610352e+01,1.130000000000000000e+02,8.050000000000000000e+01
6.200276422500610352e+01,1.130000000000000000e+02,1.075000000000000000e+02
6.200276422500610352e+01,1.140000000000000000e+02,8.050000000000000000e+01
6.100271964073181152e+01,1.140000000000000000e+02,1.070000000000000000e+02
6.200276422500610352e+01,1.135000000000000000e+02,1.070000000000000000e+02
6.200276422500610352e+01,1.140000000000000000e+02,1.065000000000000000e+02
6.200276422500610352e+01,1.150000000000000000e+02,8.050000000000000000e+01
6.200276422500610352e+01,1.150000000000000000e+02,1.065000000000000000e+02
6.200276422500610352e+01,1.155000000000000000e+02,8.100000000000000000e+01
6.100271964073181152e+01,1.160000000000000000e+02,8.100000000000000000e+01
6.200276422500610352e+01,1.160000000000000000e+02,8.150000000000000000e+01
6.200276422500610352e+01,1.160000000000000000e+02,1.065000000000000000e+02
6.200276422500610352e+01,1.170000000000000000e+02,8.150000000000000000e+01
6.200276422500610352e+01,1.170000000000000000e+02,1.065000000000000000e+02
6.200276422500610352e+01,1.180000000000000000e+02,8.150000000000000000e+01
6.200276422500610352e+01,1.180000000000000000e+02,1.065000000000000000e+02
6.200276422500610352e+01,1.190000000000000000e+02,8.150000000000000000e+01
6.200276422500610352e+01,1.190000000000000000e+02,1.065000000000000000e+02
6.200276422500610352e+01,1.200000000000000000e+02,8.150000000000000000e+01
6.200276422500610352e+01,1.200000000000000000e+02,1.065000000000000000e+02
6.200276422500610352e+01,1.205000000000000000e+02,8.200000000000000000e+01
6.200276422500610352e+01,1.210000000000000000e+02,8.250000000000000000e+01
6.200276422500610352e+01,1.210000000000000000e+02,1.065000000000000000e+02
6.200276422500610352e+01,1.220000000000000000e+02,8.250000000000000000e+01
6.200276422500610352e+01,1.220000000000000000e+02,1.065000000000000000e+02
6.200276422500610352e+01,1.230000000000000000e+02,8.250000000000000000e+01
6.200276422500610352e+01,1.225000000000000000e+02,1.070000000000000000e+02
6.100271964073181152e+01,1.230000000000000000e+02,1.070000000000000000e+02
6.200276422500610352e+01,1.230000000000000000e+02,1.075000000000000000e+02
6.200276422500610352e+01,1.240000000000000000e+02,8.250000000000000000e+01
6.200276422500610352e+01,1.240000000000000000e+02,1.075000000000000000e+02
6.200276422500610352e+01,1.250000000000000000e+02,8.250000000000000000e+01
6.200276422500610352e+01,1.250000000000000000e+02,1.075000000000000000e+02
6.200276422500610352e+01,1.260000000000000000e+02,8.250000000000000000e+01
6.200276422500610352e+01,1.260000000000000000e+02,1.075000000000000000e+02
6.100271964073181152e+01,1.270000000000000000e+02,8.200000000000000000e+01
6.200276422500610352e+01,1.270000000000000000e+02,8.250000000000000000e+01
6.200276422500610352e+01,1.265000000000000000e+02,1.080000000000000000e+02
6.200276422500610352e+01,1.270000000000000000e+02,1.085000000000000000e+02
6.100271964073181152e+01,1.280000000000000000e+02,8.200000000000000000e+01
6.200276422500610352e+01,1.280000000000000000e+02,8.250000000000000000e+01
6.200276422500610352e+01,1.280000000000000000e+02,1.085000000000000000e+02
6.200276422500610352e+01,1.290000000000000000e+02,8.150000000000000000e+01
6.200276422500610352e+01,1.285000000000000000e+02,8.200000000000000000e+01
6.200276422500610352e+01,1.290000000000000000e+02,1.085000000000000000e+02
6.200276422500610352e+01,1.300000000000000000e+02,8.150000000000000000e+01
6.100271964073181152e+01,1.300000000000000000e+02,1.090000000000000000e+02
6.200276422500610352e+01,1.300000000000000000e+02,1.085000000000000000e+02
6.200276422500610352e+01,1.310000000000000000e+02,8.150000000000000000e+01
6.200276422500610352e+01,1.305000000000000000e+02,1.090000000000000000e+02
6.200276422500610352e+01,1.310000000000000000e+02,1.095000000000000000e+02
6.200276422500610352e+01,1.320000000000000000e+02,8.150000000000000000e+01
6.200276422500610352e+01,1.320000000000000000e+02,1.095000000000000000e+02
6.100271964073181152e+01,1.330000000000000000e+02,8.100000000000000000e+01
6.200276422500610352e+01,1.330000000000000000e+02,8.150000000000000000e+01
6.200276422500610352e+01,1.325000000000000000e+02,1.100000000000000000e+02
6.200276422500610352e+01,1.330000000000000000e+02,1.105000000000000000e+02
6.200276422500610352e+01,1.340000000000000000e+02,8.050000000000000000e+01
6.200276422500610352e+01,1.335000000000000000e+02,8.100000000000000000e+01
6.200276422500610352e+01,1.340000000000000000e+02,1.105000000000000000e+02
6.200276422500610352e+01,1.350000000000000000e+02,8.050000000000000000e+01
6.200276422500610352e+01,1.350000000000000000e+02,1.105000000000000000e+02
6.200276422500610352e+01,1.360000000000000000e+02,8.050000000000000000e+01
6.200276422500610352e+01,1.360000000000000000e+02,1.105000000000000000e+02
6.200276422500610352e+01,1.370000000000000000e+02,8.050000000000000000e+01
6.200276422500610352e+01,1.370000000000000000e+02,1.105000000000000000e+02
6.200276422500610352e+01,1.380000000000000000e+02,8.050000000000000000e+01
6.100271964073181152e+01,1.380000000000000000e+02,1.100000000000000000e+02
6.200276422500610352e+01,1.380000000000000000e+02,1.105000000000000000e+02
6.200276422500610352e+01,1.390000000000000000e+02,8.050000000000000000e+01
6.100271964073181152e+01,1.390000000000000000e+02,9.000000000000000000e+01
6.100271964073181152e+01,1.390000000000000000e+02,9.100000000000000000e+01
6.100271964073181152e+01,1.390000000000000000e+02,9.200000000000000000e+01
6.200276422500610352e+01,1.390000000000000000e+02,9.250000000000000000e+01
6.200276422500610352e+01,1.385000000000000000e+02,9.300000000000000000e+01
6.200276422500610352e+01,1.385000000000000000e+02,9.400000000000000000e+01
6.200276422500610352e+01,1.385000000000000000e+02,9.500000000000000000e+01
6.200276422500610352e+01,1.385000000000000000e+02,9.600000000000000000e+01
6.200276422500610352e+01,1.385000000000000000e+02,9.700000000000000000e+01
6.200276422500610352e+01,1.385000000000000000e+02,9.800000000000000000e+01
6.200276422500610352e+01,1.385000000000000000e+02,9.900000000000000000e+01
6.200276422500610352e+01,1.385000000000000000e+02,1.000000000000000000e+02
6.200276422500610352e+01,1.385000000000000000e+02,1.010000000000000000e+02
6.200276422500610352e+01,1.385000000000000000e+02,1.020000000000000000e+02
6.200276422500610352e+01,1.385000000000000000e+02,1.030000000000000000e+02
6.200276422500610352e+01,1.385000000000000000e+02,1.040000000000000000e+02
6.200276422500610352e+01,1.390000000000000000e+02,1.045000000000000000e+02
6.200276422500610352e+01,1.385000000000000000e+02,1.100000000000000000e+02
6.200276422500610352e+01,1.390000000000000000e+02,1.095000000000000000e+02
6.100271964073181152e+01,1.400000000000000000e+02,8.100000000000000000e+01
6.200276422500610352e+01,1.400000000000000000e+02,8.050000000000000000e+01
6.200276422500610352e+01,1.395000000000000000e+02,8.800000000000000000e+01
6.200276422500610352e+01,1.400000000000000000e+02,8.750000000000000000e+01
6.200276422500610352e+01,1.395000000000000000e+02,8.900000000000000000e+01
6.200276422500610352e+01,1.395000000000000000e+02,9.000000000000000000e+01
6.200276422500610352e+01,1.395000000000000000e+02,9.100000000000000000e+01
6.200276422500610352e+01,1.395000000000000000e+02,9.200000000000000000e+01
6.200276422500610352e+01,1.395000000000000000e+02,1.050000000000000000e+02
6.200276422500610352e+01,1.395000000000000000e+02,1.060000000000000000e+02
6.200276422500610352e+01,1.395000000000000000e+02,1.070000000000000000e+02
6.200276422500610352e+01,1.395000000000000000e+02,1.080000000000000000e+02
6.200276422500610352e+01,1.395000000000000000e+02,1.090000000000000000e+02
6.200276422500610352e+01,1.405000000000000000e+02,8.100000000000000000e+01
6.100271964073181152e+01,1.410000000000000000e+02,8.200000000000000000e+01
6.200276422500610352e+01,1.410000000000000000e+02,8.150000000000000000e+01
6.100271964073181152e+01,1.410000000000000000e+02,8.500000000000000000e+01
6.200276422500610352e+01,1.410000000000000000e+02,8.550000000000000000e+01
6.200276422500610352e+01,1.405000000000000000e+02,8.600000000000000000e+01
6.200276422500610352e+01,1.405000000000000000e+02,8.700000000000000000e+01
6.200276422500610352e+01,1.415000000000000000e+02,8.200000000000000000e+01
6.200276422500610352e+01,1.415000000000000000e+02,8.300000000000000000e+01
6.200276422500610352e+01,1.415000000000000000e+02,8.400000000000000000e+01
6.200276422500610352e+01,1.415000000000000000e+02,8.500000000000000000e+01
6.300280880928039551e+01,5.700000000000000000e+01,8.000000000000000000e+01
6.400285339355468750e+01,5.700000000000000000e+01,7.950000000000000000e+01
6.400285339355468750e+01,5.650000000000000000e+01,8.000000000000000000e+01
6.400285339355468750e+01,5.650000000000000000e+01,8.100000000000000000e+01
6.300280880928039551e+01,5.700000000000000000e+01,8.100000000000000000e+01
6.400285339355468750e+01,5.650000000000000000e+01,8.200000000000000000e+01
6.300280880928039551e+01,5.700000000000000000e+01,8.200000000000000000e+01
6.400285339355468750e+01,5.650000000000000000e+01,8.300000000000000000e+01
6.300280880928039551e+01,5.700000000000000000e+01,8.300000000000000000e+01
6.400285339355468750e+01,5.700000000000000000e+01,8.350000000000000000e+01
6.300280880928039551e+01,5.800000000000000000e+01,7.800000000000000000e+01
6.400285339355468750e+01,5.800000000000000000e+01,7.750000000000000000e+01
6.400285339355468750e+01,5.750000000000000000e+01,7.800000000000000000e+01
6.400285339355468750e+01,5.750000000000000000e+01,7.900000000000000000e+01
6.300280880928039551e+01,5.800000000000000000e+01,7.900000000000000000e+01
6.300280880928039551e+01,5.800000000000000000e+01,8.000000000000000000e+01
6.300280880928039551e+01,5.800000000000000000e+01,8.100000000000000000e+01
6.300280880928039551e+01,5.800000000000000000e+01,8.200000000000000000e+01
6.300280880928039551e+01,5.800000000000000000e+01,8.300000000000000000e+01
6.400285339355468750e+01,5.750000000000000000e+01,8.400000000000000000e+01
6.300280880928039551e+01,5.800000000000000000e+01,8.400000000000000000e+01
6.400285339355468750e+01,5.800000000000000000e+01,8.450000000000000000e+01
6.300280880928039551e+01,5.900000000000000000e+01,7.600000000000000000e+01
6.400285339355468750e+01,5.900000000000000000e+01,7.550000000000000000e+01
6.400285339355468750e+01,5.850000000000000000e+01,7.600000000000000000e+01
6.400285339355468750e+01,5.850000000000000000e+01,7.700000000000000000e+01
6.300280880928039551e+01,5.900000000000000000e+01,7.700000000000000000e+01
6.300280880928039551e+01,5.900000000000000000e+01,7.800000000000000000e+01
6.300280880928039551e+01,5.900000000000000000e+01,7.900000000000000000e+01
6.400285339355468750e+01,5.850000000000000000e+01,8.500000000000000000e+01
6.300280880928039551e+01,5.900000000000000000e+01,8.500000000000000000e+01
6.400285339355468750e+01,5.850000000000000000e+01,8.600000000000000000e+01
6.300280880928039551e+01,5.900000000000000000e+01,8.600000000000000000e+01
6.400285339355468750e+01,5.900000000000000000e+01,8.650000000000000000e+01
6.300280880928039551e+01,6.000000000000000000e+01,7.500000000000000000e+01
6.400285339355468750e+01,6.000000000000000000e+01,7.450000000000000000e+01
6.400285339355468750e+01,5.950000000000000000e+01,7.500000000000000000e+01
6.300280880928039551e+01,6.000000000000000000e+01,7.600000000000000000e+01
6.400285339355468750e+01,5.950000000000000000e+01,8.700000000000000000e+01
6.300280880928039551e+01,6.000000000000000000e+01,8.700000000000000000e+01
6.400285339355468750e+01,6.000000000000000000e+01,8.750000000000000000e+01
6.300280880928039551e+01,6.100000000000000000e+01,7.400000000000000000e+01
6.400285339355468750e+01,6.100000000000000000e+01,7.350000000000000000e+01
6.400285339355468750e+01,6.050000000000000000e+01,7.400000000000000000e+01
6.400285339355468750e+01,6.100000000000000000e+01,8.750000000000000000e+01
6.300280880928039551e+01,6.200000000000000000e+01,7.300000000000000000e+01
6.400285339355468750e+01,6.200000000000000000e+01,7.250000000000000000e+01
6.400285339355468750e+01,6.150000000000000000e+01,7.300000000000000000e+01
6.400285339355468750e+01,6.150000000000000000e+01,8.800000000000000000e+01
6.300280880928039551e+01,6.200000000000000000e+01,8.800000000000000000e+01
6.400285339355468750e+01,6.200000000000000000e+01,8.850000000000000000e+01
6.300280880928039551e+01,6.300000000000000000e+01,7.200000000000000000e+01
6.400285339355468750e+01,6.300000000000000000e+01,7.150000000000000000e+01
6.400285339355468750e+01,6.250000000000000000e+01,7.200000000000000000e+01
6.300280880928039551e+01,6.300000000000000000e+01,8.800000000000000000e+01
6.400285339355468750e+01,6.300000000000000000e+01,8.850000000000000000e+01
6.400285339355468750e+01,6.400000000000000000e+01,7.150000000000000000e+01
6.400285339355468750e+01,6.400000000000000000e+01,8.850000000000000000e+01
6.400285339355468750e+01,6.500000000000000000e+01,7.150000000000000000e+01
6.400285339355468750e+01,6.450000000000000000e+01,8.900000000000000000e+01
6.300280880928039551e+01,6.500000000000000000e+01,8.900000000000000000e+01
6.400285339355468750e+01,6.500000000000000000e+01,8.950000000000000000e+01
6.300280880928039551e+01,6.600000000000000000e+01,7.100000000000000000e+01
6.400285339355468750e+01,6.600000000000000000e+01,7.050000000000000000e+01
6.400285339355468750e+01,6.550000000000000000e+01,7.100000000000000000e+01
6.300280880928039551e+01,6.600000000000000000e+01,8.900000000000000000e+01
6.400285339355468750e+01,6.600000000000000000e+01,8.950000000000000000e+01
6.300280880928039551e+01,6.700000000000000000e+01,7.100000000000000000e+01
6.400285339355468750e+01,6.700000000000000000e+01,7.050000000000000000e+01
6.300280880928039551e+01,6.700000000000000000e+01,8.900000000000000000e+01
6.400285339355468750e+01,6.700000000000000000e+01,8.950000000000000000e+01
6.300280880928039551e+01,6.800000000000000000e+01,7.100000000000000000e+01
6.400285339355468750e+01,6.800000000000000000e+01,7.050000000000000000e+01
6.300280880928039551e+01,6.800000000000000000e+01,8.900000000000000000e+01
6.400285339355468750e+01,6.750000000000000000e+01,9.000000000000000000e+01
6.300280880928039551e+01,6.800000000000000000e+01,9.000000000000000000e+01
6.400285339355468750e+01,6.800000000000000000e+01,9.050000000000000000e+01
6.300280880928039551e+01,6.900000000000000000e+01,7.100000000000000000e+01
6.400285339355468750e+01,6.900000000000000000e+01,7.050000000000000000e+01
6.300280880928039551e+01,6.900000000000000000e+01,8.800000000000000000e+01
6.300280880928039551e+01,6.900000000000000000e+01,8.900000000000000000e+01
6.300280880928039551e+01,6.900000000000000000e+01,9.000000000000000000e+01
6.400285339355468750e+01,6.900000000000000000e+01,9.050000000000000000e+01
6.300280880928039551e+01,7.000000000000000000e+01,7.100000000000000000e+01
6.400285339355468750e+01,7.000000000000000000e+01,7.050000000000000000e+01
6.300280880928039551e+01,7.000000000000000000e+01,8.700000000000000000e+01
6.300280880928039551e+01,7.000000000000000000e+01,8.800000000000000000e+01
6.300280880928039551e+01,7.000000000000000000e+01,8.900000000000000000e+01
6.300280880928039551e+01,7.000000000000000000e+01,9.000000000000000000e+01
6.400285339355468750e+01,7.000000000000000000e+01,9.050000000000000000e+01
6.400285339355468750e+01,7.050000000000000000e+01,7.100000000000000000e+01
6.400285339355468750e+01,7.100000000000000000e+01,7.150000000000000000e+01
6.300280880928039551e+01,7.100000000000000000e+01,8.700000000000000000e+01
6.300280880928039551e+01,7.100000000000000000e+01,8.800000000000000000e+01
6.300280880928039551e+01,7.100000000000000000e+01,8.900000000000000000e+01
6.400285339355468750e+01,7.100000000000000000e+01,8.950000000000000000e+01
6.400285339355468750e+01,7.050000000000000000e+01,9.000000000000000000e+01
6.300280880928039551e+01,7.200000000000000000e+01,7.200000000000000000e+01
6.400285339355468750e+01,7.200000000000000000e+01,7.150000000000000000e+01
6.300280880928039551e+01,7.200000000000000000e+01,8.600000000000000000e+01
6.300280880928039551e+01,7.200000000000000000e+01,8.700000000000000000e+01
6.300280880928039551e+01,7.200000000000000000e+01,8.800000000000000000e+01
6.300280880928039551e+01,7.200000000000000000e+01,8.900000000000000000e+01
6.400285339355468750e+01,7.200000000000000000e+01,8.950000000000000000e+01
6.300280880928039551e+01,7.300000000000000000e+01,7.200000000000000000e+01
6.400285339355468750e+01,7.300000000000000000e+01,7.150000000000000000e+01
6.300280880928039551e+01,7.300000000000000000e+01,8.600000000000000000e+01
6.300280880928039551e+01,7.300000000000000000e+01,8.700000000000000000e+01
6.300280880928039551e+01,7.300000000000000000e+01,8.800000000000000000e+01
6.300280880928039551e+01,7.300000000000000000e+01,8.900000000000000000e+01
6.400285339355468750e+01,7.300000000000000000e+01,8.950000000000000000e+01
6.400285339355468750e+01,7.350000000000000000e+01,7.200000000000000000e+01
6.400285339355468750e+01,7.400000000000000000e+01,7.250000000000000000e+01
6.300280880928039551e+01,7.400000000000000000e+01,8.700000000000000000e+01
6.300280880928039551e+01,7.400000000000000000e+01,8.800000000000000000e+01
6.300280880928039551e+01,7.400000000000000000e+01,8.900000000000000000e+01
6.400285339355468750e+01,7.350000000000000000e+01,9.000000000000000000e+01
6.300280880928039551e+01,7.400000000000000000e+01,9.000000000000000000e+01
6.400285339355468750e+01,7.400000000000000000e+01,9.050000000000000000e+01
6.300280880928039551e+01,7.500000000000000000e+01,7.300000000000000000e+01
6.400285339355468750e+01,7.500000000000000000e+01,7.250000000000000000e+01
6.300280880928039551e+01,7.500000000000000000e+01,8.700000000000000000e+01
6.300280880928039551e+01,7.500000000000000000e+01,8.800000000000000000e+01
6.300280880928039551e+01,7.500000000000000000e+01,8.900000000000000000e+01
6.300280880928039551e+01,7.500000000000000000e+01,9.000000000000000000e+01
6.400285339355468750e+01,7.500000000000000000e+01,9.050000000000000000e+01
6.300280880928039551e+01,7.600000000000000000e+01,7.300000000000000000e+01
6.400285339355468750e+01,7.600000000000000000e+01,7.250000000000000000e+01
6.300280880928039551e+01,7.600000000000000000e+01,8.700000000000000000e+01
6.300280880928039551e+01,7.600000000000000000e+01,8.800000000000000000e+01
6.300280880928039551e+01,7.600000000000000000e+01,8.900000000000000000e+01
6.300280880928039551e+01,7.600000000000000000e+01,9.000000000000000000e+01
6.400285339355468750e+01,7.600000000000000000e+01,9.050000000000000000e+01
6.300280880928039551e+01,7.700000000000000000e+01,7.300000000000000000e+01
6.400285339355468750e+01,7.700000000000000000e+01,7.250000000000000000e+01
6.300280880928039551e+01,7.700000000000000000e+01,8.700000000000000000e+01
6.300280880928039551e+01,7.700000000000000000e+01,8.800000000000000000e+01
6.300280880928039551e+01,7.700000000000000000e+01,8.900000000000000000e+01
6.300280880928039551e+01,7.700000000000000000e+01,9.000000000000000000e+01
6.400285339355468750e+01,7.700000000000000000e+01,9.050000000000000000e+01
6.400285339355468750e+01,7.750000000000000000e+01,7.300000000000000000e+01
6.300280880928039551e+01,7.800000000000000000e+01,7.400000000000000000e+01
6.400285339355468750e+01,7.800000000000000000e+01,7.350000000000000000e+01
6.300280880928039551e+01,7.800000000000000000e+01,8.800000000000000000e+01
6.300280880928039551e+01,7.800000000000000000e+01,8.900000000000000000e+01
6.300280880928039551e+01,7.800000000000000000e+01,9.000000000000000000e+01
6.400285339355468750e+01,7.750000000000000000e+01,9.100000000000000000e+01
6.300280880928039551e+01,7.800000000000000000e+01,9.100000000000000000e+01
6.400285339355468750e+01,7.800000000000000000e+01,9.150000000000000000e+01
6.300280880928039551e+01,7.900000000000000000e+01,7.400000000000000000e+01
6.400285339355468750e+01,7.900000000000000000e+01,7.350000000000000000e+01
6.300280880928039551e+01,7.900000000000000000e+01,8.800000000000000000e+01
6.300280880928039551e+01,7.900000000000000000e+01,8.900000000000000000e+01
6.300280880928039551e+01,7.900000000000000000e+01,9.000000000000000000e+01
6.300280880928039551e+01,7.900000000000000000e+01,9.100000000000000000e+01
6.400285339355468750e+01,7.850000000000000000e+01,9.200000000000000000e+01
6.300280880928039551e+01,7.900000000000000000e+01,9.200000000000000000e+01
6.400285339355468750e+01,7.900000000000000000e+01,9.250000000000000000e+01
6.300280880928039551e+01,8.000000000000000000e+01,7.400000000000000000e+01
6.400285339355468750e+01,8.000000000000000000e+01,7.350000000000000000e+01
6.300280880928039551e+01,8.000000000000000000e+01,8.900000000000000000e+01
6.300280880928039551e+01,8.000000000000000000e+01,9.000000000000000000e+01
6.300280880928039551e+01,8.000000000000000000e+01,9.100000000000000000e+01
6.300280880928039551e+01,8.000000000000000000e+01,9.200000000000000000e+01
6.400285339355468750e+01,8.000000000000000000e+01,9.250000000000000000e+01
6.400285339355468750e+01,8.050000000000000000e+01,7.400000000000000000e+01
6.400285339355468750e+01,8.100000000000000000e+01,7.450000000000000000e+01
6.300280880928039551e+01,8.100000000000000000e+01,8.900000000000000000e+01
6.300280880928039551e+01,8.100000000000000000e+01,9.000000000000000000e+01
6.300280880928039551e+01,8.100000000000000000e+01,9.100000000000000000e+01
6.300280880928039551e+01,8.100000000000000000e+01,9.200000000000000000e+01
6.400285339355468750e+01,8.050000000000000000e+01,9.300000000000000000e+01
6.300280880928039551e+01,8.100000000000000000e+01,9.300000000000000000e+01
6.400285339355468750e+01,8.100000000000000000e+01,9.350000000000000000e+01
6.400285339355468750e+01,8.200000000000000000e+01,7.450000000000000000e+01
6.300280880928039551e+01,8.200000000000000000e+01,9.000000000000000000e+01
6.300280880928039551e+01,8.200000000000000000e+01,9.100000000000000000e+01
6.300280880928039551e+01,8.200000000000000000e+01,9.200000000000000000e+01
6.300280880928039551e+01,8.200000000000000000e+01,9.300000000000000000e+01
6.400285339355468750e+01,8.200000000000000000e+01,9.350000000000000000e+01
6.400285339355468750e+01,8.250000000000000000e+01,7.500000000000000000e+01
6.300280880928039551e+01,8.300000000000000000e+01,7.600000000000000000e+01
6.400285339355468750e+01,8.250000000000000000e+01,7.600000000000000000e+01
6.400285339355468750e+01,8.300000000000000000e+01,7.650000000000000000e+01
6.300280880928039551e+01,8.300000000000000000e+01,9.000000000000000000e+01
6.300280880928039551e+01,8.300000000000000000e+01,9.100000000000000000e+01
6.300280880928039551e+01,8.300000000000000000e+01,9.200000000000000000e+01
6.300280880928039551e+01,8.300000000000000000e+01,9.300000000000000000e+01
6.400285339355468750e+01,8.250000000000000000e+01,9.400000000000000000e+01
6.300280880928039551e+01,8.300000000000000000e+01,9.400000000000000000e+01
6.400285339355468750e+01,8.300000000000000000e+01,9.450000000000000000e+01
6.300280880928039551e+01,8.400000000000000000e+01,7.700000000000000000e+01
6.400285339355468750e+01,8.350000000000000000e+01,7.700000000000000000e+01
6.400285339355468750e+01,8.400000000000000000e+01,7.750000000000000000e+01
6.300280880928039551e+01,8.400000000000000000e+01,9.100000000000000000e+01
6.300280880928039551e+01,8.400000000000000000e+01,9.200000000000000000e+01
6.300280880928039551e+01,8.400000000000000000e+01,9.300000000000000000e+01
6.300280880928039551e+01,8.400000000000000000e+01,9.400000000000000000e+01
6.400285339355468750e+01,8.400000000000000000e+01,9.450000000000000000e+01
6.300280880928039551e+01,8.500000000000000000e+01,7.800000000000000000e+01
6.400285339355468750e+01,8.450000000000000000e+01,7.800000000000000000e+01
6.300280880928039551e+01,8.500000000000000000e+01,7.900000000000000000e+01
6.400285339355468750e+01,8.450000000000000000e+01,7.900000000000000000e+01
6.300280880928039551e+01,8.500000000000000000e+01,8.000000000000000000e+01
6.400285339355468750e+01,8.450000000000000000e+01,8.000000000000000000e+01
6.400285339355468750e+01,8.500000000000000000e+01,8.050000000000000000e+01
6.300280880928039551e+01,8.500000000000000000e+01,9.300000000000000000e+01
6.300280880928039551e+01,8.500000000000000000e+01,9.400000000000000000e+01
6.400285339355468750e+01,8.500000000000000000e+01,9.450000000000000000e+01
6.300280880928039551e+01,8.600000000000000000e+01,8.000000000000000000e+01
6.400285339355468750e+01,8.550000000000000000e+01,8.100000000000000000e+01
6.300280880928039551e+01,8.600000000000000000e+01,8.100000000000000000e+01
6.300280880928039551e+01,8.600000000000000000e+01,8.200000000000000000e+01
6.400285339355468750e+01,8.550000000000000000e+01,8.200000000000000000e+01
6.400285339355468750e+01,8.600000000000000000e+01,8.250000000000000000e+01
6.300280880928039551e+01,8.600000000000000000e+01,9.400000000000000000e+01
6.400285339355468750e+01,8.600000000000000000e+01,9.450000000000000000e+01
6.300280880928039551e+01,8.700000000000000000e+01,8.200000000000000000e+01
6.400285339355468750e+01,8.650000000000000000e+01,8.300000000000000000e+01
6.300280880928039551e+01,8.700000000000000000e+01,8.300000000000000000e+01
6.400285339355468750e+01,8.700000000000000000e+01,8.350000000000000000e+01
6.400285339355468750e+01,8.700000000000000000e+01,9.450000000000000000e+01
6.300280880928039551e+01,8.800000000000000000e+01,8.300000000000000000e+01
6.400285339355468750e+01,8.800000000000000000e+01,8.350000000000000000e+01
6.400285339355468750e+01,8.800000000000000000e+01,9.450000000000000000e+01
6.300280880928039551e+01,8.900000000000000000e+01,8.400000000000000000e+01
6.400285339355468750e+01,8.850000000000000000e+01,8.400000000000000000e+01
6.300280880928039551e+01,8.900000000000000000e+01,8.500000000000000000e+01
6.400285339355468750e+01,8.850000000000000000e+01,8.500000000000000000e+01
6.400285339355468750e+01,8.900000000000000000e+01,8.550000000000000000e+01
6.300280880928039551e+01,8.900000000000000000e+01,9.400000000000000000e+01
6.400285339355468750e+01,8.850000000000000000e+01,9.400000000000000000e+01
6.400285339355468750e+01,8.900000000000000000e+01,9.350000000000000000e+01
6.300280880928039551e+01,8.900000000000000000e+01,9.500000000000000000e+01
6.300280880928039551e+01,8.900000000000000000e+01,9.600000000000000000e+01
6.300280880928039551e+01,9.000000000000000000e+01,8.600000000000000000e+01
6.400285339355468750e+01,8.950000000000000000e+01,8.600000000000000000e+01
6.300280880928039551e+01,9.000000000000000000e+01,8.700000000000000000e+01
6.400285339355468750e+01,8.950000000000000000e+01,8.700000000000000000e+01
6.400285339355468750e+01,9.000000000000000000e+01,8.750000000000000000e+01
6.300280880928039551e+01,9.000000000000000000e+01,9.000000000000000000e+01
6.400285339355468750e+01,8.950000000000000000e+01,9.000000000000000000e+01
6.400285339355468750e+01,9.000000000000000000e+01,8.950000000000000000e+01
6.300280880928039551e+01,9.000000000000000000e+01,9.100000000000000000e+01
6.400285339355468750e+01,8.950000000000000000e+01,9.100000000000000000e+01
6.300280880928039551e+01,9.000000000000000000e+01,9.200000000000000000e+01
6.400285339355468750e+01,8.950000000000000000e+01,9.200000000000000000e+01
6.300280880928039551e+01,9.000000000000000000e+01,9.300000000000000000e+01
6.400285339355468750e+01,8.950000000000000000e+01,9.300000000000000000e+01
6.300280880928039551e+01,9.000000000000000000e+01,9.400000000000000000e+01
6.300280880928039551e+01,9.000000000000000000e+01,9.500000000000000000e+01
6.300280880928039551e+01,9.000000000000000000e+01,9.600000000000000000e+01
6.400285339355468750e+01,9.050000000000000000e+01,8.800000000000000000e+01
6.400285339355468750e+01,9.050000000000000000e+01,8.900000000000000000e+01
6.300280880928039551e+01,1.080000000000000000e+02,1.020000000000000000e+02
6.300280880928039551e+01,1.080000000000000000e+02,1.030000000000000000e+02
6.300280880928039551e+01,1.080000000000000000e+02,1.040000000000000000e+02
6.300280880928039551e+01,1.080000000000000000e+02,1.050000000000000000e+02
6.300280880928039551e+01,1.090000000000000000e+02,9.800000000000000000e+01
6.400285339355468750e+01,1.090000000000000000e+02,9.850000000000000000e+01
6.400285339355468750e+01,1.085000000000000000e+02,9.900000000000000000e+01
6.400285339355468750e+01,1.085000000000000000e+02,1.000000000000000000e+02
6.400285339355468750e+01,1.085000000000000000e+02,1.010000000000000000e+02
6.400285339355468750e+01,1.085000000000000000e+02,1.020000000000000000e+02
6.400285339355468750e+01,1.085000000000000000e+02,1.030000000000000000e+02
6.400285339355468750e+01,1.085000000000000000e+02,1.040000000000000000e+02
6.400285339355468750e+01,1.085000000000000000e+02,1.050000000000000000e+02
6.400285339355468750e+01,1.085000000000000000e+02,1.060000000000000000e+02
6.300280880928039551e+01,1.090000000000000000e+02,1.070000000000000000e+02
6.400285339355468750e+01,1.090000000000000000e+02,1.065000000000000000e+02
6.400285339355468750e+01,1.100000000000000000e+02,9.450000000000000000e+01
6.400285339355468750e+01,1.095000000000000000e+02,9.500000000000000000e+01
6.400285339355468750e+01,1.095000000000000000e+02,9.600000000000000000e+01
6.400285339355468750e+01,1.095000000000000000e+02,9.700000000000000000e+01
6.400285339355468750e+01,1.095000000000000000e+02,9.800000000000000000e+01
6.400285339355468750e+01,1.095000000000000000e+02,1.070000000000000000e+02
6.400285339355468750e+01,1.100000000000000000e+02,1.075000000000000000e+02
6.400285339355468750e+01,1.110000000000000000e+02,8.050000000000000000e+01
6.400285339355468750e+01,1.105000000000000000e+02,8.100000000000000000e+01
6.400285339355468750e+01,1.105000000000000000e+02,8.200000000000000000e+01
6.400285339355468750e+01,1.105000000000000000e+02,8.300000000000000000e+01
6.400285339355468750e+01,1.105000000000000000e+02,8.400000000000000000e+01
6.400285339355468750e+01,1.105000000000000000e+02,8.500000000000000000e+01
6.400285339355468750e+01,1.105000000000000000e+02,8.600000000000000000e+01
6.400285339355468750e+01,1.105000000000000000e+02,8.700000000000000000e+01
6.400285339355468750e+01,1.105000000000000000e+02,8.800000000000000000e+01
6.400285339355468750e+01,1.105000000000000000e+02,8.900000000000000000e+01
6.400285339355468750e+01,1.105000000000000000e+02,9.000000000000000000e+01
6.400285339355468750e+01,1.105000000000000000e+02,9.100000000000000000e+01
6.400285339355468750e+01,1.105000000000000000e+02,9.200000000000000000e+01
6.400285339355468750e+01,1.105000000000000000e+02,9.300000000000000000e+01
6.400285339355468750e+01,1.105000000000000000e+02,9.400000000000000000e+01
6.400285339355468750e+01,1.110000000000000000e+02,1.075000000000000000e+02
6.400285339355468750e+01,1.120000000000000000e+02,8.050000000000000000e+01
6.400285339355468750e+01,1.120000000000000000e+02,1.075000000000000000e+02
6.400285339355468750e+01,1.130000000000000000e+02,8.050000000000000000e+01
6.300280880928039551e+01,1.130000000000000000e+02,1.070000000000000000e+02
6.400285339355468750e+01,1.125000000000000000e+02,1.070000000000000000e+02
6.400285339355468750e+01,1.130000000000000000e+02,1.065000000000000000e+02
6.400285339355468750e+01,1.140000000000000000e+02,8.050000000000000000e+01
6.400285339355468750e+01,1.140000000000000000e+02,1.065000000000000000e+02
6.400285339355468750e+01,1.150000000000000000e+02,8.050000000000000000e+01
6.400285339355468750e+01,1.150000000000000000e+02,1.065000000000000000e+02
6.400285339355468750e+01,1.155000000000000000e+02,8.100000000000000000e+01
6.400285339355468750e+01,1.160000000000000000e+02,8.150000000000000000e+01
6.400285339355468750e+01,1.160000000000000000e+02,1.065000000000000000e+02
6.400285339355468750e+01,1.170000000000000000e+02,8.150000000000000000e+01
6.400285339355468750e+01,1.170000000000000000e+02,1.065000000000000000e+02
6.400285339355468750e+01,1.180000000000000000e+02,8.150000000000000000e+01
6.400285339355468750e+01,1.180000000000000000e+02,1.065000000000000000e+02
6.400285339355468750e+01,1.190000000000000000e+02,8.150000000000000000e+01
6.400285339355468750e+01,1.190000000000000000e+02,1.065000000000000000e+02
6.400285339355468750e+01,1.195000000000000000e+02,8.200000000000000000e+01
6.300280880928039551e+01,1.200000000000000000e+02,8.200000000000000000e+01
6.400285339355468750e+01,1.200000000000000000e+02,8.250000000000000000e+01
6.400285339355468750e+01,1.200000000000000000e+02,1.065000000000000000e+02
6.400285339355468750e+01,1.210000000000000000e+02,8.250000000000000000e+01
6.400285339355468750e+01,1.210000000000000000e+02,1.065000000000000000e+02
6.400285339355468750e+01,1.220000000000000000e+02,8.250000000000000000e+01
6.400285339355468750e+01,1.220000000000000000e+02,1.065000000000000000e+02
6.400285339355468750e+01,1.230000000000000000e+02,8.250000000000000000e+01
6.400285339355468750e+01,1.225000000000000000e+02,1.070000000000000000e+02
6.400285339355468750e+01,1.230000000000000000e+02,1.075000000000000000e+02
6.400285339355468750e+01,1.240000000000000000e+02,8.250000000000000000e+01
6.400285339355468750e+01,1.240000000000000000e+02,1.075000000000000000e+02
6.400285339355468750e+01,1.250000000000000000e+02,8.250000000000000000e+01
6.400285339355468750e+01,1.250000000000000000e+02,1.075000000000000000e+02
6.400285339355468750e+01,1.260000000000000000e+02,8.250000000000000000e+01
6.400285339355468750e+01,1.260000000000000000e+02,1.075000000000000000e+02
6.400285339355468750e+01,1.270000000000000000e+02,8.250000000000000000e+01
6.400285339355468750e+01,1.265000000000000000e+02,1.080000000000000000e+02
6.400285339355468750e+01,1.270000000000000000e+02,1.085000000000000000e+02
6.400285339355468750e+01,1.280000000000000000e+02,8.250000000000000000e+01
6.400285339355468750e+01,1.280000000000000000e+02,1.085000000000000000e+02
6.300280880928039551e+01,1.290000000000000000e+02,8.200000000000000000e+01
6.400285339355468750e+01,1.290000000000000000e+02,8.250000000000000000e+01
6.400285339355468750e+01,1.290000000000000000e+02,1.085000000000000000e+02
6.400285339355468750e+01,1.300000000000000000e+02,8.150000000000000000e+01
6.400285339355468750e+01,1.295000000000000000e+02,8.200000000000000000e+01
6.400285339355468750e+01,1.300000000000000000e+02,1.085000000000000000e+02
6.400285339355468750e+01,1.310000000000000000e+02,8.150000000000000000e+01
6.400285339355468750e+01,1.305000000000000000e+02,1.090000000000000000e+02
6.400285339355468750e+01,1.310000000000000000e+02,1.095000000000000000e+02
6.400285339355468750e+01,1.320000000000000000e+02,8.150000000000000000e+01
6.400285339355468750e+01,1.320000000000000000e+02,1.095000000000000000e+02
6.400285339355468750e+01,1.330000000000000000e+02,8.150000000000000000e+01
6.400285339355468750e+01,1.325000000000000000e+02,1.100000000000000000e+02
6.400285339355468750e+01,1.330000000000000000e+02,1.105000000000000000e+02
6.400285339355468750e+01,1.340000000000000000e+02,8.050000000000000000e+01
6.400285339355468750e+01,1.335000000000000000e+02,8.100000000000000000e+01
6.400285339355468750e+01,1.340000000000000000e+02,1.105000000000000000e+02
6.400285339355468750e+01,1.350000000000000000e+02,8.050000000000000000e+01
6.400285339355468750e+01,1.350000000000000000e+02,1.105000000000000000e+02
6.400285339355468750e+01,1.360000000000000000e+02,8.050000000000000000e+01
6.400285339355468750e+01,1.360000000000000000e+02,1.105000000000000000e+02
6.400285339355468750e+01,1.370000000000000000e+02,8.050000000000000000e+01
6.400285339355468750e+01,1.370000000000000000e+02,1.105000000000000000e+02
6.400285339355468750e+01,1.380000000000000000e+02,8.050000000000000000e+01
6.400285339355468750e+01,1.380000000000000000e+02,1.105000000000000000e+02
6.400285339355468750e+01,1.390000000000000000e+02,8.050000000000000000e+01
6.300280880928039551e+01,1.390000000000000000e+02,9.300000000000000000e+01
6.300280880928039551e+01,1.390000000000000000e+02,9.400000000000000000e+01
6.300280880928039551e+01,1.390000000000000000e+02,9.500000000000000000e+01
6.300280880928039551e+01,1.390000000000000000e+02,9.600000000000000000e+01
6.400285339355468750e+01,1.390000000000000000e+02,9.650000000000000000e+01
6.400285339355468750e+01,1.385000000000000000e+02,9.700000000000000000e+01
6.400285339355468750e+01,1.385000000000000000e+02,9.800000000000000000e+01
6.400285339355468750e+01,1.385000000000000000e+02,9.900000000000000000e+01
6.400285339355468750e+01,1.385000000000000000e+02,1.000000000000000000e+02
6.400285339355468750e+01,1.385000000000000000e+02,1.010000000000000000e+02
6.400285339355468750e+01,1.385000000000000000e+02,1.020000000000000000e+02
6.400285339355468750e+01,1.385000000000000000e+02,1.030000000000000000e+02
6.300280880928039551e+01,1.390000000000000000e+02,1.040000000000000000e+02
6.400285339355468750e+01,1.390000000000000000e+02,1.035000000000000000e+02
6.400285339355468750e+01,1.385000000000000000e+02,1.100000000000000000e+02
6.400285339355468750e+01,1.390000000000000000e+02,1.095000000000000000e+02
6.400285339355468750e+01,1.400000000000000000e+02,8.050000000000000000e+01
6.300280880928039551e+01,1.400000000000000000e+02,8.800000000000000000e+01
6.300280880928039551e+01,1.400000000000000000e+02,8.900000000000000000e+01
6.400285339355468750e+01,1.400000000000000000e+02,8.950000000000000000e+01
6.400285339355468750e+01,1.395000000000000000e+02,9.000000000000000000e+01
6.400285339355468750e+01,1.395000000000000000e+02,9.100000000000000000e+01
6.400285339355468750e+01,1.395000000000000000e+02,9.200000000000000000e+01
6.400285339355468750e+01,1.395000000000000000e+02,9.300000000000000000e+01
6.400285339355468750e+01,1.395000000000000000e+02,9.400000000000000000e+01
6.400285339355468750e+01,1.395000000000000000e+02,9.500000000000000000e+01
6.400285339355468750e+01,1.395000000000000000e+02,9.600000000000000000e+01
6.400285339355468750e+01,1.395000000000000000e+02,1.040000000000000000e+02
6.400285339355468750e+01,1.395000000000000000e+02,1.050000000000000000e+02
6.400285339355468750e+01,1.395000000000000000e+02,1.060000000000000000e+02
6.400285339355468750e+01,1.395000000000000000e+02,1.070000000000000000e+02
6.400285339355468750e+01,1.395000000000000000e+02,1.080000000000000000e+02
6.400285339355468750e+01,1.395000000000000000e+02,1.090000000000000000e+02
6.400285339355468750e+01,1.405000000000000000e+02,8.100000000000000000e+01
6.400285339355468750e+01,1.410000000000000000e+02,8.150000000000000000e+01
6.300280880928039551e+01,1.410000000000000000e+02,8.600000000000000000e+01
6.400285339355468750e+01,1.410000000000000000e+02,8.650000000000000000e+01
6.400285339355468750e+01,1.405000000000000000e+02,8.700000000000000000e+01
6.400285339355468750e+01,1.405000000000000000e+02,8.800000000000000000e+01
6.400285339355468750e+01,1.405000000000000000e+02,8.900000000000000000e+01
6.400285339355468750e+01,1.415000000000000000e+02,8.200000000000000000e+01
6.400285339355468750e+01,1.415000000000000000e+02,8.300000000000000000e+01
6.400285339355468750e+01,1.415000000000000000e+02,8.400000000000000000e+01
6.400285339355468750e+01,1.415000000000000000e+02,8.500000000000000000e+01
6.400285339355468750e+01,1.415000000000000000e+02,8.600000000000000000e+01
6.500289797782897949e+01,5.700000000000000000e+01,7.900000000000000000e+01
6.600294256210327148e+01,5.700000000000000000e+01,7.850000000000000000e+01
6.600294256210327148e+01,5.650000000000000000e+01,7.900000000000000000e+01
6.600294256210327148e+01,5.650000000000000000e+01,8.000000000000000000e+01
6.600294256210327148e+01,5.650000000000000000e+01,8.100000000000000000e+01
6.600294256210327148e+01,5.650000000000000000e+01,8.200000000000000000e+01
6.600294256210327148e+01,5.650000000000000000e+01,8.300000000000000000e+01
6.600294256210327148e+01,5.700000000000000000e+01,8.350000000000000000e+01
6.500289797782897949e+01,5.800000000000000000e+01,7.700000000000000000e+01
6.600294256210327148e+01,5.800000000000000000e+01,7.650000000000000000e+01
6.600294256210327148e+01,5.750000000000000000e+01,7.700000000000000000e+01
6.600294256210327148e+01,5.750000000000000000e+01,7.800000000000000000e+01
6.600294256210327148e+01,5.750000000000000000e+01,8.400000000000000000e+01
6.600294256210327148e+01,5.800000000000000000e+01,8.450000000000000000e+01
6.600294256210327148e+01,5.900000000000000000e+01,7.550000000000000000e+01
6.600294256210327148e+01,5.850000000000000000e+01,7.600000000000000000e+01
6.600294256210327148e+01,5.850000000000000000e+01,8.500000000000000000e+01
6.600294256210327148e+01,5.850000000000000000e+01,8.600000000000000000e+01
6.600294256210327148e+01,5.900000000000000000e+01,8.650000000000000000e+01
6.500289797782897949e+01,6.000000000000000000e+01,7.400000000000000000e+01
6.600294256210327148e+01,6.000000000000000000e+01,7.350000000000000000e+01
6.600294256210327148e+01,5.950000000000000000e+01,7.400000000000000000e+01
6.600294256210327148e+01,5.950000000000000000e+01,7.500000000000000000e+01
6.600294256210327148e+01,5.950000000000000000e+01,8.700000000000000000e+01
6.600294256210327148e+01,6.000000000000000000e+01,8.750000000000000000e+01
6.600294256210327148e+01,6.100000000000000000e+01,7.350000000000000000e+01
6.600294256210327148e+01,6.100000000000000000e+01,8.750000000000000000e+01
6.600294256210327148e+01,6.200000000000000000e+01,7.250000000000000000e+01
6.600294256210327148e+01,6.150000000000000000e+01,7.300000000000000000e+01
6.600294256210327148e+01,6.150000000000000000e+01,8.800000000000000000e+01
6.600294256210327148e+01,6.200000000000000000e+01,8.850000000000000000e+01
6.500289797782897949e+01,6.300000000000000000e+01,7.200000000000000000e+01
6.600294256210327148e+01,6.300000000000000000e+01,7.250000000000000000e+01
6.600294256210327148e+01,6.300000000000000000e+01,8.850000000000000000e+01
6.600294256210327148e+01,6.400000000000000000e+01,7.150000000000000000e+01
6.600294256210327148e+01,6.350000000000000000e+01,7.200000000000000000e+01
6.600294256210327148e+01,6.400000000000000000e+01,8.850000000000000000e+01
6.600294256210327148e+01,6.500000000000000000e+01,7.150000000000000000e+01
6.600294256210327148e+01,6.450000000000000000e+01,8.900000000000000000e+01
6.600294256210327148e+01,6.500000000000000000e+01,8.950000000000000000e+01
6.500289797782897949e+01,6.600000000000000000e+01,7.100000000000000000e+01
6.600294256210327148e+01,6.600000000000000000e+01,7.150000000000000000e+01
6.600294256210327148e+01,6.600000000000000000e+01,8.950000000000000000e+01
6.500289797782897949e+01,6.700000000000000000e+01,7.100000000000000000e+01
6.600294256210327148e+01,6.700000000000000000e+01,7.150000000000000000e+01
6.600294256210327148e+01,6.700000000000000000e+01,8.950000000000000000e+01
6.500289797782897949e+01,6.800000000000000000e+01,7.100000000000000000e+01
6.600294256210327148e+01,6.800000000000000000e+01,7.150000000000000000e+01
6.500289797782897949e+01,6.800000000000000000e+01,9.000000000000000000e+01
6.600294256210327148e+01,6.800000000000000000e+01,8.950000000000000000e+01
6.500289797782897949e+01,6.900000000000000000e+01,7.100000000000000000e+01
6.600294256210327148e+01,6.900000000000000000e+01,7.150000000000000000e+01
6.500289797782897949e+01,6.900000000000000000e+01,9.000000000000000000e+01
6.600294256210327148e+01,6.900000000000000000e+01,8.950000000000000000e+01
6.500289797782897949e+01,7.000000000000000000e+01,7.100000000000000000e+01
6.600294256210327148e+01,7.000000000000000000e+01,7.150000000000000000e+01
6.500289797782897949e+01,7.000000000000000000e+01,8.900000000000000000e+01
6.600294256210327148e+01,6.950000000000000000e+01,8.900000000000000000e+01
6.600294256210327148e+01,7.000000000000000000e+01,8.850000000000000000e+01
6.500289797782897949e+01,7.000000000000000000e+01,9.000000000000000000e+01
6.600294256210327148e+01,7.100000000000000000e+01,7.150000000000000000e+01
6.500289797782897949e+01,7.100000000000000000e+01,8.900000000000000000e+01
6.600294256210327148e+01,7.100000000000000000e+01,8.850000000000000000e+01
6.600294256210327148e+01,7.200000000000000000e+01,7.150000000000000000e+01
6.500289797782897949e+01,7.200000000000000000e+01,8.900000000000000000e+01
6.600294256210327148e+01,7.200000000000000000e+01,8.850000000000000000e+01
6.600294256210327148e+01,7.250000000000000000e+01,7.200000000000000000e+01
6.500289797782897949e+01,7.300000000000000000e+01,7.200000000000000000e+01
6.600294256210327148e+01,7.300000000000000000e+01,7.250000000000000000e+01
6.500289797782897949e+01,7.300000000000000000e+01,8.900000000000000000e+01
6.600294256210327148e+01,7.300000000000000000e+01,8.850000000000000000e+01
6.600294256210327148e+01,7.400000000000000000e+01,7.250000000000000000e+01
6.600294256210327148e+01,7.350000000000000000e+01,8.900000000000000000e+01
6.500289797782897949e+01,7.400000000000000000e+01,9.000000000000000000e+01
6.600294256210327148e+01,7.400000000000000000e+01,8.950000000000000000e+01
6.600294256210327148e+01,7.500000000000000000e+01,7.250000000000000000e+01
6.500289797782897949e+01,7.500000000000000000e+01,9.000000000000000000e+01
6.600294256210327148e+01,7.500000000000000000e+01,8.950000000000000000e+01
6.600294256210327148e+01,7.550000000000000000e+01,7.300000000000000000e+01
6.500289797782897949e+01,7.600000000000000000e+01,7.300000000000000000e+01
6.600294256210327148e+01,7.600000000000000000e+01,7.350000000000000000e+01
6.600294256210327148e+01,7.550000000000000000e+01,9.000000000000000000e+01
6.600294256210327148e+01,7.600000000000000000e+01,9.050000000000000000e+01
6.500289797782897949e+01,7.700000000000000000e+01,7.300000000000000000e+01
6.600294256210327148e+01,7.700000000000000000e+01,7.350000000000000000e+01
6.600294256210327148e+01,7.700000000000000000e+01,9.050000000000000000e+01
6.600294256210327148e+01,7.800000000000000000e+01,7.350000000000000000e+01
6.600294256210327148e+01,7.750000000000000000e+01,9.100000000000000000e+01
6.600294256210327148e+01,7.800000000000000000e+01,9.150000000000000000e+01
6.600294256210327148e+01,7.850000000000000000e+01,7.400000000000000000e+01
6.500289797782897949e+01,7.900000000000000000e+01,7.400000000000000000e+01
6.600294256210327148e+01,7.900000000000000000e+01,7.450000000000000000e+01
6.500289797782897949e+01,7.900000000000000000e+01,9.200000000000000000e+01
6.600294256210327148e+01,7.900000000000000000e+01,9.150000000000000000e+01
6.500289797782897949e+01,8.000000000000000000e+01,7.400000000000000000e+01
6.600294256210327148e+01,8.000000000000000000e+01,7.450000000000000000e+01
6.600294256210327148e+01,7.950000000000000000e+01,9.200000000000000000e+01
6.600294256210327148e+01,8.000000000000000000e+01,9.250000000000000000e+01
6.500289797782897949e+01,8.100000000000000000e+01,7.500000000000000000e+01
6.600294256210327148e+01,8.050000000000000000e+01,7.500000000000000000e+01
6.600294256210327148e+01,8.100000000000000000e+01,7.550000000000000000e+01
6.600294256210327148e+01,8.050000000000000000e+01,9.300000000000000000e+01
6.600294256210327148e+01,8.100000000000000000e+01,9.350000000000000000e+01
6.500289797782897949e+01,8.200000000000000000e+01,7.500000000000000000e+01
6.600294256210327148e+01,8.200000000000000000e+01,7.550000000000000000e+01
6.600294256210327148e+01,8.150000000000000000e+01,9.400000000000000000e+01
6.500289797782897949e+01,8.200000000000000000e+01,9.400000000000000000e+01
6.600294256210327148e+01,8.200000000000000000e+01,9.450000000000000000e+01
6.600294256210327148e+01,8.250000000000000000e+01,7.600000000000000000e+01
6.500289797782897949e+01,8.300000000000000000e+01,7.700000000000000000e+01
6.600294256210327148e+01,8.250000000000000000e+01,7.700000000000000000e+01
6.600294256210327148e+01,8.300000000000000000e+01,7.750000000000000000e+01
6.600294256210327148e+01,8.300000000000000000e+01,9.450000000000000000e+01
6.500289797782897949e+01,8.400000000000000000e+01,7.800000000000000000e+01
6.600294256210327148e+01,8.350000000000000000e+01,7.800000000000000000e+01
6.500289797782897949e+01,8.400000000000000000e+01,7.900000000000000000e+01
6.600294256210327148e+01,8.350000000000000000e+01,7.900000000000000000e+01
6.600294256210327148e+01,8.400000000000000000e+01,7.950000000000000000e+01
6.600294256210327148e+01,8.400000000000000000e+01,9.450000000000000000e+01
6.600294256210327148e+01,8.450000000000000000e+01,8.000000000000000000e+01
6.500289797782897949e+01,8.500000000000000000e+01,8.100000000000000000e+01
6.600294256210327148e+01,8.450000000000000000e+01,8.100000000000000000e+01
6.600294256210327148e+01,8.500000000000000000e+01,8.150000000000000000e+01
6.600294256210327148e+01,8.500000000000000000e+01,9.450000000000000000e+01
6.600294256210327148e+01,8.550000000000000000e+01,8.200000000000000000e+01
6.600294256210327148e+01,8.600000000000000000e+01,8.250000000000000000e+01
6.600294256210327148e+01,8.550000000000000000e+01,9.500000000000000000e+01
6.500289797782897949e+01,8.600000000000000000e+01,9.500000000000000000e+01
6.600294256210327148e+01,8.600000000000000000e+01,9.550000000000000000e+01
6.600294256210327148e+01,8.650000000000000000e+01,8.300000000000000000e+01
6.600294256210327148e+01,8.700000000000000000e+01,8.350000000000000000e+01
6.600294256210327148e+01,8.650000000000000000e+01,9.500000000000000000e+01
6.600294256210327148e+01,8.700000000000000000e+01,9.450000000000000000e+01
6.600294256210327148e+01,8.750000000000000000e+01,8.400000000000000000e+01
6.500289797782897949e+01,8.800000000000000000e+01,8.400000000000000000e+01
6.600294256210327148e+01,8.800000000000000000e+01,8.450000000000000000e+01
6.500289797782897949e+01,8.800000000000000000e+01,9.400000000000000000e+01
6.600294256210327148e+01,8.750000000000000000e+01,9.400000000000000000e+01
6.600294256210327148e+01,8.800000000000000000e+01,9.350000000000000000e+01
6.600294256210327148e+01,8.850000000000000000e+01,8.500000000000000000e+01
6.600294256210327148e+01,8.900000000000000000e+01,8.550000000000000000e+01
6.500289797782897949e+01,8.900000000000000000e+01,9.300000000000000000e+01
6.600294256210327148e+01,8.850000000000000000e+01,9.300000000000000000e+01
6.600294256210327148e+01,8.900000000000000000e+01,9.250000000000000000e+01
6.600294256210327148e+01,8.950000000000000000e+01,8.600000000000000000e+01
6.600294256210327148e+01,8.950000000000000000e+01,8.700000000000000000e+01
6.500289797782897949e+01,9.000000000000000000e+01,8.800000000000000000e+01
6.600294256210327148e+01,8.950000000000000000e+01,8.800000000000000000e+01
6.500289797782897949e+01,9.000000000000000000e+01,8.900000000000000000e+01
6.600294256210327148e+01,8.950000000000000000e+01,8.900000000000000000e+01
6.600294256210327148e+01,8.950000000000000000e+01,9.000000000000000000e+01
6.600294256210327148e+01,8.950000000000000000e+01,9.100000000000000000e+01
6.600294256210327148e+01,8.950000000000000000e+01,9.200000000000000000e+01
6.600294256210327148e+01,1.090000000000000000e+02,9.850000000000000000e+01
6.600294256210327148e+01,1.085000000000000000e+02,9.900000000000000000e+01
6.600294256210327148e+01,1.085000000000000000e+02,1.000000000000000000e+02
6.600294256210327148e+01,1.085000000000000000e+02,1.010000000000000000e+02
6.600294256210327148e+01,1.085000000000000000e+02,1.020000000000000000e+02
6.600294256210327148e+01,1.085000000000000000e+02,1.030000000000000000e+02
6.600294256210327148e+01,1.085000000000000000e+02,1.040000000000000000e+02
6.600294256210327148e+01,1.085000000000000000e+02,1.050000000000000000e+02
6.500289797782897949e+01,1.090000000000000000e+02,1.060000000000000000e+02
6.600294256210327148e+01,1.090000000000000000e+02,1.055000000000000000e+02
6.500289797782897949e+01,1.100000000000000000e+02,8.600000000000000000e+01
6.600294256210327148e+01,1.100000000000000000e+02,8.550000000000000000e+01
6.600294256210327148e+01,1.095000000000000000e+02,8.600000000000000000e+01
6.600294256210327148e+01,1.095000000000000000e+02,8.700000000000000000e+01
6.500289797782897949e+01,1.100000000000000000e+02,8.700000000000000000e+01
6.600294256210327148e+01,1.095000000000000000e+02,8.800000000000000000e+01
6.500289797782897949e+01,1.100000000000000000e+02,8.800000000000000000e+01
6.600294256210327148e+01,1.095000000000000000e+02,8.900000000000000000e+01
6.500289797782897949e+01,1.100000000000000000e+02,8.900000000000000000e+01
6.600294256210327148e+01,1.095000000000000000e+02,9.000000000000000000e+01
6.500289797782897949e+01,1.100000000000000000e+02,9.000000000000000000e+01
6.600294256210327148e+01,1.095000000000000000e+02,9.100000000000000000e+01
6.500289797782897949e+01,1.100000000000000000e+02,9.100000000000000000e+01
6.600294256210327148e+01,1.095000000000000000e+02,9.200000000000000000e+01
6.500289797782897949e+01,1.100000000000000000e+02,9.200000000000000000e+01
6.600294256210327148e+01,1.095000000000000000e+02,9.300000000000000000e+01
6.500289797782897949e+01,1.100000000000000000e+02,9.300000000000000000e+01
6.600294256210327148e+01,1.095000000000000000e+02,9.400000000000000000e+01
6.500289797782897949e+01,1.100000000000000000e+02,9.400000000000000000e+01
6.600294256210327148e+01,1.095000000000000000e+02,9.500000000000000000e+01
6.600294256210327148e+01,1.095000000000000000e+02,9.600000000000000000e+01
6.600294256210327148e+01,1.095000000000000000e+02,9.700000000000000000e+01
6.600294256210327148e+01,1.095000000000000000e+02,9.800000000000000000e+01
6.600294256210327148e+01,1.095000000000000000e+02,1.060000000000000000e+02
6.500289797782897949e+01,1.100000000000000000e+02,1.070000000000000000e+02
6.600294256210327148e+01,1.100000000000000000e+02,1.065000000000000000e+02
6.500289797782897949e+01,1.110000000000000000e+02,8.100000000000000000e+01
6.600294256210327148e+01,1.110000000000000000e+02,8.150000000000000000e+01
6.600294256210327148e+01,1.105000000000000000e+02,8.200000000000000000e+01
6.600294256210327148e+01,1.105000000000000000e+02,8.300000000000000000e+01
6.600294256210327148e+01,1.105000000000000000e+02,8.400000000000000000e+01
6.600294256210327148e+01,1.105000000000000000e+02,8.500000000000000000e+01
6.600294256210327148e+01,1.105000000000000000e+02,1.070000000000000000e+02
6.600294256210327148e+01,1.110000000000000000e+02,1.075000000000000000e+02
6.600294256210327148e+01,1.120000000000000000e+02,8.050000000000000000e+01
6.600294256210327148e+01,1.115000000000000000e+02,8.100000000000000000e+01
6.600294256210327148e+01,1.120000000000000000e+02,1.075000000000000000e+02
6.600294256210327148e+01,1.130000000000000000e+02,8.050000000000000000e+01
6.600294256210327148e+01,1.125000000000000000e+02,1.070000000000000000e+02
6.600294256210327148e+01,1.130000000000000000e+02,1.065000000000000000e+02
6.600294256210327148e+01,1.140000000000000000e+02,8.050000000000000000e+01
6.600294256210327148e+01,1.140000000000000000e+02,1.065000000000000000e+02
6.600294256210327148e+01,1.145000000000000000e+02,8.100000000000000000e+01
6.500289797782897949e+01,1.150000000000000000e+02,8.100000000000000000e+01
6.600294256210327148e+01,1.150000000000000000e+02,8.150000000000000000e+01
6.600294256210327148e+01,1.150000000000000000e+02,1.065000000000000000e+02
6.600294256210327148e+01,1.160000000000000000e+02,8.150000000000000000e+01
6.600294256210327148e+01,1.160000000000000000e+02,1.065000000000000000e+02
6.600294256210327148e+01,1.170000000000000000e+02,8.150000000000000000e+01
6.600294256210327148e+01,1.170000000000000000e+02,1.065000000000000000e+02
6.600294256210327148e+01,1.180000000000000000e+02,8.150000000000000000e+01
6.600294256210327148e+01,1.180000000000000000e+02,1.065000000000000000e+02
6.600294256210327148e+01,1.185000000000000000e+02,8.200000000000000000e+01
6.500289797782897949e+01,1.190000000000000000e+02,8.200000000000000000e+01
6.600294256210327148e+01,1.190000000000000000e+02,8.250000000000000000e+01
6.600294256210327148e+01,1.190000000000000000e+02,1.065000000000000000e+02
6.600294256210327148e+01,1.200000000000000000e+02,8.250000000000000000e+01
6.600294256210327148e+01,1.200000000000000000e+02,1.065000000000000000e+02
6.600294256210327148e+01,1.210000000000000000e+02,8.250000000000000000e+01
6.600294256210327148e+01,1.210000000000000000e+02,1.065000000000000000e+02
6.600294256210327148e+01,1.220000000000000000e+02,8.250000000000000000e+01
6.600294256210327148e+01,1.220000000000000000e+02,1.065000000000000000e+02
6.600294256210327148e+01,1.230000000000000000e+02,8.250000000000000000e+01
6.600294256210327148e+01,1.225000000000000000e+02,1.070000000000000000e+02
6.600294256210327148e+01,1.230000000000000000e+02,1.075000000000000000e+02
6.600294256210327148e+01,1.240000000000000000e+02,8.250000000000000000e+01
6.600294256210327148e+01,1.240000000000000000e+02,1.075000000000000000e+02
6.600294256210327148e+01,1.250000000000000000e+02,8.250000000000000000e+01
6.600294256210327148e+01,1.250000000000000000e+02,1.075000000000000000e+02
6.600294256210327148e+01,1.260000000000000000e+02,8.250000000000000000e+01
6.600294256210327148e+01,1.260000000000000000e+02,1.075000000000000000e+02
6.600294256210327148e+01,1.270000000000000000e+02,8.250000000000000000e+01
6.600294256210327148e+01,1.265000000000000000e+02,1.080000000000000000e+02
6.600294256210327148e+01,1.270000000000000000e+02,1.085000000000000000e+02
6.600294256210327148e+01,1.280000000000000000e+02,8.250000000000000000e+01
6.600294256210327148e+01,1.280000000000000000e+02,1.085000000000000000e+02
6.600294256210327148e+01,1.290000000000000000e+02,8.250000000000000000e+01
6.600294256210327148e+01,1.290000000000000000e+02,1.085000000000000000e+02
6.600294256210327148e+01,1.300000000000000000e+02,8.150000000000000000e+01
6.600294256210327148e+01,1.295000000000000000e+02,8.200000000000000000e+01
6.600294256210327148e+01,1.300000000000000000e+02,1.085000000000000000e+02
6.600294256210327148e+01,1.310000000000000000e+02,8.150000000000000000e+01
6.600294256210327148e+01,1.305000000000000000e+02,1.090000000000000000e+02
6.600294256210327148e+01,1.310000000000000000e+02,1.095000000000000000e+02
6.600294256210327148e+01,1.320000000000000000e+02,8.150000000000000000e+01
6.600294256210327148e+01,1.320000000000000000e+02,1.095000000000000000e+02
6.600294256210327148e+01,1.330000000000000000e+02,8.150000000000000000e+01
6.600294256210327148e+01,1.325000000000000000e+02,1.100000000000000000e+02
6.600294256210327148e+01,1.330000000000000000e+02,1.105000000000000000e+02
6.600294256210327148e+01,1.340000000000000000e+02,8.050000000000000000e+01
6.600294256210327148e+01,1.335000000000000000e+02,8.100000000000000000e+01
6.600294256210327148e+01,1.340000000000000000e+02,1.105000000000000000e+02
6.600294256210327148e+01,1.350000000000000000e+02,8.050000000000000000e+01
6.600294256210327148e+01,1.350000000000000000e+02,1.105000000000000000e+02
6.600294256210327148e+01,1.360000000000000000e+02,8.050000000000000000e+01
6.600294256210327148e+01,1.360000000000000000e+02,1.105000000000000000e+02
6.600294256210327148e+01,1.370000000000000000e+02,8.050000000000000000e+01
6.600294256210327148e+01,1.370000000000000000e+02,1.105000000000000000e+02
6.600294256210327148e+01,1.380000000000000000e+02,8.050000000000000000e+01
6.600294256210327148e+01,1.380000000000000000e+02,1.105000000000000000e+02
6.600294256210327148e+01,1.390000000000000000e+02,8.050000000000000000e+01
6.500289797782897949e+01,1.390000000000000000e+02,9.700000000000000000e+01
6.500289797782897949e+01,1.390000000000000000e+02,9.800000000000000000e+01
6.500289797782897949e+01,1.390000000000000000e+02,9.900000000000000000e+01
6.500289797782897949e+01,1.390000000000000000e+02,1.000000000000000000e+02
6.500289797782897949e+01,1.390000000000000000e+02,1.010000000000000000e+02
6.500289797782897949e+01,1.390000000000000000e+02,1.020000000000000000e+02
6.500289797782897949e+01,1.390000000000000000e+02,1.030000000000000000e+02
6.600294256210327148e+01,1.385000000000000000e+02,1.100000000000000000e+02
6.600294256210327148e+01,1.390000000000000000e+02,1.095000000000000000e+02
6.600294256210327148e+01,1.400000000000000000e+02,8.050000000000000000e+01
6.500289797782897949e+01,1.400000000000000000e+02,9.000000000000000000e+01
6.600294256210327148e+01,1.400000000000000000e+02,9.050000000000000000e+01
6.600294256210327148e+01,1.395000000000000000e+02,9.100000000000000000e+01
6.600294256210327148e+01,1.395000000000000000e+02,9.200000000000000000e+01
6.600294256210327148e+01,1.395000000000000000e+02,9.300000000000000000e+01
6.600294256210327148e+01,1.395000000000000000e+02,9.400000000000000000e+01
6.600294256210327148e+01,1.395000000000000000e+02,9.500000000000000000e+01
6.600294256210327148e+01,1.395000000000000000e+02,9.600000000000000000e+01
6.600294256210327148e+01,1.395000000000000000e+02,9.700000000000000000e+01
6.600294256210327148e+01,1.395000000000000000e+02,9.800000000000000000e+01
6.600294256210327148e+01,1.395000000000000000e+02,9.900000000000000000e+01
6.600294256210327148e+01,1.395000000000000000e+02,1.000000000000000000e+02
6.600294256210327148e+01,1.395000000000000000e+02,1.010000000000000000e+02
6.600294256210327148e+01,1.395000000000000000e+02,1.020000000000000000e+02
6.600294256210327148e+01,1.395000000000000000e+02,1.030000000000000000e+02
6.600294256210327148e+01,1.395000000000000000e+02,1.040000000000000000e+02
6.600294256210327148e+01,1.395000000000000000e+02,1.050000000000000000e+02
6.600294256210327148e+01,1.395000000000000000e+02,1.060000000000000000e+02
6.600294256210327148e+01,1.395000000000000000e+02,1.070000000000000000e+02
6.500289797782897949e+01,1.400000000000000000e+02,1.080000000000000000e+02
6.600294256210327148e+01,1.400000000000000000e+02,1.075000000000000000e+02
6.600294256210327148e+01,1.400000000000000000e+02,1.085000000000000000e+02
6.600294256210327148e+01,1.395000000000000000e+02,1.090000000000000000e+02
6.600294256210327148e+01,1.405000000000000000e+02,8.100000000000000000e+01
6.600294256210327148e+01,1.410000000000000000e+02,8.150000000000000000e+01
6.600294256210327148e+01,1.405000000000000000e+02,8.700000000000000000e+01
6.600294256210327148e+01,1.410000000000000000e+02,8.650000000000000000e+01
6.600294256210327148e+01,1.405000000000000000e+02,8.800000000000000000e+01
6.600294256210327148e+01,1.405000000000000000e+02,8.900000000000000000e+01
6.600294256210327148e+01,1.405000000000000000e+02,9.000000000000000000e+01
6.600294256210327148e+01,1.405000000000000000e+02,1.080000000000000000e+02
6.600294256210327148e+01,1.415000000000000000e+02,8.200000000000000000e+01
6.600294256210327148e+01,1.415000000000000000e+02,8.300000000000000000e+01
6.600294256210327148e+01,1.415000000000000000e+02,8.400000000000000000e+01
6.600294256210327148e+01,1.415000000000000000e+02,8.500000000000000000e+01
6.600294256210327148e+01,1.415000000000000000e+02,8.600000000000000000e+01
6.700298714637756348e+01,5.700000000000000000e+01,7.900000000000000000e+01
6.700298714637756348e+01,5.700000000000000000e+01,8.000000000000000000e+01
6.700298714637756348e+01,5.700000000000000000e+01,8.100000000000000000e+01
6.700298714637756348e+01,5.700000000000000000e+01,8.200000000000000000e+01
6.700298714637756348e+01,5.700000000000000000e+01,8.300000000000000000e+01
6.700298714637756348e+01,5.800000000000000000e+01,7.700000000000000000e+01
6.700298714637756348e+01,5.800000000000000000e+01,7.800000000000000000e+01
6.700298714637756348e+01,5.800000000000000000e+01,7.900000000000000000e+01
6.700298714637756348e+01,5.800000000000000000e+01,8.000000000000000000e+01
6.700298714637756348e+01,5.800000000000000000e+01,8.100000000000000000e+01
6.700298714637756348e+01,5.800000000000000000e+01,8.200000000000000000e+01
6.700298714637756348e+01,5.800000000000000000e+01,8.300000000000000000e+01
6.700298714637756348e+01,5.800000000000000000e+01,8.400000000000000000e+01
6.700298714637756348e+01,5.900000000000000000e+01,7.600000000000000000e+01
6.700298714637756348e+01,5.900000000000000000e+01,7.700000000000000000e+01
6.700298714637756348e+01,5.900000000000000000e+01,7.800000000000000000e+01
6.700298714637756348e+01,5.900000000000000000e+01,7.900000000000000000e+01
6.700298714637756348e+01,5.900000000000000000e+01,8.000000000000000000e+01
6.700298714637756348e+01,5.900000000000000000e+01,8.100000000000000000e+01
6.700298714637756348e+01,5.900000000000000000e+01,8.200000000000000000e+01
6.700298714637756348e+01,5.900000000000000000e+01,8.300000000000000000e+01
6.700298714637756348e+01,5.900000000000000000e+01,8.400000000000000000e+01
6.700298714637756348e+01,5.900000000000000000e+01,8.500000000000000000e+01
6.700298714637756348e+01,5.900000000000000000e+01,8.600000000000000000e+01
6.700298714637756348e+01,6.000000000000000000e+01,7.400000000000000000e+01
6.700298714637756348e+01,6.000000000000000000e+01,7.500000000000000000e+01
6.700298714637756348e+01,6.000000000000000000e+01,7.600000000000000000e+01
6.700298714637756348e+01,6.000000000000000000e+01,7.700000000000000000e+01
6.700298714637756348e+01,6.000000000000000000e+01,7.800000000000000000e+01
6.700298714637756348e+01,6.000000000000000000e+01,7.900000000000000000e+01
6.700298714637756348e+01,6.000000000000000000e+01,8.000000000000000000e+01
6.700298714637756348e+01,6.000000000000000000e+01,8.100000000000000000e+01
6.700298714637756348e+01,6.000000000000000000e+01,8.200000000000000000e+01
6.700298714637756348e+01,6.000000000000000000e+01,8.300000000000000000e+01
6.700298714637756348e+01,6.000000000000000000e+01,8.400000000000000000e+01
6.700298714637756348e+01,6.000000000000000000e+01,8.500000000000000000e+01
6.700298714637756348e+01,6.000000000000000000e+01,8.600000000000000000e+01
6.700298714637756348e+01,6.000000000000000000e+01,8.700000000000000000e+01
6.700298714637756348e+01,6.100000000000000000e+01,7.400000000000000000e+01
6.700298714637756348e+01,6.100000000000000000e+01,7.500000000000000000e+01
6.700298714637756348e+01,6.100000000000000000e+01,7.600000000000000000e+01
6.700298714637756348e+01,6.100000000000000000e+01,7.700000000000000000e+01
6.700298714637756348e+01,6.100000000000000000e+01,7.800000000000000000e+01
6.700298714637756348e+01,6.100000000000000000e+01,7.900000000000000000e+01
6.700298714637756348e+01,6.100000000000000000e+01,8.000000000000000000e+01
6.700298714637756348e+01,6.100000000000000000e+01,8.100000000000000000e+01
6.700298714637756348e+01,6.100000000000000000e+01,8.200000000000000000e+01
6.700298714637756348e+01,6.100000000000000000e+01,8.300000000000000000e+01
6.700298714637756348e+01,6.100000000000000000e+01,8.400000000000000000e+01
6.700298714637756348e+01,6.100000000000000000e+01,8.500000000000000000e+01
6.700298714637756348e+01,6.100000000000000000e+01,8.600000000000000000e+01
6.700298714637756348e+01,6.100000000000000000e+01,8.700000000000000000e+01
6.700298714637756348e+01,6.200000000000000000e+01,7.300000000000000000e+01
6.700298714637756348e+01,6.200000000000000000e+01,7.400000000000000000e+01
6.700298714637756348e+01,6.200000000000000000e+01,7.500000000000000000e+01
6.700298714637756348e+01,6.200000000000000000e+01,7.600000000000000000e+01
6.700298714637756348e+01,6.200000000000000000e+01,7.700000000000000000e+01
6.700298714637756348e+01,6.200000000000000000e+01,7.800000000000000000e+01
6.700298714637756348e+01,6.200000000000000000e+01,7.900000000000000000e+01
6.700298714637756348e+01,6.200000000000000000e+01,8.000000000000000000e+01
6.700298714637756348e+01,6.200000000000000000e+01,8.100000000000000000e+01
6.700298714637756348e+01,6.200000000000000000e+01,8.200000000000000000e+01
6.700298714637756348e+01,6.200000000000000000e+01,8.300000000000000000e+01
6.700298714637756348e+01,6.200000000000000000e+01,8.400000000000000000e+01
6.700298714637756348e+01,6.200000000000000000e+01,8.500000000000000000e+01
6.700298714637756348e+01,6.200000000000000000e+01,8.600000000000000000e+01
6.700298714637756348e+01,6.200000000000000000e+01,8.700000000000000000e+01
6.700298714637756348e+01,6.200000000000000000e+01,8.800000000000000000e+01
6.700298714637756348e+01,6.300000000000000000e+01,7.300000000000000000e+01
6.700298714637756348e+01,6.300000000000000000e+01,7.400000000000000000e+01
6.700298714637756348e+01,6.300000000000000000e+01,7.500000000000000000e+01
6.700298714637756348e+01,6.300000000000000000e+01,7.600000000000000000e+01
6.700298714637756348e+01,6.300000000000000000e+01,7.700000000000000000e+01
6.700298714637756348e+01,6.300000000000000000e+01,7.800000000000000000e+01
6.700298714637756348e+01,6.300000000000000000e+01,7.900000000000000000e+01
6.700298714637756348e+01,6.300000000000000000e+01,8.000000000000000000e+01
6.700298714637756348e+01,6.300000000000000000e+01,8.100000000000000000e+01
6.700298714637756348e+01,6.300000000000000000e+01,8.200000000000000000e+01
6.700298714637756348e+01,6.300000000000000000e+01,8.300000000000000000e+01
6.700298714637756348e+01,6.300000000000000000e+01,8.400000000000000000e+01
6.700298714637756348e+01,6.300000000000000000e+01,8.500000000000000000e+01
6.700298714637756348e+01,6.300000000000000000e+01,8.600000000000000000e+01
6.700298714637756348e+01,6.300000000000000000e+01,8.700000000000000000e+01
6.700298714637756348e+01,6.300000000000000000e+01,8.800000000000000000e+01
6.700298714637756348e+01,6.400000000000000000e+01,7.200000000000000000e+01
6.700298714637756348e+01,6.400000000000000000e+01,7.300000000000000000e+01
6.700298714637756348e+01,6.400000000000000000e+01,7.400000000000000000e+01
6.700298714637756348e+01,6.400000000000000000e+01,7.500000000000000000e+01
6.700298714637756348e+01,6.400000000000000000e+01,7.600000000000000000e+01
6.700298714637756348e+01,6.400000000000000000e+01,7.700000000000000000e+01
6.700298714637756348e+01,6.400000000000000000e+01,7.800000000000000000e+01
6.700298714637756348e+01,6.400000000000000000e+01,7.900000000000000000e+01
6.700298714637756348e+01,6.400000000000000000e+01,8.000000000000000000e+01
6.700298714637756348e+01,6.400000000000000000e+01,8.100000000000000000e+01
6.700298714637756348e+01,6.400000000000000000e+01,8.200000000000000000e+01
6.700298714637756348e+01,6.400000000000000000e+01,8.300000000000000000e+01
6.700298714637756348e+01,6.400000000000000000e+01,8.400000000000000000e+01
6.700298714637756348e+01,6.400000000000000000e+01,8.500000000000000000e+01
6.700298714637756348e+01,6.400000000000000000e+01,8.600000000000000000e+01
6.700298714637756348e+01,6.400000000000000000e+01,8.700000000000000000e+01
6.700298714637756348e+01,6.400000000000000000e+01,8.800000000000000000e+01
6.700298714637756348e+01,6.500000000000000000e+01,7.200000000000000000e+01
6.700298714637756348e+01,6.500000000000000000e+01,7.300000000000000000e+01
6.700298714637756348e+01,6.500000000000000000e+01,7.400000000000000000e+01
6.700298714637756348e+01,6.500000000000000000e+01,7.500000000000000000e+01
6.700298714637756348e+01,6.500000000000000000e+01,7.600000000000000000e+01
6.700298714637756348e+01,6.500000000000000000e+01,7.700000000000000000e+01
6.700298714637756348e+01,6.500000000000000000e+01,7.800000000000000000e+01
6.700298714637756348e+01,6.500000000000000000e+01,7.900000000000000000e+01
6.700298714637756348e+01,6.500000000000000000e+01,8.000000000000000000e+01
6.700298714637756348e+01,6.500000000000000000e+01,8.100000000000000000e+01
6.700298714637756348e+01,6.500000000000000000e+01,8.200000000000000000e+01
6.700298714637756348e+01,6.500000000000000000e+01,8.300000000000000000e+01
6.700298714637756348e+01,6.500000000000000000e+01,8.400000000000000000e+01
6.700298714637756348e+01,6.500000000000000000e+01,8.500000000000000000e+01
6.700298714637756348e+01,6.500000000000000000e+01,8.600000000000000000e+01
6.700298714637756348e+01,6.500000000000000000e+01,8.700000000000000000e+01
6.700298714637756348e+01,6.500000000000000000e+01,8.800000000000000000e+01
6.700298714637756348e+01,6.500000000000000000e+01,8.900000000000000000e+01
6.700298714637756348e+01,6.600000000000000000e+01,7.200000000000000000e+01
6.700298714637756348e+01,6.600000000000000000e+01,7.300000000000000000e+01
6.700298714637756348e+01,6.600000000000000000e+01,7.400000000000000000e+01
6.700298714637756348e+01,6.600000000000000000e+01,7.500000000000000000e+01
6.700298714637756348e+01,6.600000000000000000e+01,7.600000000000000000e+01
6.700298714637756348e+01,6.600000000000000000e+01,7.700000000000000000e+01
6.700298714637756348e+01,6.600000000000000000e+01,7.800000000000000000e+01
6.700298714637756348e+01,6.600000000000000000e+01,7.900000000000000000e+01
6.700298714637756348e+01,6.600000000000000000e+01,8.000000000000000000e+01
6.700298714637756348e+01,6.600000000000000000e+01,8.100000000000000000e+01
6.700298714637756348e+01,6.600000000000000000e+01,8.200000000000000000e+01
6.700298714637756348e+01,6.600000000000000000e+01,8.300000000000000000e+01
6.700298714637756348e+01,6.600000000000000000e+01,8.400000000000000000e+01
6.700298714637756348e+01,6.600000000000000000e+01,8.500000000000000000e+01
6.700298714637756348e+01,6.600000000000000000e+01,8.600000000000000000e+01
6.700298714637756348e+01,6.600000000000000000e+01,8.700000000000000000e+01
6.700298714637756348e+01,6.600000000000000000e+01,8.800000000000000000e+01
6.700298714637756348e+01,6.600000000000000000e+01,8.900000000000000000e+01
6.700298714637756348e+01,6.700000000000000000e+01,7.200000000000000000e+01
6.700298714637756348e+01,6.700000000000000000e+01,7.300000000000000000e+01
6.700298714637756348e+01,6.700000000000000000e+01,7.400000000000000000e+01
6.700298714637756348e+01,6.700000000000000000e+01,7.500000000000000000e+01
6.700298714637756348e+01,6.700000000000000000e+01,7.600000000000000000e+01
6.700298714637756348e+01,6.700000000000000000e+01,7.700000000000000000e+01
6.700298714637756348e+01,6.700000000000000000e+01,7.800000000000000000e+01
6.700298714637756348e+01,6.700000000000000000e+01,7.900000000000000000e+01
6.700298714637756348e+01,6.700000000000000000e+01,8.000000000000000000e+01
6.700298714637756348e+01,6.700000000000000000e+01,8.100000000000000000e+01
6.700298714637756348e+01,6.700000000000000000e+01,8.200000000000000000e+01
6.700298714637756348e+01,6.700000000000000000e+01,8.300000000000000000e+01
6.700298714637756348e+01,6.700000000000000000e+01,8.400000000000000000e+01
6.700298714637756348e+01,6.700000000000000000e+01,8.500000000000000000e+01
6.700298714637756348e+01,6.700000000000000000e+01,8.600000000000000000e+01
6.700298714637756348e+01,6.700000000000000000e+01,8.700000000000000000e+01
6.700298714637756348e+01,6.700000000000000000e+01,8.800000000000000000e+01
6.700298714637756348e+01,6.700000000000000000e+01,8.900000000000000000e+01
6.700298714637756348e+01,6.800000000000000000e+01,7.200000000000000000e+01
6.700298714637756348e+01,6.800000000000000000e+01,7.300000000000000000e+01
6.700298714637756348e+01,6.800000000000000000e+01,7.400000000000000000e+01
6.700298714637756348e+01,6.800000000000000000e+01,7.500000000000000000e+01
6.700298714637756348e+01,6.800000000000000000e+01,7.600000000000000000e+01
6.700298714637756348e+01,6.800000000000000000e+01,7.700000000000000000e+01
6.700298714637756348e+01,6.800000000000000000e+01,7.800000000000000000e+01
6.700298714637756348e+01,6.800000000000000000e+01,7.900000000000000000e+01
6.700298714637756348e+01,6.800000000000000000e+01,8.000000000000000000e+01
6.700298714637756348e+01,6.800000000000000000e+01,8.100000000000000000e+01
6.700298714637756348e+01,6.800000000000000000e+01,8.200000000000000000e+01
6.700298714637756348e+01,6.800000000000000000e+01,8.300000000000000000e+01
6.700298714637756348e+01,6.800000000000000000e+01,8.400000000000000000e+01
6.700298714637756348e+01,6.800000000000000000e+01,8.500000000000000000e+01
6.700298714637756348e+01,6.800000000000000000e+01,8.600000000000000000e+01
6.700298714637756348e+01,6.800000000000000000e+01,8.700000000000000000e+01
6.700298714637756348e+01,6.800000000000000000e+01,8.800000000000000000e+01
6.700298714637756348e+01,6.800000000000000000e+01,8.900000000000000000e+01
6.700298714637756348e+01,6.900000000000000000e+01,7.200000000000000000e+01
6.700298714637756348e+01,6.900000000000000000e+01,7.300000000000000000e+01
6.700298714637756348e+01,6.900000000000000000e+01,7.400000000000000000e+01
6.700298714637756348e+01,6.900000000000000000e+01,7.500000000000000000e+01
6.700298714637756348e+01,6.900000000000000000e+01,7.600000000000000000e+01
6.700298714637756348e+01,6.900000000000000000e+01,7.700000000000000000e+01
6.700298714637756348e+01,6.900000000000000000e+01,7.800000000000000000e+01
6.700298714637756348e+01,6.900000000000000000e+01,7.900000000000000000e+01
6.700298714637756348e+01,6.900000000000000000e+01,8.000000000000000000e+01
6.700298714637756348e+01,6.900000000000000000e+01,8.100000000000000000e+01
6.700298714637756348e+01,6.900000000000000000e+01,8.200000000000000000e+01
6.700298714637756348e+01,6.900000000000000000e+01,8.300000000000000000e+01
6.700298714637756348e+01,6.900000000000000000e+01,8.400000000000000000e+01
6.700298714637756348e+01,6.900000000000000000e+01,8.500000000000000000e+01
6.700298714637756348e+01,6.900000000000000000e+01,8.600000000000000000e+01
6.700298714637756348e+01,6.900000000000000000e+01,8.700000000000000000e+01
6.700298714637756348e+01,6.900000000000000000e+01,8.800000000000000000e+01
6.700298714637756348e+01,6.900000000000000000e+01,8.900000000000000000e+01
6.700298714637756348e+01,7.000000000000000000e+01,7.200000000000000000e+01
6.700298714637756348e+01,7.000000000000000000e+01,7.300000000000000000e+01
6.700298714637756348e+01,7.000000000000000000e+01,7.400000000000000000e+01
6.700298714637756348e+01,7.000000000000000000e+01,7.500000000000000000e+01
6.700298714637756348e+01,7.000000000000000000e+01,7.600000000000000000e+01
6.700298714637756348e+01,7.000000000000000000e+01,7.700000000000000000e+01
6.700298714637756348e+01,7.000000000000000000e+01,7.800000000000000000e+01
6.700298714637756348e+01,7.000000000000000000e+01,7.900000000000000000e+01
6.700298714637756348e+01,7.000000000000000000e+01,8.000000000000000000e+01
6.700298714637756348e+01,7.000000000000000000e+01,8.100000000000000000e+01
6.700298714637756348e+01,7.000000000000000000e+01,8.200000000000000000e+01
6.700298714637756348e+01,7.000000000000000000e+01,8.300000000000000000e+01
6.700298714637756348e+01,7.000000000000000000e+01,8.400000000000000000e+01
6.700298714637756348e+01,7.000000000000000000e+01,8.500000000000000000e+01
6.700298714637756348e+01,7.000000000000000000e+01,8.600000000000000000e+01
6.700298714637756348e+01,7.000000000000000000e+01,8.700000000000000000e+01
6.700298714637756348e+01,7.000000000000000000e+01,8.800000000000000000e+01
6.700298714637756348e+01,7.100000000000000000e+01,7.200000000000000000e+01
6.700298714637756348e+01,7.100000000000000000e+01,7.300000000000000000e+01
6.700298714637756348e+01,7.100000000000000000e+01,7.400000000000000000e+01
6.700298714637756348e+01,7.100000000000000000e+01,7.500000000000000000e+01
6.700298714637756348e+01,7.100000000000000000e+01,7.600000000000000000e+01
6.700298714637756348e+01,7.100000000000000000e+01,7.700000000000000000e+01
6.700298714637756348e+01,7.100000000000000000e+01,7.800000000000000000e+01
6.700298714637756348e+01,7.100000000000000000e+01,7.900000000000000000e+01
6.700298714637756348e+01,7.100000000000000000e+01,8.000000000000000000e+01
6.700298714637756348e+01,7.100000000000000000e+01,8.100000000000000000e+01
6.700298714637756348e+01,7.100000000000000000e+01,8.200000000000000000e+01
6.700298714637756348e+01,7.100000000000000000e+01,8.300000000000000000e+01
6.700298714637756348e+01,7.100000000000000000e+01,8.400000000000000000e+01
6.700298714637756348e+01,7.100000000000000000e+01,8.500000000000000000e+01
6.700298714637756348e+01,7.100000000000000000e+01,8.600000000000000000e+01
6.700298714637756348e+01,7.100000000000000000e+01,8.700000000000000000e+01
6.700298714637756348e+01,7.100000000000000000e+01,8.800000000000000000e+01
6.700298714637756348e+01,7.200000000000000000e+01,7.200000000000000000e+01
6.700298714637756348e+01,7.200000000000000000e+01,7.300000000000000000e+01
6.700298714637756348e+01,7.200000000000000000e+01,7.400000000000000000e+01
6.700298714637756348e+01,7.200000000000000000e+01,7.500000000000000000e+01
6.700298714637756348e+01,7.200000000000000000e+01,7.600000000000000000e+01
6.700298714637756348e+01,7.200000000000000000e+01,7.700000000000000000e+01
6.700298714637756348e+01,7.200000000000000000e+01,7.800000000000000000e+01
6.700298714637756348e+01,7.200000000000000000e+01,7.900000000000000000e+01
6.700298714637756348e+01,7.200000000000000000e+01,8.000000000000000000e+01
6.700298714637756348e+01,7.200000000000000000e+01,8.100000000000000000e+01
6.700298714637756348e+01,7.200000000000000000e+01,8.200000000000000000e+01
6.700298714637756348e+01,7.200000000000000000e+01,8.300000000000000000e+01
6.700298714637756348e+01,7.200000000000000000e+01,8.400000000000000000e+01
6.700298714637756348e+01,7.200000000000000000e+01,8.500000000000000000e+01
6.700298714637756348e+01,7.200000000000000000e+01,8.600000000000000000e+01
6.700298714637756348e+01,7.200000000000000000e+01,8.700000000000000000e+01
6.700298714637756348e+01,7.200000000000000000e+01,8.800000000000000000e+01
6.700298714637756348e+01,7.300000000000000000e+01,7.300000000000000000e+01
6.700298714637756348e+01,7.300000000000000000e+01,7.400000000000000000e+01
6.700298714637756348e+01,7.300000000000000000e+01,7.500000000000000000e+01
6.700298714637756348e+01,7.300000000000000000e+01,7.600000000000000000e+01
6.700298714637756348e+01,7.300000000000000000e+01,7.700000000000000000e+01
6.700298714637756348e+01,7.300000000000000000e+01,7.800000000000000000e+01
6.700298714637756348e+01,7.300000000000000000e+01,7.900000000000000000e+01
6.700298714637756348e+01,7.300000000000000000e+01,8.000000000000000000e+01
6.700298714637756348e+01,7.300000000000000000e+01,8.100000000000000000e+01
6.700298714637756348e+01,7.300000000000000000e+01,8.200000000000000000e+01
6.700298714637756348e+01,7.300000000000000000e+01,8.300000000000000000e+01
6.700298714637756348e+01,7.300000000000000000e+01,8.400000000000000000e+01
6.700298714637756348e+01,7.300000000000000000e+01,8.500000000000000000e+01
6.700298714637756348e+01,7.300000000000000000e+01,8.600000000000000000e+01
6.700298714637756348e+01,7.300000000000000000e+01,8.700000000000000000e+01
6.700298714637756348e+01,7.300000000000000000e+01,8.800000000000000000e+01
6.700298714637756348e+01,7.400000000000000000e+01,7.300000000000000000e+01
6.700298714637756348e+01,7.400000000000000000e+01,7.400000000000000000e+01
6.700298714637756348e+01,7.400000000000000000e+01,7.500000000000000000e+01
6.700298714637756348e+01,7.400000000000000000e+01,7.600000000000000000e+01
6.700298714637756348e+01,7.400000000000000000e+01,7.700000000000000000e+01
6.700298714637756348e+01,7.400000000000000000e+01,7.800000000000000000e+01
6.700298714637756348e+01,7.400000000000000000e+01,7.900000000000000000e+01
6.700298714637756348e+01,7.400000000000000000e+01,8.000000000000000000e+01
6.700298714637756348e+01,7.400000000000000000e+01,8.100000000000000000e+01
6.800303173065185547e+01,7.400000000000000000e+01,8.150000000000000000e+01
6.800303173065185547e+01,7.350000000000000000e+01,8.200000000000000000e+01
6.800303173065185547e+01,7.400000000000000000e+01,8.250000000000000000e+01
6.700298714637756348e+01,7.400000000000000000e+01,8.300000000000000000e+01
6.700298714637756348e+01,7.400000000000000000e+01,8.400000000000000000e+01
6.700298714637756348e+01,7.400000000000000000e+01,8.500000000000000000e+01
6.700298714637756348e+01,7.400000000000000000e+01,8.600000000000000000e+01
6.700298714637756348e+01,7.400000000000000000e+01,8.700000000000000000e+01
6.700298714637756348e+01,7.400000000000000000e+01,8.800000000000000000e+01
6.700298714637756348e+01,7.400000000000000000e+01,8.900000000000000000e+01
6.700298714637756348e+01,7.500000000000000000e+01,7.300000000000000000e+01
6.700298714637756348e+01,7.500000000000000000e+01,7.400000000000000000e+01
6.700298714637756348e+01,7.500000000000000000e+01,7.500000000000000000e+01
6.700298714637756348e+01,7.500000000000000000e+01,7.600000000000000000e+01
6.700298714637756348e+01,7.500000000000000000e+01,7.700000000000000000e+01
6.700298714637756348e+01,7.500000000000000000e+01,7.800000000000000000e+01
6.700298714637756348e+01,7.500000000000000000e+01,7.900000000000000000e+01
6.800303173065185547e+01,7.500000000000000000e+01,7.950000000000000000e+01
6.800303173065185547e+01,7.450000000000000000e+01,8.000000000000000000e+01
6.800303173065185547e+01,7.450000000000000000e+01,8.100000000000000000e+01
6.800303173065185547e+01,7.450000000000000000e+01,8.300000000000000000e+01
6.800303173065185547e+01,7.500000000000000000e+01,8.350000000000000000e+01
6.700298714637756348e+01,7.500000000000000000e+01,8.400000000000000000e+01
6.700298714637756348e+01,7.500000000000000000e+01,8.500000000000000000e+01
6.700298714637756348e+01,7.500000000000000000e+01,8.600000000000000000e+01
6.700298714637756348e+01,7.500000000000000000e+01,8.700000000000000000e+01
6.700298714637756348e+01,7.500000000000000000e+01,8.800000000000000000e+01
6.700298714637756348e+01,7.500000000000000000e+01,8.900000000000000000e+01
6.700298714637756348e+01,7.600000000000000000e+01,7.400000000000000000e+01
6.700298714637756348e+01,7.600000000000000000e+01,7.500000000000000000e+01
6.700298714637756348e+01,7.600000000000000000e+01,7.600000000000000000e+01
6.700298714637756348e+01,7.600000000000000000e+01,7.700000000000000000e+01
6.700298714637756348e+01,7.600000000000000000e+01,7.800000000000000000e+01
6.700298714637756348e+01,7.600000000000000000e+01,7.900000000000000000e+01
6.800303173065185547e+01,7.600000000000000000e+01,7.950000000000000000e+01
6.700298714637756348e+01,7.600000000000000000e+01,8.400000000000000000e+01
6.800303173065185547e+01,7.600000000000000000e+01,8.350000000000000000e+01
6.700298714637756348e+01,7.600000000000000000e+01,8.500000000000000000e+01
6.700298714637756348e+01,7.600000000000000000e+01,8.600000000000000000e+01
6.700298714637756348e+01,7.600000000000000000e+01,8.700000000000000000e+01
6.700298714637756348e+01,7.600000000000000000e+01,8.800000000000000000e+01
6.700298714637756348e+01,7.600000000000000000e+01,8.900000000000000000e+01
6.700298714637756348e+01,7.600000000000000000e+01,9.000000000000000000e+01
6.700298714637756348e+01,7.700000000000000000e+01,7.400000000000000000e+01
6.700298714637756348e+01,7.700000000000000000e+01,7.500000000000000000e+01
6.700298714637756348e+01,7.700000000000000000e+01,7.600000000000000000e+01
6.700298714637756348e+01,7.700000000000000000e+01,7.700000000000000000e+01
6.700298714637756348e+01,7.700000000000000000e+01,7.800000000000000000e+01
6.800303173065185547e+01,7.700000000000000000e+01,7.850000000000000000e+01
6.800303173065185547e+01,7.650000000000000000e+01,7.900000000000000000e+01
6.800303173065185547e+01,7.650000000000000000e+01,8.400000000000000000e+01
6.800303173065185547e+01,7.700000000000000000e+01,8.450000000000000000e+01
6.700298714637756348e+01,7.700000000000000000e+01,8.500000000000000000e+01
6.700298714637756348e+01,7.700000000000000000e+01,8.600000000000000000e+01
6.700298714637756348e+01,7.700000000000000000e+01,8.700000000000000000e+01
6.700298714637756348e+01,7.700000000000000000e+01,8.800000000000000000e+01
6.700298714637756348e+01,7.700000000000000000e+01,8.900000000000000000e+01
6.700298714637756348e+01,7.700000000000000000e+01,9.000000000000000000e+01
6.700298714637756348e+01,7.800000000000000000e+01,7.400000000000000000e+01
6.700298714637756348e+01,7.800000000000000000e+01,7.500000000000000000e+01
6.700298714637756348e+01,7.800000000000000000e+01,7.600000000000000000e+01
6.700298714637756348e+01,7.800000000000000000e+01,7.700000000000000000e+01
6.700298714637756348e+01,7.800000000000000000e+01,7.800000000000000000e+01
6.800303173065185547e+01,7.800000000000000000e+01,7.850000000000000000e+01
6.800303173065185547e+01,7.750000000000000000e+01,8.500000000000000000e+01
6.800303173065185547e+01,7.800000000000000000e+01,8.550000000000000000e+01
6.700298714637756348e+01,7.800000000000000000e+01,8.600000000000000000e+01
6.700298714637756348e+01,7.800000000000000000e+01,8.700000000000000000e+01
6.700298714637756348e+01,7.800000000000000000e+01,8.800000000000000000e+01
6.700298714637756348e+01,7.800000000000000000e+01,8.900000000000000000e+01
6.700298714637756348e+01,7.800000000000000000e+01,9.000000000000000000e+01
6.700298714637756348e+01,7.800000000000000000e+01,9.100000000000000000e+01
6.700298714637756348e+01,7.900000000000000000e+01,7.500000000000000000e+01
6.700298714637756348e+01,7.900000000000000000e+01,7.600000000000000000e+01
6.700298714637756348e+01,7.900000000000000000e+01,7.700000000000000000e+01
6.700298714637756348e+01,7.900000000000000000e+01,7.800000000000000000e+01
6.800303173065185547e+01,7.900000000000000000e+01,7.850000000000000000e+01
6.700298714637756348e+01,7.900000000000000000e+01,8.600000000000000000e+01
6.800303173065185547e+01,7.900000000000000000e+01,8.550000000000000000e+01
6.700298714637756348e+01,7.900000000000000000e+01,8.700000000000000000e+01
6.700298714637756348e+01,7.900000000000000000e+01,8.800000000000000000e+01
6.700298714637756348e+01,7.900000000000000000e+01,8.900000000000000000e+01
6.700298714637756348e+01,7.900000000000000000e+01,9.000000000000000000e+01
6.700298714637756348e+01,7.900000000000000000e+01,9.100000000000000000e+01
6.700298714637756348e+01,8.000000000000000000e+01,7.500000000000000000e+01
6.700298714637756348e+01,8.000000000000000000e+01,7.600000000000000000e+01
6.700298714637756348e+01,8.000000000000000000e+01,7.700000000000000000e+01
6.700298714637756348e+01,8.000000000000000000e+01,7.800000000000000000e+01
6.800303173065185547e+01,8.000000000000000000e+01,7.850000000000000000e+01
6.800303173065185547e+01,7.950000000000000000e+01,8.600000000000000000e+01
6.800303173065185547e+01,8.000000000000000000e+01,8.650000000000000000e+01
6.700298714637756348e+01,8.000000000000000000e+01,8.700000000000000000e+01
6.700298714637756348e+01,8.000000000000000000e+01,8.800000000000000000e+01
6.700298714637756348e+01,8.000000000000000000e+01,8.900000000000000000e+01
6.700298714637756348e+01,8.000000000000000000e+01,9.000000000000000000e+01
6.700298714637756348e+01,8.000000000000000000e+01,9.100000000000000000e+01
6.700298714637756348e+01,8.000000000000000000e+01,9.200000000000000000e+01
6.700298714637756348e+01,8.100000000000000000e+01,7.600000000000000000e+01
6.700298714637756348e+01,8.100000000000000000e+01,7.700000000000000000e+01
6.700298714637756348e+01,8.100000000000000000e+01,7.800000000000000000e+01
6.800303173065185547e+01,8.100000000000000000e+01,7.850000000000000000e+01
6.800303173065185547e+01,8.050000000000000000e+01,8.700000000000000000e+01
6.800303173065185547e+01,8.100000000000000000e+01,8.750000000000000000e+01
6.700298714637756348e+01,8.100000000000000000e+01,8.800000000000000000e+01
6.700298714637756348e+01,8.100000000000000000e+01,8.900000000000000000e+01
6.700298714637756348e+01,8.100000000000000000e+01,9.000000000000000000e+01
6.700298714637756348e+01,8.100000000000000000e+01,9.100000000000000000e+01
6.700298714637756348e+01,8.100000000000000000e+01,9.200000000000000000e+01
6.700298714637756348e+01,8.100000000000000000e+01,9.300000000000000000e+01
6.700298714637756348e+01,8.200000000000000000e+01,7.600000000000000000e+01
6.700298714637756348e+01,8.200000000000000000e+01,7.700000000000000000e+01
6.700298714637756348e+01,8.200000000000000000e+01,7.800000000000000000e+01
6.800303173065185547e+01,8.200000000000000000e+01,7.850000000000000000e+01
6.800303173065185547e+01,8.150000000000000000e+01,8.800000000000000000e+01
6.800303173065185547e+01,8.150000000000000000e+01,8.900000000000000000e+01
6.800303173065185547e+01,8.200000000000000000e+01,8.950000000000000000e+01
6.700298714637756348e+01,8.200000000000000000e+01,9.000000000000000000e+01
6.700298714637756348e+01,8.200000000000000000e+01,9.100000000000000000e+01
6.700298714637756348e+01,8.200000000000000000e+01,9.200000000000000000e+01
6.700298714637756348e+01,8.200000000000000000e+01,9.300000000000000000e+01
6.700298714637756348e+01,8.200000000000000000e+01,9.400000000000000000e+01
6.700298714637756348e+01,8.300000000000000000e+01,7.800000000000000000e+01
6.800303173065185547e+01,8.300000000000000000e+01,7.850000000000000000e+01
6.800303173065185547e+01,8.250000000000000000e+01,9.000000000000000000e+01
6.800303173065185547e+01,8.250000000000000000e+01,9.100000000000000000e+01
6.800303173065185547e+01,8.300000000000000000e+01,9.150000000000000000e+01
6.700298714637756348e+01,8.300000000000000000e+01,9.200000000000000000e+01
6.700298714637756348e+01,8.300000000000000000e+01,9.300000000000000000e+01
6.700298714637756348e+01,8.300000000000000000e+01,9.400000000000000000e+01
6.800303173065185547e+01,8.400000000000000000e+01,7.850000000000000000e+01
6.700298714637756348e+01,8.400000000000000000e+01,7.900000000000000000e+01
6.800303173065185547e+01,8.350000000000000000e+01,9.200000000000000000e+01
6.800303173065185547e+01,8.400000000000000000e+01,9.250000000000000000e+01
6.700298714637756348e+01,8.400000000000000000e+01,9.300000000000000000e+01
6.700298714637756348e+01,8.400000000000000000e+01,9.400000000000000000e+01
6.800303173065185547e+01,8.450000000000000000e+01,7.900000000000000000e+01
6.800303173065185547e+01,8.450000000000000000e+01,8.000000000000000000e+01
6.700298714637756348e+01,8.500000000000000000e+01,8.100000000000000000e+01
6.800303173065185547e+01,8.500000000000000000e+01,8.050000000000000000e+01
6.800303173065185547e+01,8.450000000000000000e+01,9.300000000000000000e+01
6.800303173065185547e+01,8.450000000000000000e+01,9.400000000000000000e+01
6.800303173065185547e+01,8.500000000000000000e+01,9.450000000000000000e+01
6.800303173065185547e+01,8.550000000000000000e+01,8.100000000000000000e+01
6.700298714637756348e+01,8.600000000000000000e+01,8.200000000000000000e+01
6.800303173065185547e+01,8.600000000000000000e+01,8.150000000000000000e+01
6.800303173065185547e+01,8.550000000000000000e+01,9.500000000000000000e+01
6.800303173065185547e+01,8.600000000000000000e+01,9.550000000000000000e+01
6.800303173065185547e+01,8.650000000000000000e+01,8.200000000000000000e+01
6.700298714637756348e+01,8.700000000000000000e+01,8.300000000000000000e+01
6.800303173065185547e+01,8.700000000000000000e+01,8.250000000000000000e+01
6.700298714637756348e+01,8.700000000000000000e+01,9.500000000000000000e+01
6.800303173065185547e+01,8.700000000000000000e+01,9.550000000000000000e+01
6.800303173065185547e+01,8.750000000000000000e+01,8.300000000000000000e+01
6.700298714637756348e+01,8.800000000000000000e+01,8.400000000000000000e+01
6.800303173065185547e+01,8.800000000000000000e+01,8.350000000000000000e+01
6.700298714637756348e+01,8.800000000000000000e+01,9.400000000000000000e+01
6.700298714637756348e+01,8.800000000000000000e+01,9.500000000000000000e+01
6.800303173065185547e+01,8.800000000000000000e+01,9.550000000000000000e+01
6.800303173065185547e+01,8.850000000000000000e+01,8.400000000000000000e+01
6.800303173065185547e+01,8.850000000000000000e+01,8.500000000000000000e+01
6.800303173065185547e+01,8.900000000000000000e+01,8.550000000000000000e+01
6.700298714637756348e+01,8.900000000000000000e+01,9.300000000000000000e+01
6.700298714637756348e+01,8.900000000000000000e+01,9.400000000000000000e+01
6.700298714637756348e+01,8.900000000000000000e+01,9.500000000000000000e+01
6.800303173065185547e+01,8.900000000000000000e+01,9.550000000000000000e+01
6.800303173065185547e+01,8.950000000000000000e+01,8.600000000000000000e+01
6.800303173065185547e+01,8.950000000000000000e+01,8.700000000000000000e+01
6.800303173065185547e+01,8.950000000000000000e+01,8.800000000000000000e+01
6.700298714637756348e+01,9.000000000000000000e+01,8.900000000000000000e+01
6.800303173065185547e+01,9.000000000000000000e+01,8.850000000000000000e+01
6.700298714637756348e+01,9.000000000000000000e+01,9.000000000000000000e+01
6.700298714637756348e+01,9.000000000000000000e+01,9.100000000000000000e+01
6.800303173065185547e+01,9.000000000000000000e+01,9.150000000000000000e+01
6.800303173065185547e+01,8.950000000000000000e+01,9.200000000000000000e+01
6.800303173065185547e+01,8.950000000000000000e+01,9.300000000000000000e+01
6.800303173065185547e+01,8.950000000000000000e+01,9.400000000000000000e+01
6.800303173065185547e+01,8.950000000000000000e+01,9.500000000000000000e+01
6.800303173065185547e+01,9.050000000000000000e+01,8.900000000000000000e+01
6.800303173065185547e+01,9.050000000000000000e+01,9.000000000000000000e+01
6.800303173065185547e+01,9.050000000000000000e+01,9.100000000000000000e+01
6.800303173065185547e+01,1.090000000000000000e+02,9.850000000000000000e+01
6.800303173065185547e+01,1.085000000000000000e+02,9.900000000000000000e+01
6.800303173065185547e+01,1.085000000000000000e+02,1.000000000000000000e+02
6.800303173065185547e+01,1.085000000000000000e+02,1.010000000000000000e+02
6.800303173065185547e+01,1.085000000000000000e+02,1.020000000000000000e+02
6.800303173065185547e+01,1.085000000000000000e+02,1.030000000000000000e+02
6.800303173065185547e+01,1.085000000000000000e+02,1.040000000000000000e+02
6.800303173065185547e+01,1.085000000000000000e+02,1.050000000000000000e+02
6.800303173065185547e+01,1.085000000000000000e+02,1.060000000000000000e+02
6.700298714637756348e+01,1.090000000000000000e+02,1.060000000000000000e+02
6.800303173065185547e+01,1.090000000000000000e+02,1.065000000000000000e+02
6.700298714637756348e+01,1.100000000000000000e+02,8.400000000000000000e+01
6.800303173065185547e+01,1.100000000000000000e+02,8.350000000000000000e+01
6.800303173065185547e+01,1.095000000000000000e+02,8.400000000000000000e+01
6.800303173065185547e+01,1.095000000000000000e+02,8.500000000000000000e+01
6.700298714637756348e+01,1.100000000000000000e+02,8.500000000000000000e+01
6.800303173065185547e+01,1.095000000000000000e+02,8.600000000000000000e+01
6.800303173065185547e+01,1.095000000000000000e+02,8.700000000000000000e+01
6.800303173065185547e+01,1.095000000000000000e+02,8.800000000000000000e+01
6.800303173065185547e+01,1.095000000000000000e+02,8.900000000000000000e+01
6.800303173065185547e+01,1.095000000000000000e+02,9.000000000000000000e+01
6.700298714637756348e+01,1.100000000000000000e+02,9.100000000000000000e+01
6.800303173065185547e+01,1.100000000000000000e+02,9.050000000000000000e+01
6.700298714637756348e+01,1.100000000000000000e+02,9.200000000000000000e+01
6.700298714637756348e+01,1.100000000000000000e+02,9.300000000000000000e+01
6.800303173065185547e+01,1.100000000000000000e+02,9.350000000000000000e+01
6.800303173065185547e+01,1.095000000000000000e+02,9.400000000000000000e+01
6.800303173065185547e+01,1.095000000000000000e+02,9.500000000000000000e+01
6.800303173065185547e+01,1.095000000000000000e+02,9.600000000000000000e+01
6.800303173065185547e+01,1.095000000000000000e+02,9.700000000000000000e+01
6.800303173065185547e+01,1.095000000000000000e+02,9.800000000000000000e+01
6.800303173065185547e+01,1.100000000000000000e+02,1.065000000000000000e+02
6.800303173065185547e+01,1.110000000000000000e+02,8.150000000000000000e+01
6.800303173065185547e+01,1.105000000000000000e+02,8.200000000000000000e+01
6.800303173065185547e+01,1.105000000000000000e+02,8.300000000000000000e+01
6.800303173065185547e+01,1.105000000000000000e+02,9.100000000000000000e+01
6.800303173065185547e+01,1.105000000000000000e+02,9.200000000000000000e+01
6.800303173065185547e+01,1.105000000000000000e+02,9.300000000000000000e+01
6.800303173065185547e+01,1.105000000000000000e+02,1.070000000000000000e+02
6.800303173065185547e+01,1.110000000000000000e+02,1.075000000000000000e+02
6.800303173065185547e+01,1.120000000000000000e+02,8.050000000000000000e+01
6.800303173065185547e+01,1.115000000000000000e+02,8.100000000000000000e+01
6.800303173065185547e+01,1.120000000000000000e+02,1.075000000000000000e+02
6.800303173065185547e+01,1.130000000000000000e+02,8.050000000000000000e+01
6.800303173065185547e+01,1.125000000000000000e+02,1.070000000000000000e+02
6.800303173065185547e+01,1.130000000000000000e+02,1.065000000000000000e+02
6.800303173065185547e+01,1.135000000000000000e+02,8.100000000000000000e+01
6.700298714637756348e+01,1.140000000000000000e+02,8.100000000000000000e+01
6.800303173065185547e+01,1.140000000000000000e+02,8.150000000000000000e+01
6.800303173065185547e+01,1.140000000000000000e+02,1.065000000000000000e+02
6.800303173065185547e+01,1.150000000000000000e+02,8.150000000000000000e+01
6.800303173065185547e+01,1.150000000000000000e+02,1.065000000000000000e+02
6.800303173065185547e+01,1.160000000000000000e+02,8.150000000000000000e+01
6.800303173065185547e+01,1.160000000000000000e+02,1.065000000000000000e+02
6.800303173065185547e+01,1.170000000000000000e+02,8.150000000000000000e+01
6.800303173065185547e+01,1.170000000000000000e+02,1.065000000000000000e+02
6.800303173065185547e+01,1.175000000000000000e+02,8.200000000000000000e+01
6.700298714637756348e+01,1.180000000000000000e+02,8.200000000000000000e+01
6.800303173065185547e+01,1.180000000000000000e+02,8.250000000000000000e+01
6.800303173065185547e+01,1.180000000000000000e+02,1.065000000000000000e+02
6.800303173065185547e+01,1.190000000000000000e+02,8.250000000000000000e+01
6.800303173065185547e+01,1.190000000000000000e+02,1.065000000000000000e+02
6.800303173065185547e+01,1.200000000000000000e+02,8.250000000000000000e+01
6.800303173065185547e+01,1.200000000000000000e+02,1.065000000000000000e+02
6.800303173065185547e+01,1.210000000000000000e+02,8.250000000000000000e+01
6.800303173065185547e+01,1.210000000000000000e+02,1.065000000000000000e+02
6.800303173065185547e+01,1.220000000000000000e+02,8.250000000000000000e+01
6.800303173065185547e+01,1.220000000000000000e+02,1.065000000000000000e+02
6.800303173065185547e+01,1.230000000000000000e+02,8.250000000000000000e+01
6.800303173065185547e+01,1.225000000000000000e+02,1.070000000000000000e+02
6.800303173065185547e+01,1.230000000000000000e+02,1.075000000000000000e+02
6.800303173065185547e+01,1.240000000000000000e+02,8.250000000000000000e+01
6.800303173065185547e+01,1.240000000000000000e+02,1.075000000000000000e+02
6.800303173065185547e+01,1.250000000000000000e+02,8.250000000000000000e+01
6.800303173065185547e+01,1.250000000000000000e+02,1.075000000000000000e+02
6.800303173065185547e+01,1.260000000000000000e+02,8.250000000000000000e+01
6.800303173065185547e+01,1.260000000000000000e+02,1.075000000000000000e+02
6.800303173065185547e+01,1.270000000000000000e+02,8.250000000000000000e+01
6.800303173065185547e+01,1.265000000000000000e+02,1.080000000000000000e+02
6.800303173065185547e+01,1.270000000000000000e+02,1.085000000000000000e+02
6.800303173065185547e+01,1.280000000000000000e+02,8.250000000000000000e+01
6.800303173065185547e+01,1.280000000000000000e+02,1.085000000000000000e+02
6.700298714637756348e+01,1.290000000000000000e+02,8.200000000000000000e+01
6.800303173065185547e+01,1.290000000000000000e+02,8.150000000000000000e+01
6.800303173065185547e+01,1.285000000000000000e+02,8.200000000000000000e+01
6.800303173065185547e+01,1.290000000000000000e+02,1.085000000000000000e+02
6.800303173065185547e+01,1.300000000000000000e+02,8.150000000000000000e+01
6.800303173065185547e+01,1.300000000000000000e+02,1.085000000000000000e+02
6.800303173065185547e+01,1.310000000000000000e+02,8.150000000000000000e+01
6.800303173065185547e+01,1.305000000000000000e+02,1.090000000000000000e+02
6.800303173065185547e+01,1.310000000000000000e+02,1.095000000000000000e+02
6.800303173065185547e+01,1.320000000000000000e+02,8.150000000000000000e+01
6.800303173065185547e+01,1.320000000000000000e+02,1.095000000000000000e+02
6.800303173065185547e+01,1.330000000000000000e+02,8.150000000000000000e+01
6.800303173065185547e+01,1.325000000000000000e+02,1.100000000000000000e+02
6.800303173065185547e+01,1.330000000000000000e+02,1.105000000000000000e+02
6.800303173065185547e+01,1.340000000000000000e+02,8.050000000000000000e+01
6.800303173065185547e+01,1.335000000000000000e+02,8.100000000000000000e+01
6.800303173065185547e+01,1.340000000000000000e+02,1.105000000000000000e+02
6.800303173065185547e+01,1.350000000000000000e+02,8.050000000000000000e+01
6.800303173065185547e+01,1.350000000000000000e+02,1.105000000000000000e+02
6.800303173065185547e+01,1.360000000000000000e+02,8.050000000000000000e+01
6.800303173065185547e+01,1.360000000000000000e+02,1.105000000000000000e+02
6.800303173065185547e+01,1.370000000000000000e+02,8.050000000000000000e+01
6.800303173065185547e+01,1.370000000000000000e+02,1.105000000000000000e+02
6.800303173065185547e+01,1.380000000000000000e+02,8.050000000000000000e+01
6.800303173065185547e+01,1.380000000000000000e+02,1.105000000000000000e+02
6.800303173065185547e+01,1.390000000000000000e+02,8.050000000000000000e+01
6.800303173065185547e+01,1.385000000000000000e+02,1.100000000000000000e+02
6.800303173065185547e+01,1.390000000000000000e+02,1.095000000000000000e+02
6.800303173065185547e+01,1.400000000000000000e+02,8.050000000000000000e+01
6.800303173065185547e+01,1.395000000000000000e+02,9.100000000000000000e+01
6.800303173065185547e+01,1.400000000000000000e+02,9.050000000000000000e+01
6.800303173065185547e+01,1.395000000000000000e+02,9.200000000000000000e+01
6.800303173065185547e+01,1.395000000000000000e+02,9.300000000000000000e+01
6.800303173065185547e+01,1.395000000000000000e+02,9.400000000000000000e+01
6.800303173065185547e+01,1.395000000000000000e+02,9.500000000000000000e+01
6.800303173065185547e+01,1.395000000000000000e+02,9.600000000000000000e+01
6.800303173065185547e+01,1.395000000000000000e+02,9.700000000000000000e+01
6.800303173065185547e+01,1.395000000000000000e+02,9.800000000000000000e+01
6.800303173065185547e+01,1.395000000000000000e+02,9.900000000000000000e+01
6.800303173065185547e+01,1.395000000000000000e+02,1.000000000000000000e+02
6.800303173065185547e+01,1.395000000000000000e+02,1.010000000000000000e+02
6.800303173065185547e+01,1.395000000000000000e+02,1.020000000000000000e+02
6.800303173065185547e+01,1.395000000000000000e+02,1.030000000000000000e+02
6.800303173065185547e+01,1.395000000000000000e+02,1.040000000000000000e+02
6.800303173065185547e+01,1.395000000000000000e+02,1.050000000000000000e+02
6.800303173065185547e+01,1.395000000000000000e+02,1.060000000000000000e+02
6.700298714637756348e+01,1.400000000000000000e+02,1.070000000000000000e+02
6.800303173065185547e+01,1.400000000000000000e+02,1.065000000000000000e+02
6.800303173065185547e+01,1.395000000000000000e+02,1.090000000000000000e+02
6.800303173065185547e+01,1.400000000000000000e+02,1.085000000000000000e+02
6.800303173065185547e+01,1.405000000000000000e+02,8.100000000000000000e+01
6.800303173065185547e+01,1.410000000000000000e+02,8.150000000000000000e+01
6.800303173065185547e+01,1.405000000000000000e+02,8.700000000000000000e+01
6.800303173065185547e+01,1.410000000000000000e+02,8.650000000000000000e+01
6.800303173065185547e+01,1.405000000000000000e+02,8.800000000000000000e+01
6.800303173065185547e+01,1.405000000000000000e+02,8.900000000000000000e+01
6.800303173065185547e+01,1.405000000000000000e+02,9.000000000000000000e+01
6.800303173065185547e+01,1.405000000000000000e+02,1.070000000000000000e+02
6.800303173065185547e+01,1.405000000000000000e+02,1.080000000000000000e+02
6.800303173065185547e+01,1.415000000000000000e+02,8.200000000000000000e+01
6.800303173065185547e+01,1.415000000000000000e+02,8.300000000000000000e+01
6.800303173065185547e+01,1.415000000000000000e+02,8.400000000000000000e+01
6.800303173065185547e+01,1.415000000000000000e+02,8.500000000000000000e+01
6.800303173065185547e+01,1.415000000000000000e+02,8.600000000000000000e+01
6.900307631492614746e+01,7.400000000000000000e+01,8.200000000000000000e+01
7.000312089920043945e+01,7.500000000000000000e+01,7.950000000000000000e+01
7.000312089920043945e+01,7.450000000000000000e+01,8.000000000000000000e+01
7.000312089920043945e+01,7.450000000000000000e+01,8.100000000000000000e+01
7.000312089920043945e+01,7.450000000000000000e+01,8.200000000000000000e+01
6.900307631492614746e+01,7.500000000000000000e+01,8.300000000000000000e+01
7.000312089920043945e+01,7.500000000000000000e+01,8.250000000000000000e+01
6.900307631492614746e+01,7.600000000000000000e+01,7.900000000000000000e+01
7.000312089920043945e+01,7.600000000000000000e+01,7.850000000000000000e+01
7.000312089920043945e+01,7.550000000000000000e+01,7.900000000000000000e+01
7.000312089920043945e+01,7.550000000000000000e+01,8.300000000000000000e+01
7.000312089920043945e+01,7.600000000000000000e+01,8.350000000000000000e+01
7.000312089920043945e+01,7.700000000000000000e+01,7.850000000000000000e+01
7.000312089920043945e+01,7.650000000000000000e+01,8.400000000000000000e+01
7.000312089920043945e+01,7.700000000000000000e+01,8.450000000000000000e+01
6.900307631492614746e+01,7.800000000000000000e+01,7.800000000000000000e+01
7.000312089920043945e+01,7.800000000000000000e+01,7.750000000000000000e+01
7.000312089920043945e+01,7.750000000000000000e+01,7.800000000000000000e+01
7.000312089920043945e+01,7.750000000000000000e+01,8.500000000000000000e+01
7.000312089920043945e+01,7.800000000000000000e+01,8.550000000000000000e+01
6.900307631492614746e+01,7.900000000000000000e+01,7.800000000000000000e+01
7.000312089920043945e+01,7.900000000000000000e+01,7.750000000000000000e+01
7.000312089920043945e+01,7.900000000000000000e+01,8.550000000000000000e+01
6.900307631492614746e+01,8.000000000000000000e+01,7.800000000000000000e+01
7.000312089920043945e+01,8.000000000000000000e+01,7.750000000000000000e+01
7.000312089920043945e+01,7.950000000000000000e+01,8.600000000000000000e+01
7.000312089920043945e+01,8.000000000000000000e+01,8.650000000000000000e+01
6.900307631492614746e+01,8.100000000000000000e+01,7.700000000000000000e+01
7.000312089920043945e+01,8.100000000000000000e+01,7.650000000000000000e+01
7.000312089920043945e+01,8.050000000000000000e+01,7.700000000000000000e+01
6.900307631492614746e+01,8.100000000000000000e+01,7.800000000000000000e+01
7.000312089920043945e+01,8.050000000000000000e+01,8.700000000000000000e+01
7.000312089920043945e+01,8.100000000000000000e+01,8.750000000000000000e+01
6.900307631492614746e+01,8.200000000000000000e+01,7.700000000000000000e+01
7.000312089920043945e+01,8.200000000000000000e+01,7.650000000000000000e+01
6.900307631492614746e+01,8.200000000000000000e+01,7.800000000000000000e+01
6.900307631492614746e+01,8.200000000000000000e+01,8.800000000000000000e+01
7.000312089920043945e+01,8.200000000000000000e+01,8.750000000000000000e+01
6.900307631492614746e+01,8.200000000000000000e+01,8.900000000000000000e+01
7.000312089920043945e+01,8.250000000000000000e+01,7.700000000000000000e+01
6.900307631492614746e+01,8.300000000000000000e+01,7.800000000000000000e+01
7.000312089920043945e+01,8.300000000000000000e+01,7.750000000000000000e+01
7.000312089920043945e+01,8.250000000000000000e+01,8.800000000000000000e+01
7.000312089920043945e+01,8.250000000000000000e+01,8.900000000000000000e+01
6.900307631492614746e+01,8.300000000000000000e+01,9.000000000000000000e+01
7.000312089920043945e+01,8.300000000000000000e+01,8.950000000000000000e+01
6.900307631492614746e+01,8.300000000000000000e+01,9.100000000000000000e+01
6.900307631492614746e+01,8.400000000000000000e+01,7.800000000000000000e+01
7.000312089920043945e+01,8.400000000000000000e+01,7.750000000000000000e+01
7.000312089920043945e+01,8.350000000000000000e+01,9.000000000000000000e+01
7.000312089920043945e+01,8.400000000000000000e+01,9.050000000000000000e+01
6.900307631492614746e+01,8.400000000000000000e+01,9.100000000000000000e+01
6.900307631492614746e+01,8.400000000000000000e+01,9.200000000000000000e+01
7.000312089920043945e+01,8.450000000000000000e+01,7.800000000000000000e+01
6.900307631492614746e+01,8.500000000000000000e+01,7.900000000000000000e+01
7.000312089920043945e+01,8.500000000000000000e+01,7.850000000000000000e+01
6.900307631492614746e+01,8.500000000000000000e+01,8.000000000000000000e+01
7.000312089920043945e+01,8.450000000000000000e+01,9.100000000000000000e+01
7.000312089920043945e+01,8.450000000000000000e+01,9.200000000000000000e+01
6.900307631492614746e+01,8.500000000000000000e+01,9.300000000000000000e+01
7.000312089920043945e+01,8.500000000000000000e+01,9.250000000000000000e+01
6.900307631492614746e+01,8.500000000000000000e+01,9.400000000000000000e+01
6.900307631492614746e+01,8.600000000000000000e+01,7.900000000000000000e+01
7.000312089920043945e+01,8.600000000000000000e+01,7.850000000000000000e+01
6.900307631492614746e+01,8.600000000000000000e+01,8.000000000000000000e+01
6.900307631492614746e+01,8.600000000000000000e+01,8.100000000000000000e+01
7.000312089920043945e+01,8.550000000000000000e+01,9.300000000000000000e+01
7.000312089920043945e+01,8.600000000000000000e+01,9.350000000000000000e+01
6.900307631492614746e+01,8.600000000000000000e+01,9.400000000000000000e+01
6.900307631492614746e+01,8.600000000000000000e+01,9.500000000000000000e+01
7.000312089920043945e+01,8.650000000000000000e+01,7.900000000000000000e+01
7.000312089920043945e+01,8.650000000000000000e+01,8.000000000000000000e+01
6.900307631492614746e+01,8.700000000000000000e+01,8.100000000000000000e+01
7.000312089920043945e+01,8.700000000000000000e+01,8.050000000000000000e+01
6.900307631492614746e+01,8.700000000000000000e+01,8.200000000000000000e+01
7.000312089920043945e+01,8.650000000000000000e+01,9.400000000000000000e+01
7.000312089920043945e+01,8.650000000000000000e+01,9.500000000000000000e+01
7.000312089920043945e+01,8.700000000000000000e+01,9.550000000000000000e+01
7.000312089920043945e+01,8.750000000000000000e+01,8.100000000000000000e+01
6.900307631492614746e+01,8.800000000000000000e+01,8.200000000000000000e+01
7.000312089920043945e+01,8.800000000000000000e+01,8.150000000000000000e+01
6.900307631492614746e+01,8.800000000000000000e+01,8.300000000000000000e+01
7.000312089920043945e+01,8.750000000000000000e+01,9.600000000000000000e+01
6.900307631492614746e+01,8.800000000000000000e+01,9.600000000000000000e+01
7.000312089920043945e+01,8.800000000000000000e+01,9.650000000000000000e+01
7.000312089920043945e+01,8.850000000000000000e+01,8.200000000000000000e+01
7.000312089920043945e+01,8.850000000000000000e+01,8.300000000000000000e+01
6.900307631492614746e+01,8.900000000000000000e+01,8.400000000000000000e+01
7.000312089920043945e+01,8.900000000000000000e+01,8.350000000000000000e+01
6.900307631492614746e+01,8.900000000000000000e+01,8.500000000000000000e+01
6.900307631492614746e+01,8.900000000000000000e+01,9.600000000000000000e+01
7.000312089920043945e+01,8.850000000000000000e+01,9.700000000000000000e+01
6.900307631492614746e+01,8.900000000000000000e+01,9.700000000000000000e+01
7.000312089920043945e+01,8.900000000000000000e+01,9.750000000000000000e+01
7.000312089920043945e+01,8.950000000000000000e+01,8.400000000000000000e+01
6.900307631492614746e+01,9.000000000000000000e+01,8.500000000000000000e+01
7.000312089920043945e+01,9.000000000000000000e+01,8.450000000000000000e+01
6.900307631492614746e+01,9.000000000000000000e+01,8.600000000000000000e+01
6.900307631492614746e+01,9.000000000000000000e+01,8.700000000000000000e+01
6.900307631492614746e+01,9.000000000000000000e+01,8.800000000000000000e+01
6.900307631492614746e+01,9.000000000000000000e+01,9.200000000000000000e+01
6.900307631492614746e+01,9.000000000000000000e+01,9.300000000000000000e+01
6.900307631492614746e+01,9.000000000000000000e+01,9.400000000000000000e+01
6.900307631492614746e+01,9.000000000000000000e+01,9.500000000000000000e+01
6.900307631492614746e+01,9.000000000000000000e+01,9.600000000000000000e+01
6.900307631492614746e+01,9.000000000000000000e+01,9.700000000000000000e+01
7.000312089920043945e+01,9.000000000000000000e+01,9.750000000000000000e+01
7.000312089920043945e+01,9.050000000000000000e+01,8.500000000000000000e+01
7.000312089920043945e+01,9.050000000000000000e+01,8.600000000000000000e+01
7.000312089920043945e+01,9.050000000000000000e+01,8.700000000000000000e+01
6.900307631492614746e+01,9.100000000000000000e+01,8.800000000000000000e+01
7.000312089920043945e+01,9.100000000000000000e+01,8.750000000000000000e+01
6.900307631492614746e+01,9.100000000000000000e+01,8.900000000000000000e+01
6.900307631492614746e+01,9.100000000000000000e+01,9.000000000000000000e+01
6.900307631492614746e+01,9.100000000000000000e+01,9.100000000000000000e+01
6.900307631492614746e+01,9.100000000000000000e+01,9.200000000000000000e+01
6.900307631492614746e+01,9.100000000000000000e+01,9.300000000000000000e+01
6.900307631492614746e+01,9.100000000000000000e+01,9.400000000000000000e+01
6.900307631492614746e+01,9.100000000000000000e+01,9.500000000000000000e+01
6.900307631492614746e+01,9.100000000000000000e+01,9.600000000000000000e+01
6.900307631492614746e+01,9.100000000000000000e+01,9.700000000000000000e+01
7.000312089920043945e+01,9.100000000000000000e+01,9.750000000000000000e+01
7.000312089920043945e+01,9.150000000000000000e+01,8.800000000000000000e+01
7.000312089920043945e+01,9.150000000000000000e+01,8.900000000000000000e+01
7.000312089920043945e+01,9.150000000000000000e+01,9.000000000000000000e+01
7.000312089920043945e+01,9.150000000000000000e+01,9.100000000000000000e+01
7.000312089920043945e+01,9.150000000000000000e+01,9.200000000000000000e+01
7.000312089920043945e+01,9.150000000000000000e+01,9.300000000000000000e+01
7.000312089920043945e+01,9.150000000000000000e+01,9.400000000000000000e+01
7.000312089920043945e+01,9.150000000000000000e+01,9.500000000000000000e+01
7.000312089920043945e+01,9.150000000000000000e+01,9.600000000000000000e+01
7.000312089920043945e+01,9.150000000000000000e+01,9.700000000000000000e+01
6.900307631492614746e+01,1.080000000000000000e+02,1.000000000000000000e+02
7.000312089920043945e+01,1.080000000000000000e+02,9.950000000000000000e+01
7.000312089920043945e+01,1.075000000000000000e+02,1.000000000000000000e+02
7.000312089920043945e+01,1.075000000000000000e+02,1.010000000000000000e+02
6.900307631492614746e+01,1.080000000000000000e+02,1.010000000000000000e+02
7.000312089920043945e+01,1.075000000000000000e+02,1.020000000000000000e+02
6.900307631492614746e+01,1.080000000000000000e+02,1.020000000000000000e+02
7.000312089920043945e+01,1.075000000000000000e+02,1.030000000000000000e+02
6.900307631492614746e+01,1.080000000000000000e+02,1.030000000000000000e+02
7.000312089920043945e+01,1.075000000000000000e+02,1.040000000000000000e+02
6.900307631492614746e+01,1.080000000000000000e+02,1.040000000000000000e+02
7.000312089920043945e+01,1.075000000000000000e+02,1.050000000000000000e+02
6.900307631492614746e+01,1.080000000000000000e+02,1.050000000000000000e+02
7.000312089920043945e+01,1.075000000000000000e+02,1.060000000000000000e+02
6.900307631492614746e+01,1.080000000000000000e+02,1.060000000000000000e+02
7.000312089920043945e+01,1.080000000000000000e+02,1.065000000000000000e+02
6.900307631492614746e+01,1.090000000000000000e+02,9.800000000000000000e+01
7.000312089920043945e+01,1.090000000000000000e+02,9.750000000000000000e+01
7.000312089920043945e+01,1.085000000000000000e+02,9.800000000000000000e+01
7.000312089920043945e+01,1.085000000000000000e+02,9.900000000000000000e+01
7.000312089920043945e+01,1.090000000000000000e+02,1.065000000000000000e+02
6.900307631492614746e+01,1.100000000000000000e+02,8.300000000000000000e+01
7.000312089920043945e+01,1.100000000000000000e+02,8.250000000000000000e+01
7.000312089920043945e+01,1.095000000000000000e+02,8.300000000000000000e+01
7.000312089920043945e+01,1.095000000000000000e+02,8.400000000000000000e+01
7.000312089920043945e+01,1.095000000000000000e+02,8.500000000000000000e+01
7.000312089920043945e+01,1.095000000000000000e+02,8.600000000000000000e+01
7.000312089920043945e+01,1.095000000000000000e+02,8.700000000000000000e+01
7.000312089920043945e+01,1.095000000000000000e+02,8.800000000000000000e+01
7.000312089920043945e+01,1.095000000000000000e+02,8.900000000000000000e+01
6.900307631492614746e+01,1.100000000000000000e+02,9.000000000000000000e+01
7.000312089920043945e+01,1.100000000000000000e+02,8.950000000000000000e+01
6.900307631492614746e+01,1.100000000000000000e+02,9.400000000000000000e+01
7.000312089920043945e+01,1.100000000000000000e+02,9.450000000000000000e+01
7.000312089920043945e+01,1.095000000000000000e+02,9.500000000000000000e+01
7.000312089920043945e+01,1.095000000000000000e+02,9.600000000000000000e+01
7.000312089920043945e+01,1.095000000000000000e+02,9.700000000000000000e+01
7.000312089920043945e+01,1.095000000000000000e+02,1.070000000000000000e+02
6.900307631492614746e+01,1.100000000000000000e+02,1.070000000000000000e+02
7.000312089920043945e+01,1.100000000000000000e+02,1.075000000000000000e+02
6.900307631492614746e+01,1.110000000000000000e+02,8.100000000000000000e+01
7.000312089920043945e+01,1.110000000000000000e+02,8.050000000000000000e+01
7.000312089920043945e+01,1.105000000000000000e+02,8.100000000000000000e+01
7.000312089920043945e+01,1.105000000000000000e+02,8.200000000000000000e+01
7.000312089920043945e+01,1.105000000000000000e+02,9.000000000000000000e+01
7.000312089920043945e+01,1.105000000000000000e+02,9.100000000000000000e+01
7.000312089920043945e+01,1.105000000000000000e+02,9.200000000000000000e+01
7.000312089920043945e+01,1.105000000000000000e+02,9.300000000000000000e+01
7.000312089920043945e+01,1.105000000000000000e+02,9.400000000000000000e+01
7.000312089920043945e+01,1.110000000000000000e+02,1.075000000000000000e+02
7.000312089920043945e+01,1.120000000000000000e+02,8.050000000000000000e+01
7.000312089920043945e+01,1.120000000000000000e+02,1.075000000000000000e+02
7.000312089920043945e+01,1.130000000000000000e+02,8.050000000000000000e+01
7.000312089920043945e+01,1.125000000000000000e+02,1.070000000000000000e+02
7.000312089920043945e+01,1.130000000000000000e+02,1.065000000000000000e+02
7.000312089920043945e+01,1.135000000000000000e+02,8.100000000000000000e+01
7.000312089920043945e+01,1.140000000000000000e+02,8.150000000000000000e+01
7.000312089920043945e+01,1.140000000000000000e+02,1.065000000000000000e+02
7.000312089920043945e+01,1.150000000000000000e+02,8.150000000000000000e+01
7.000312089920043945e+01,1.150000000000000000e+02,1.065000000000000000e+02
7.000312089920043945e+01,1.160000000000000000e+02,8.150000000000000000e+01
7.000312089920043945e+01,1.160000000000000000e+02,1.065000000000000000e+02
7.000312089920043945e+01,1.165000000000000000e+02,8.200000000000000000e+01
6.900307631492614746e+01,1.170000000000000000e+02,8.200000000000000000e+01
7.000312089920043945e+01,1.170000000000000000e+02,8.250000000000000000e+01
7.000312089920043945e+01,1.170000000000000000e+02,1.065000000000000000e+02
7.000312089920043945e+01,1.180000000000000000e+02,8.250000000000000000e+01
7.000312089920043945e+01,1.180000000000000000e+02,1.065000000000000000e+02
7.000312089920043945e+01,1.190000000000000000e+02,8.250000000000000000e+01
7.000312089920043945e+01,1.190000000000000000e+02,1.065000000000000000e+02
7.000312089920043945e+01,1.200000000000000000e+02,8.250000000000000000e+01
7.000312089920043945e+01,1.200000000000000000e+02,1.065000000000000000e+02
7.000312089920043945e+01,1.210000000000000000e+02,8.250000000000000000e+01
7.000312089920043945e+01,1.210000000000000000e+02,1.065000000000000000e+02
7.000312089920043945e+01,1.220000000000000000e+02,8.250000000000000000e+01
7.000312089920043945e+01,1.215000000000000000e+02,1.070000000000000000e+02
6.900307631492614746e+01,1.220000000000000000e+02,1.070000000000000000e+02
7.000312089920043945e+01,1.220000000000000000e+02,1.075000000000000000e+02
7.000312089920043945e+01,1.230000000000000000e+02,8.250000000000000000e+01
7.000312089920043945e+01,1.230000000000000000e+02,1.075000000000000000e+02
7.000312089920043945e+01,1.240000000000000000e+02,8.250000000000000000e+01
7.000312089920043945e+01,1.240000000000000000e+02,1.075000000000000000e+02
7.000312089920043945e+01,1.250000000000000000e+02,8.250000000000000000e+01
7.000312089920043945e+01,1.250000000000000000e+02,1.075000000000000000e+02
7.000312089920043945e+01,1.260000000000000000e+02,8.250000000000000000e+01
7.000312089920043945e+01,1.260000000000000000e+02,1.075000000000000000e+02
7.000312089920043945e+01,1.270000000000000000e+02,8.250000000000000000e+01
7.000312089920043945e+01,1.265000000000000000e+02,1.080000000000000000e+02
7.000312089920043945e+01,1.270000000000000000e+02,1.085000000000000000e+02
6.900307631492614746e+01,1.280000000000000000e+02,8.200000000000000000e+01
7.000312089920043945e+01,1.280000000000000000e+02,8.150000000000000000e+01
7.000312089920043945e+01,1.275000000000000000e+02,8.200000000000000000e+01
7.000312089920043945e+01,1.280000000000000000e+02,1.085000000000000000e+02
7.000312089920043945e+01,1.290000000000000000e+02,8.150000000000000000e+01
7.000312089920043945e+01,1.290000000000000000e+02,1.085000000000000000e+02
7.000312089920043945e+01,1.300000000000000000e+02,8.150000000000000000e+01
7.000312089920043945e+01,1.300000000000000000e+02,1.085000000000000000e+02
7.000312089920043945e+01,1.310000000000000000e+02,8.150000000000000000e+01
7.000312089920043945e+01,1.305000000000000000e+02,1.090000000000000000e+02
7.000312089920043945e+01,1.310000000000000000e+02,1.095000000000000000e+02
7.000312089920043945e+01,1.320000000000000000e+02,8.150000000000000000e+01
7.000312089920043945e+01,1.320000000000000000e+02,1.095000000000000000e+02
6.900307631492614746e+01,1.330000000000000000e+02,8.100000000000000000e+01
7.000312089920043945e+01,1.330000000000000000e+02,8.050000000000000000e+01
7.000312089920043945e+01,1.325000000000000000e+02,8.100000000000000000e+01
7.000312089920043945e+01,1.325000000000000000e+02,1.100000000000000000e+02
7.000312089920043945e+01,1.330000000000000000e+02,1.105000000000000000e+02
7.000312089920043945e+01,1.340000000000000000e+02,8.050000000000000000e+01
7.000312089920043945e+01,1.340000000000000000e+02,1.105000000000000000e+02
7.000312089920043945e+01,1.350000000000000000e+02,8.050000000000000000e+01
7.000312089920043945e+01,1.350000000000000000e+02,1.105000000000000000e+02
7.000312089920043945e+01,1.360000000000000000e+02,8.050000000000000000e+01
7.000312089920043945e+01,1.360000000000000000e+02,1.105000000000000000e+02
7.000312089920043945e+01,1.370000000000000000e+02,8.050000000000000000e+01
7.000312089920043945e+01,1.370000000000000000e+02,1.105000000000000000e+02
7.000312089920043945e+01,1.380000000000000000e+02,8.050000000000000000e+01
7.000312089920043945e+01,1.380000000000000000e+02,1.105000000000000000e+02
7.000312089920043945e+01,1.390000000000000000e+02,8.050000000000000000e+01
7.000312089920043945e+01,1.385000000000000000e+02,1.100000000000000000e+02
7.000312089920043945e+01,1.390000000000000000e+02,1.095000000000000000e+02
7.000312089920043945e+01,1.400000000000000000e+02,8.050000000000000000e+01
6.900307631492614746e+01,1.400000000000000000e+02,8.800000000000000000e+01
7.000312089920043945e+01,1.395000000000000000e+02,8.800000000000000000e+01
7.000312089920043945e+01,1.400000000000000000e+02,8.750000000000000000e+01
6.900307631492614746e+01,1.400000000000000000e+02,8.900000000000000000e+01
7.000312089920043945e+01,1.395000000000000000e+02,8.900000000000000000e+01
6.900307631492614746e+01,1.400000000000000000e+02,9.000000000000000000e+01
7.000312089920043945e+01,1.395000000000000000e+02,9.000000000000000000e+01
7.000312089920043945e+01,1.395000000000000000e+02,9.100000000000000000e+01
7.000312089920043945e+01,1.395000000000000000e+02,9.200000000000000000e+01
7.000312089920043945e+01,1.395000000000000000e+02,9.300000000000000000e+01
7.000312089920043945e+01,1.395000000000000000e+02,9.400000000000000000e+01
7.000312089920043945e+01,1.395000000000000000e+02,9.500000000000000000e+01
7.000312089920043945e+01,1.395000000000000000e+02,9.600000000000000000e+01
7.000312089920043945e+01,1.395000000000000000e+02,9.700000000000000000e+01
7.000312089920043945e+01,1.395000000000000000e+02,9.800000000000000000e+01
7.000312089920043945e+01,1.395000000000000000e+02,9.900000000000000000e+01
7.000312089920043945e+01,1.395000000000000000e+02,1.000000000000000000e+02
7.000312089920043945e+01,1.395000000000000000e+02,1.010000000000000000e+02
7.000312089920043945e+01,1.395000000000000000e+02,1.020000000000000000e+02
7.000312089920043945e+01,1.395000000000000000e+02,1.030000000000000000e+02
7.000312089920043945e+01,1.395000000000000000e+02,1.040000000000000000e+02
7.000312089920043945e+01,1.395000000000000000e+02,1.050000000000000000e+02
7.000312089920043945e+01,1.395000000000000000e+02,1.060000000000000000e+02
7.000312089920043945e+01,1.400000000000000000e+02,1.065000000000000000e+02
7.000312089920043945e+01,1.395000000000000000e+02,1.090000000000000000e+02
7.000312089920043945e+01,1.400000000000000000e+02,1.085000000000000000e+02
7.000312089920043945e+01,1.405000000000000000e+02,8.100000000000000000e+01
7.000312089920043945e+01,1.410000000000000000e+02,8.150000000000000000e+01
6.900307631492614746e+01,1.410000000000000000e+02,8.600000000000000000e+01
7.000312089920043945e+01,1.405000000000000000e+02,8.600000000000000000e+01
7.000312089920043945e+01,1.410000000000000000e+02,8.550000000000000000e+01
7.000312089920043945e+01,1.405000000000000000e+02,8.700000000000000000e+01
7.000312089920043945e+01,1.405000000000000000e+02,1.070000000000000000e+02
7.000312089920043945e+01,1.405000000000000000e+02,1.080000000000000000e+02
7.000312089920043945e+01,1.415000000000000000e+02,8.200000000000000000e+01
7.000312089920043945e+01,1.415000000000000000e+02,8.300000000000000000e+01
7.000312089920043945e+01,1.415000000000000000e+02,8.400000000000000000e+01
7.000312089920043945e+01,1.415000000000000000e+02,8.500000000000000000e+01
7.100316548347473145e+01,7.500000000000000000e+01,8.000000000000000000e+01
7.100316548347473145e+01,7.500000000000000000e+01,8.100000000000000000e+01
7.100316548347473145e+01,7.500000000000000000e+01,8.200000000000000000e+01
7.100316548347473145e+01,7.600000000000000000e+01,7.900000000000000000e+01
7.100316548347473145e+01,7.600000000000000000e+01,8.000000000000000000e+01
7.100316548347473145e+01,7.600000000000000000e+01,8.100000000000000000e+01
7.100316548347473145e+01,7.600000000000000000e+01,8.200000000000000000e+01
7.100316548347473145e+01,7.600000000000000000e+01,8.300000000000000000e+01
7.100316548347473145e+01,7.700000000000000000e+01,7.900000000000000000e+01
7.100316548347473145e+01,7.700000000000000000e+01,8.000000000000000000e+01
7.100316548347473145e+01,7.700000000000000000e+01,8.100000000000000000e+01
7.100316548347473145e+01,7.700000000000000000e+01,8.200000000000000000e+01
7.100316548347473145e+01,7.700000000000000000e+01,8.300000000000000000e+01
7.100316548347473145e+01,7.700000000000000000e+01,8.400000000000000000e+01
7.100316548347473145e+01,7.800000000000000000e+01,7.800000000000000000e+01
7.100316548347473145e+01,7.800000000000000000e+01,7.900000000000000000e+01
7.100316548347473145e+01,7.800000000000000000e+01,8.000000000000000000e+01
7.100316548347473145e+01,7.800000000000000000e+01,8.100000000000000000e+01
7.100316548347473145e+01,7.800000000000000000e+01,8.200000000000000000e+01
7.100316548347473145e+01,7.800000000000000000e+01,8.300000000000000000e+01
7.100316548347473145e+01,7.800000000000000000e+01,8.400000000000000000e+01
7.100316548347473145e+01,7.800000000000000000e+01,8.500000000000000000e+01
7.100316548347473145e+01,7.900000000000000000e+01,7.800000000000000000e+01
7.100316548347473145e+01,7.900000000000000000e+01,7.900000000000000000e+01
7.100316548347473145e+01,7.900000000000000000e+01,8.000000000000000000e+01
7.100316548347473145e+01,7.900000000000000000e+01,8.100000000000000000e+01
7.100316548347473145e+01,7.900000000000000000e+01,8.200000000000000000e+01
7.100316548347473145e+01,7.900000000000000000e+01,8.300000000000000000e+01
7.100316548347473145e+01,7.900000000000000000e+01,8.400000000000000000e+01
7.100316548347473145e+01,7.900000000000000000e+01,8.500000000000000000e+01
7.200321006774902344e+01,8.000000000000000000e+01,7.750000000000000000e+01
7.200321006774902344e+01,7.950000000000000000e+01,7.800000000000000000e+01
7.200321006774902344e+01,7.950000000000000000e+01,7.900000000000000000e+01
7.200321006774902344e+01,7.950000000000000000e+01,8.000000000000000000e+01
7.200321006774902344e+01,8.000000000000000000e+01,8.050000000000000000e+01
7.100316548347473145e+01,8.000000000000000000e+01,8.100000000000000000e+01
7.100316548347473145e+01,8.000000000000000000e+01,8.200000000000000000e+01
7.100316548347473145e+01,8.000000000000000000e+01,8.300000000000000000e+01
7.100316548347473145e+01,8.000000000000000000e+01,8.400000000000000000e+01
7.100316548347473145e+01,8.000000000000000000e+01,8.500000000000000000e+01
7.100316548347473145e+01,8.000000000000000000e+01,8.600000000000000000e+01
7.200321006774902344e+01,8.100000000000000000e+01,7.650000000000000000e+01
7.200321006774902344e+01,8.050000000000000000e+01,7.700000000000000000e+01
7.200321006774902344e+01,8.050000000000000000e+01,8.100000000000000000e+01
7.200321006774902344e+01,8.100000000000000000e+01,8.150000000000000000e+01
7.100316548347473145e+01,8.100000000000000000e+01,8.200000000000000000e+01
7.100316548347473145e+01,8.100000000000000000e+01,8.300000000000000000e+01
7.100316548347473145e+01,8.100000000000000000e+01,8.400000000000000000e+01
7.100316548347473145e+01,8.100000000000000000e+01,8.500000000000000000e+01
7.100316548347473145e+01,8.100000000000000000e+01,8.600000000000000000e+01
7.100316548347473145e+01,8.100000000000000000e+01,8.700000000000000000e+01
7.200321006774902344e+01,8.200000000000000000e+01,7.650000000000000000e+01
7.200321006774902344e+01,8.150000000000000000e+01,8.200000000000000000e+01
7.200321006774902344e+01,8.150000000000000000e+01,8.300000000000000000e+01
7.200321006774902344e+01,8.200000000000000000e+01,8.350000000000000000e+01
7.100316548347473145e+01,8.200000000000000000e+01,8.400000000000000000e+01
7.100316548347473145e+01,8.200000000000000000e+01,8.500000000000000000e+01
7.100316548347473145e+01,8.200000000000000000e+01,8.600000000000000000e+01
7.100316548347473145e+01,8.200000000000000000e+01,8.700000000000000000e+01
7.100316548347473145e+01,8.300000000000000000e+01,7.600000000000000000e+01
7.200321006774902344e+01,8.300000000000000000e+01,7.550000000000000000e+01
7.200321006774902344e+01,8.250000000000000000e+01,7.600000000000000000e+01
7.100316548347473145e+01,8.300000000000000000e+01,7.700000000000000000e+01
7.200321006774902344e+01,8.250000000000000000e+01,8.400000000000000000e+01
7.200321006774902344e+01,8.300000000000000000e+01,8.450000000000000000e+01
7.100316548347473145e+01,8.300000000000000000e+01,8.500000000000000000e+01
7.100316548347473145e+01,8.300000000000000000e+01,8.600000000000000000e+01
7.100316548347473145e+01,8.300000000000000000e+01,8.700000000000000000e+01
7.100316548347473145e+01,8.300000000000000000e+01,8.800000000000000000e+01
7.100316548347473145e+01,8.300000000000000000e+01,8.900000000000000000e+01
7.100316548347473145e+01,8.400000000000000000e+01,7.600000000000000000e+01
7.200321006774902344e+01,8.400000000000000000e+01,7.550000000000000000e+01
7.100316548347473145e+01,8.400000000000000000e+01,7.700000000000000000e+01
7.200321006774902344e+01,8.350000000000000000e+01,8.500000000000000000e+01
7.200321006774902344e+01,8.400000000000000000e+01,8.550000000000000000e+01
7.100316548347473145e+01,8.400000000000000000e+01,8.600000000000000000e+01
7.100316548347473145e+01,8.400000000000000000e+01,8.700000000000000000e+01
7.100316548347473145e+01,8.400000000000000000e+01,8.800000000000000000e+01
7.100316548347473145e+01,8.400000000000000000e+01,8.900000000000000000e+01
7.100316548347473145e+01,8.400000000000000000e+01,9.000000000000000000e+01
7.100316548347473145e+01,8.500000000000000000e+01,7.600000000000000000e+01
7.200321006774902344e+01,8.500000000000000000e+01,7.550000000000000000e+01
7.100316548347473145e+01,8.500000000000000000e+01,7.700000000000000000e+01
7.100316548347473145e+01,8.500000000000000000e+01,7.800000000000000000e+01
7.200321006774902344e+01,8.450000000000000000e+01,8.600000000000000000e+01
7.200321006774902344e+01,8.450000000000000000e+01,8.700000000000000000e+01
7.200321006774902344e+01,8.500000000000000000e+01,8.750000000000000000e+01
7.100316548347473145e+01,8.500000000000000000e+01,8.800000000000000000e+01
7.100316548347473145e+01,8.500000000000000000e+01,8.900000000000000000e+01
7.100316548347473145e+01,8.500000000000000000e+01,9.000000000000000000e+01
7.100316548347473145e+01,8.500000000000000000e+01,9.100000000000000000e+01
7.100316548347473145e+01,8.500000000000000000e+01,9.200000000000000000e+01
7.100316548347473145e+01,8.600000000000000000e+01,7.600000000000000000e+01
7.200321006774902344e+01,8.600000000000000000e+01,7.550000000000000000e+01
7.100316548347473145e+01,8.600000000000000000e+01,7.700000000000000000e+01
7.100316548347473145e+01,8.600000000000000000e+01,7.800000000000000000e+01
7.200321006774902344e+01,8.550000000000000000e+01,8.800000000000000000e+01
7.200321006774902344e+01,8.600000000000000000e+01,8.850000000000000000e+01
7.100316548347473145e+01,8.600000000000000000e+01,8.900000000000000000e+01
7.100316548347473145e+01,8.600000000000000000e+01,9.000000000000000000e+01
7.100316548347473145e+01,8.600000000000000000e+01,9.100000000000000000e+01
7.100316548347473145e+01,8.600000000000000000e+01,9.200000000000000000e+01
7.100316548347473145e+01,8.600000000000000000e+01,9.300000000000000000e+01
7.100316548347473145e+01,8.700000000000000000e+01,7.600000000000000000e+01
7.200321006774902344e+01,8.700000000000000000e+01,7.550000000000000000e+01
7.100316548347473145e+01,8.700000000000000000e+01,7.700000000000000000e+01
7.100316548347473145e+01,8.700000000000000000e+01,7.800000000000000000e+01
7.100316548347473145e+01,8.700000000000000000e+01,7.900000000000000000e+01
7.100316548347473145e+01,8.700000000000000000e+01,8.000000000000000000e+01
7.200321006774902344e+01,8.650000000000000000e+01,8.900000000000000000e+01
7.200321006774902344e+01,8.650000000000000000e+01,9.000000000000000000e+01
7.200321006774902344e+01,8.650000000000000000e+01,9.100000000000000000e+01
7.200321006774902344e+01,8.700000000000000000e+01,9.150000000000000000e+01
7.100316548347473145e+01,8.700000000000000000e+01,9.200000000000000000e+01
7.100316548347473145e+01,8.700000000000000000e+01,9.300000000000000000e+01
7.100316548347473145e+01,8.700000000000000000e+01,9.400000000000000000e+01
7.100316548347473145e+01,8.700000000000000000e+01,9.500000000000000000e+01
7.200321006774902344e+01,8.750000000000000000e+01,7.600000000000000000e+01
7.100316548347473145e+01,8.800000000000000000e+01,7.700000000000000000e+01
7.200321006774902344e+01,8.800000000000000000e+01,7.650000000000000000e+01
7.100316548347473145e+01,8.800000000000000000e+01,7.800000000000000000e+01
7.100316548347473145e+01,8.800000000000000000e+01,7.900000000000000000e+01
7.100316548347473145e+01,8.800000000000000000e+01,8.000000000000000000e+01
7.100316548347473145e+01,8.800000000000000000e+01,8.100000000000000000e+01
7.200321006774902344e+01,8.750000000000000000e+01,9.200000000000000000e+01
7.200321006774902344e+01,8.750000000000000000e+01,9.300000000000000000e+01
7.200321006774902344e+01,8.800000000000000000e+01,9.350000000000000000e+01
7.100316548347473145e+01,8.800000000000000000e+01,9.400000000000000000e+01
7.100316548347473145e+01,8.800000000000000000e+01,9.500000000000000000e+01
7.100316548347473145e+01,8.800000000000000000e+01,9.600000000000000000e+01
7.200321006774902344e+01,8.850000000000000000e+01,7.700000000000000000e+01
7.200321006774902344e+01,8.850000000000000000e+01,7.800000000000000000e+01
7.100316548347473145e+01,8.900000000000000000e+01,7.900000000000000000e+01
7.200321006774902344e+01,8.900000000000000000e+01,7.850000000000000000e+01
7.100316548347473145e+01,8.900000000000000000e+01,8.000000000000000000e+01
7.100316548347473145e+01,8.900000000000000000e+01,8.100000000000000000e+01
7.100316548347473145e+01,8.900000000000000000e+01,8.200000000000000000e+01
7.100316548347473145e+01,8.900000000000000000e+01,8.300000000000000000e+01
7.200321006774902344e+01,8.850000000000000000e+01,9.400000000000000000e+01
7.200321006774902344e+01,8.850000000000000000e+01,9.500000000000000000e+01
7.200321006774902344e+01,8.900000000000000000e+01,9.550000000000000000e+01
7.100316548347473145e+01,8.900000000000000000e+01,9.600000000000000000e+01
7.100316548347473145e+01,8.900000000000000000e+01,9.700000000000000000e+01
7.200321006774902344e+01,8.950000000000000000e+01,7.900000000000000000e+01
7.200321006774902344e+01,8.950000000000000000e+01,8.000000000000000000e+01
7.200321006774902344e+01,8.950000000000000000e+01,8.100000000000000000e+01
7.200321006774902344e+01,8.950000000000000000e+01,8.200000000000000000e+01
7.100316548347473145e+01,9.000000000000000000e+01,8.300000000000000000e+01
7.200321006774902344e+01,9.000000000000000000e+01,8.250000000000000000e+01
7.100316548347473145e+01,9.000000000000000000e+01,8.400000000000000000e+01
7.200321006774902344e+01,8.950000000000000000e+01,9.600000000000000000e+01
7.200321006774902344e+01,8.950000000000000000e+01,9.700000000000000000e+01
7.200321006774902344e+01,8.950000000000000000e+01,9.800000000000000000e+01
7.100316548347473145e+01,9.000000000000000000e+01,9.800000000000000000e+01
7.200321006774902344e+01,9.000000000000000000e+01,9.850000000000000000e+01
7.200321006774902344e+01,9.050000000000000000e+01,8.300000000000000000e+01
7.100316548347473145e+01,9.100000000000000000e+01,8.400000000000000000e+01
7.200321006774902344e+01,9.100000000000000000e+01,8.350000000000000000e+01
7.100316548347473145e+01,9.100000000000000000e+01,8.500000000000000000e+01
7.100316548347473145e+01,9.100000000000000000e+01,8.600000000000000000e+01
7.100316548347473145e+01,9.100000000000000000e+01,8.700000000000000000e+01
7.100316548347473145e+01,9.100000000000000000e+01,9.800000000000000000e+01
7.200321006774902344e+01,9.050000000000000000e+01,9.900000000000000000e+01
7.100316548347473145e+01,9.100000000000000000e+01,9.900000000000000000e+01
7.200321006774902344e+01,9.100000000000000000e+01,9.950000000000000000e+01
7.200321006774902344e+01,9.150000000000000000e+01,8.400000000000000000e+01
7.200321006774902344e+01,9.150000000000000000e+01,8.500000000000000000e+01
7.200321006774902344e+01,9.150000000000000000e+01,8.600000000000000000e+01
7.100316548347473145e+01,9.200000000000000000e+01,8.700000000000000000e+01
7.200321006774902344e+01,9.200000000000000000e+01,8.650000000000000000e+01
7.100316548347473145e+01,9.200000000000000000e+01,8.800000000000000000e+01
7.100316548347473145e+01,9.200000000000000000e+01,8.900000000000000000e+01
7.100316548347473145e+01,9.200000000000000000e+01,9.000000000000000000e+01
7.100316548347473145e+01,9.200000000000000000e+01,9.100000000000000000e+01
7.100316548347473145e+01,9.200000000000000000e+01,9.200000000000000000e+01
7.100316548347473145e+01,9.200000000000000000e+01,9.300000000000000000e+01
7.100316548347473145e+01,9.200000000000000000e+01,9.400000000000000000e+01
7.100316548347473145e+01,9.200000000000000000e+01,9.500000000000000000e+01
7.100316548347473145e+01,9.200000000000000000e+01,9.600000000000000000e+01
7.100316548347473145e+01,9.200000000000000000e+01,9.700000000000000000e+01
7.100316548347473145e+01,9.200000000000000000e+01,9.800000000000000000e+01
7.100316548347473145e+01,9.200000000000000000e+01,9.900000000000000000e+01
7.200321006774902344e+01,9.200000000000000000e+01,9.950000000000000000e+01
7.200321006774902344e+01,9.250000000000000000e+01,8.700000000000000000e+01
7.200321006774902344e+01,9.250000000000000000e+01,8.800000000000000000e+01
7.200321006774902344e+01,9.250000000000000000e+01,8.900000000000000000e+01
7.100316548347473145e+01,9.300000000000000000e+01,9.000000000000000000e+01
7.200321006774902344e+01,9.300000000000000000e+01,8.950000000000000000e+01
7.100316548347473145e+01,9.300000000000000000e+01,9.100000000000000000e+01
7.100316548347473145e+01,9.300000000000000000e+01,9.200000000000000000e+01
7.100316548347473145e+01,9.300000000000000000e+01,9.300000000000000000e+01
7.100316548347473145e+01,9.300000000000000000e+01,9.400000000000000000e+01
7.100316548347473145e+01,9.300000000000000000e+01,9.500000000000000000e+01
7.100316548347473145e+01,9.300000000000000000e+01,9.600000000000000000e+01
7.100316548347473145e+01,9.300000000000000000e+01,9.700000000000000000e+01
7.100316548347473145e+01,9.300000000000000000e+01,9.800000000000000000e+01
7.100316548347473145e+01,9.300000000000000000e+01,9.900000000000000000e+01
7.200321006774902344e+01,9.300000000000000000e+01,9.950000000000000000e+01
7.200321006774902344e+01,9.350000000000000000e+01,9.000000000000000000e+01
7.200321006774902344e+01,9.350000000000000000e+01,9.100000000000000000e+01
7.200321006774902344e+01,9.350000000000000000e+01,9.200000000000000000e+01
7.200321006774902344e+01,9.350000000000000000e+01,9.300000000000000000e+01
7.200321006774902344e+01,9.350000000000000000e+01,9.400000000000000000e+01
7.200321006774902344e+01,9.350000000000000000e+01,9.500000000000000000e+01
7.200321006774902344e+01,9.350000000000000000e+01,9.600000000000000000e+01
7.200321006774902344e+01,9.350000000000000000e+01,9.700000000000000000e+01
7.200321006774902344e+01,9.350000000000000000e+01,9.800000000000000000e+01
7.200321006774902344e+01,9.350000000000000000e+01,9.900000000000000000e+01
7.100316548347473145e+01,1.070000000000000000e+02,1.010000000000000000e+02
7.200321006774902344e+01,1.070000000000000000e+02,1.005000000000000000e+02
7.200321006774902344e+01,1.065000000000000000e+02,1.010000000000000000e+02
7.200321006774902344e+01,1.065000000000000000e+02,1.020000000000000000e+02
7.100316548347473145e+01,1.070000000000000000e+02,1.020000000000000000e+02
7.200321006774902344e+01,1.065000000000000000e+02,1.030000000000000000e+02
7.100316548347473145e+01,1.070000000000000000e+02,1.030000000000000000e+02
7.200321006774902344e+01,1.065000000000000000e+02,1.040000000000000000e+02
7.100316548347473145e+01,1.070000000000000000e+02,1.040000000000000000e+02
7.200321006774902344e+01,1.065000000000000000e+02,1.050000000000000000e+02
7.100316548347473145e+01,1.070000000000000000e+02,1.050000000000000000e+02
7.200321006774902344e+01,1.070000000000000000e+02,1.055000000000000000e+02
7.100316548347473145e+01,1.080000000000000000e+02,9.900000000000000000e+01
7.200321006774902344e+01,1.080000000000000000e+02,9.850000000000000000e+01
7.200321006774902344e+01,1.075000000000000000e+02,9.900000000000000000e+01
7.200321006774902344e+01,1.075000000000000000e+02,1.000000000000000000e+02
7.200321006774902344e+01,1.075000000000000000e+02,1.060000000000000000e+02
7.200321006774902344e+01,1.075000000000000000e+02,1.070000000000000000e+02
7.100316548347473145e+01,1.080000000000000000e+02,1.070000000000000000e+02
7.200321006774902344e+01,1.080000000000000000e+02,1.075000000000000000e+02
7.100316548347473145e+01,1.090000000000000000e+02,9.600000000000000000e+01
7.200321006774902344e+01,1.090000000000000000e+02,9.550000000000000000e+01
7.200321006774902344e+01,1.085000000000000000e+02,9.600000000000000000e+01
7.200321006774902344e+01,1.085000000000000000e+02,9.700000000000000000e+01
7.100316548347473145e+01,1.090000000000000000e+02,9.700000000000000000e+01
7.200321006774902344e+01,1.085000000000000000e+02,9.800000000000000000e+01
7.100316548347473145e+01,1.090000000000000000e+02,1.070000000000000000e+02
7.200321006774902344e+01,1.090000000000000000e+02,1.075000000000000000e+02
7.100316548347473145e+01,1.100000000000000000e+02,8.200000000000000000e+01
7.200321006774902344e+01,1.100000000000000000e+02,8.150000000000000000e+01
7.200321006774902344e+01,1.095000000000000000e+02,8.200000000000000000e+01
7.200321006774902344e+01,1.095000000000000000e+02,8.300000000000000000e+01
7.200321006774902344e+01,1.095000000000000000e+02,8.400000000000000000e+01
7.200321006774902344e+01,1.095000000000000000e+02,8.500000000000000000e+01
7.200321006774902344e+01,1.095000000000000000e+02,8.600000000000000000e+01
7.200321006774902344e+01,1.095000000000000000e+02,8.700000000000000000e+01
7.200321006774902344e+01,1.095000000000000000e+02,8.800000000000000000e+01
7.200321006774902344e+01,1.095000000000000000e+02,8.900000000000000000e+01
7.200321006774902344e+01,1.095000000000000000e+02,9.000000000000000000e+01
7.100316548347473145e+01,1.100000000000000000e+02,9.000000000000000000e+01
7.200321006774902344e+01,1.095000000000000000e+02,9.100000000000000000e+01
7.100316548347473145e+01,1.100000000000000000e+02,9.100000000000000000e+01
7.200321006774902344e+01,1.095000000000000000e+02,9.200000000000000000e+01
7.100316548347473145e+01,1.100000000000000000e+02,9.200000000000000000e+01
7.200321006774902344e+01,1.095000000000000000e+02,9.300000000000000000e+01
7.100316548347473145e+01,1.100000000000000000e+02,9.300000000000000000e+01
7.200321006774902344e+01,1.095000000000000000e+02,9.400000000000000000e+01
7.100316548347473145e+01,1.100000000000000000e+02,9.400000000000000000e+01
7.200321006774902344e+01,1.095000000000000000e+02,9.500000000000000000e+01
7.200321006774902344e+01,1.100000000000000000e+02,1.075000000000000000e+02
7.200321006774902344e+01,1.110000000000000000e+02,8.050000000000000000e+01
7.200321006774902344e+01,1.105000000000000000e+02,8.100000000000000000e+01
7.200321006774902344e+01,1.110000000000000000e+02,1.075000000000000000e+02
7.200321006774902344e+01,1.120000000000000000e+02,8.050000000000000000e+01
7.200321006774902344e+01,1.120000000000000000e+02,1.075000000000000000e+02
7.200321006774902344e+01,1.130000000000000000e+02,8.050000000000000000e+01
7.200321006774902344e+01,1.125000000000000000e+02,1.070000000000000000e+02
7.200321006774902344e+01,1.130000000000000000e+02,1.065000000000000000e+02
7.200321006774902344e+01,1.135000000000000000e+02,8.100000000000000000e+01
7.200321006774902344e+01,1.140000000000000000e+02,8.150000000000000000e+01
7.200321006774902344e+01,1.140000000000000000e+02,1.065000000000000000e+02
7.200321006774902344e+01,1.150000000000000000e+02,8.150000000000000000e+01
7.200321006774902344e+01,1.150000000000000000e+02,1.065000000000000000e+02
7.200321006774902344e+01,1.160000000000000000e+02,8.150000000000000000e+01
7.200321006774902344e+01,1.160000000000000000e+02,1.065000000000000000e+02
7.200321006774902344e+01,1.165000000000000000e+02,8.200000000000000000e+01
7.200321006774902344e+01,1.170000000000000000e+02,8.250000000000000000e+01
7.200321006774902344e+01,1.170000000000000000e+02,1.065000000000000000e+02
7.200321006774902344e+01,1.180000000000000000e+02,8.250000000000000000e+01
7.200321006774902344e+01,1.180000000000000000e+02,1.065000000000000000e+02
7.200321006774902344e+01,1.190000000000000000e+02,8.250000000000000000e+01
7.200321006774902344e+01,1.190000000000000000e+02,1.065000000000000000e+02
7.200321006774902344e+01,1.200000000000000000e+02,8.250000000000000000e+01
7.200321006774902344e+01,1.200000000000000000e+02,1.065000000000000000e+02
7.200321006774902344e+01,1.210000000000000000e+02,8.250000000000000000e+01
7.200321006774902344e+01,1.210000000000000000e+02,1.065000000000000000e+02
7.200321006774902344e+01,1.220000000000000000e+02,8.250000000000000000e+01
7.200321006774902344e+01,1.215000000000000000e+02,1.070000000000000000e+02
7.200321006774902344e+01,1.220000000000000000e+02,1.075000000000000000e+02
7.200321006774902344e+01,1.230000000000000000e+02,8.250000000000000000e+01
7.200321006774902344e+01,1.230000000000000000e+02,1.075000000000000000e+02
7.200321006774902344e+01,1.240000000000000000e+02,8.250000000000000000e+01
7.200321006774902344e+01,1.240000000000000000e+02,1.075000000000000000e+02
7.200321006774902344e+01,1.250000000000000000e+02,8.250000000000000000e+01
7.200321006774902344e+01,1.250000000000000000e+02,1.075000000000000000e+02
7.100316548347473145e+01,1.260000000000000000e+02,8.200000000000000000e+01
7.200321006774902344e+01,1.260000000000000000e+02,8.150000000000000000e+01
7.200321006774902344e+01,1.255000000000000000e+02,8.200000000000000000e+01
7.200321006774902344e+01,1.260000000000000000e+02,1.075000000000000000e+02
7.100316548347473145e+01,1.270000000000000000e+02,8.200000000000000000e+01
7.200321006774902344e+01,1.270000000000000000e+02,8.150000000000000000e+01
7.200321006774902344e+01,1.265000000000000000e+02,1.080000000000000000e+02
7.200321006774902344e+01,1.270000000000000000e+02,1.085000000000000000e+02
7.200321006774902344e+01,1.280000000000000000e+02,8.150000000000000000e+01
7.200321006774902344e+01,1.280000000000000000e+02,1.085000000000000000e+02
7.200321006774902344e+01,1.290000000000000000e+02,8.150000000000000000e+01
7.200321006774902344e+01,1.290000000000000000e+02,1.085000000000000000e+02
7.200321006774902344e+01,1.300000000000000000e+02,8.150000000000000000e+01
7.200321006774902344e+01,1.300000000000000000e+02,1.085000000000000000e+02
7.200321006774902344e+01,1.310000000000000000e+02,8.150000000000000000e+01
7.200321006774902344e+01,1.305000000000000000e+02,1.090000000000000000e+02
7.200321006774902344e+01,1.310000000000000000e+02,1.095000000000000000e+02
7.200321006774902344e+01,1.320000000000000000e+02,8.150000000000000000e+01
7.200321006774902344e+01,1.320000000000000000e+02,1.095000000000000000e+02
7.200321006774902344e+01,1.330000000000000000e+02,8.050000000000000000e+01
7.200321006774902344e+01,1.325000000000000000e+02,8.100000000000000000e+01
7.100316548347473145e+01,1.330000000000000000e+02,1.100000000000000000e+02
7.200321006774902344e+01,1.330000000000000000e+02,1.095000000000000000e+02
7.200321006774902344e+01,1.340000000000000000e+02,8.050000000000000000e+01
7.200321006774902344e+01,1.335000000000000000e+02,1.100000000000000000e+02
7.200321006774902344e+01,1.340000000000000000e+02,1.105000000000000000e+02
7.200321006774902344e+01,1.350000000000000000e+02,8.050000000000000000e+01
7.200321006774902344e+01,1.350000000000000000e+02,1.105000000000000000e+02
7.200321006774902344e+01,1.360000000000000000e+02,8.050000000000000000e+01
7.200321006774902344e+01,1.360000000000000000e+02,1.105000000000000000e+02
7.200321006774902344e+01,1.370000000000000000e+02,8.050000000000000000e+01
7.200321006774902344e+01,1.370000000000000000e+02,1.105000000000000000e+02
7.200321006774902344e+01,1.380000000000000000e+02,8.050000000000000000e+01
7.100316548347473145e+01,1.380000000000000000e+02,1.100000000000000000e+02
7.200321006774902344e+01,1.375000000000000000e+02,1.100000000000000000e+02
7.200321006774902344e+01,1.380000000000000000e+02,1.095000000000000000e+02
7.200321006774902344e+01,1.390000000000000000e+02,8.050000000000000000e+01
7.100316548347473145e+01,1.390000000000000000e+02,9.200000000000000000e+01
7.200321006774902344e+01,1.385000000000000000e+02,9.200000000000000000e+01
7.200321006774902344e+01,1.390000000000000000e+02,9.150000000000000000e+01
7.100316548347473145e+01,1.390000000000000000e+02,9.300000000000000000e+01
7.200321006774902344e+01,1.385000000000000000e+02,9.300000000000000000e+01
7.100316548347473145e+01,1.390000000000000000e+02,9.400000000000000000e+01
7.200321006774902344e+01,1.385000000000000000e+02,9.400000000000000000e+01
7.100316548347473145e+01,1.390000000000000000e+02,9.500000000000000000e+01
7.200321006774902344e+01,1.385000000000000000e+02,9.500000000000000000e+01
7.100316548347473145e+01,1.390000000000000000e+02,9.600000000000000000e+01
7.200321006774902344e+01,1.385000000000000000e+02,9.600000000000000000e+01
7.100316548347473145e+01,1.390000000000000000e+02,9.700000000000000000e+01
7.200321006774902344e+01,1.385000000000000000e+02,9.700000000000000000e+01
7.100316548347473145e+01,1.390000000000000000e+02,9.800000000000000000e+01
7.200321006774902344e+01,1.385000000000000000e+02,9.800000000000000000e+01
7.100316548347473145e+01,1.390000000000000000e+02,9.900000000000000000e+01
7.200321006774902344e+01,1.385000000000000000e+02,9.900000000000000000e+01
7.100316548347473145e+01,1.390000000000000000e+02,1.000000000000000000e+02
7.200321006774902344e+01,1.385000000000000000e+02,1.000000000000000000e+02
7.100316548347473145e+01,1.390000000000000000e+02,1.010000000000000000e+02
7.200321006774902344e+01,1.385000000000000000e+02,1.010000000000000000e+02
7.100316548347473145e+01,1.390000000000000000e+02,1.020000000000000000e+02
7.200321006774902344e+01,1.385000000000000000e+02,1.020000000000000000e+02
7.100316548347473145e+01,1.390000000000000000e+02,1.030000000000000000e+02
7.200321006774902344e+01,1.385000000000000000e+02,1.030000000000000000e+02
7.200321006774902344e+01,1.390000000000000000e+02,1.035000000000000000e+02
7.200321006774902344e+01,1.390000000000000000e+02,1.095000000000000000e+02
7.200321006774902344e+01,1.400000000000000000e+02,8.050000000000000000e+01
7.100316548347473145e+01,1.400000000000000000e+02,8.700000000000000000e+01
7.200321006774902344e+01,1.395000000000000000e+02,8.700000000000000000e+01
7.200321006774902344e+01,1.400000000000000000e+02,8.650000000000000000e+01
7.200321006774902344e+01,1.395000000000000000e+02,8.800000000000000000e+01
7.200321006774902344e+01,1.395000000000000000e+02,8.900000000000000000e+01
7.200321006774902344e+01,1.395000000000000000e+02,9.000000000000000000e+01
7.200321006774902344e+01,1.395000000000000000e+02,9.100000000000000000e+01
7.200321006774902344e+01,1.395000000000000000e+02,1.040000000000000000e+02
7.200321006774902344e+01,1.395000000000000000e+02,1.050000000000000000e+02
7.200321006774902344e+01,1.395000000000000000e+02,1.060000000000000000e+02
7.200321006774902344e+01,1.400000000000000000e+02,1.065000000000000000e+02
7.200321006774902344e+01,1.395000000000000000e+02,1.090000000000000000e+02
7.200321006774902344e+01,1.400000000000000000e+02,1.085000000000000000e+02
7.200321006774902344e+01,1.405000000000000000e+02,8.100000000000000000e+01
7.100316548347473145e+01,1.410000000000000000e+02,8.200000000000000000e+01
7.200321006774902344e+01,1.405000000000000000e+02,8.200000000000000000e+01
7.200321006774902344e+01,1.410000000000000000e+02,8.250000000000000000e+01
7.100316548347473145e+01,1.410000000000000000e+02,8.400000000000000000e+01
7.200321006774902344e+01,1.405000000000000000e+02,8.400000000000000000e+01
7.200321006774902344e+01,1.410000000000000000e+02,8.350000000000000000e+01
7.100316548347473145e+01,1.410000000000000000e+02,8.500000000000000000e+01
7.200321006774902344e+01,1.405000000000000000e+02,8.500000000000000000e+01
7.200321006774902344e+01,1.405000000000000000e+02,8.600000000000000000e+01
7.200321006774902344e+01,1.405000000000000000e+02,1.070000000000000000e+02
7.200321006774902344e+01,1.405000000000000000e+02,1.080000000000000000e+02
7.200321006774902344e+01,1.415000000000000000e+02,8.300000000000000000e+01
7.300325465202331543e+01,8.000000000000000000e+01,7.800000000000000000e+01
7.300325465202331543e+01,8.000000000000000000e+01,7.900000000000000000e+01
7.300325465202331543e+01,8.000000000000000000e+01,8.000000000000000000e+01
7.300325465202331543e+01,8.100000000000000000e+01,7.700000000000000000e+01
7.300325465202331543e+01,8.100000000000000000e+01,7.800000000000000000e+01
7.300325465202331543e+01,8.100000000000000000e+01,7.900000000000000000e+01
7.300325465202331543e+01,8.100000000000000000e+01,8.000000000000000000e+01
7.300325465202331543e+01,8.100000000000000000e+01,8.100000000000000000e+01
7.400329923629760742e+01,8.200000000000000000e+01,7.650000000000000000e+01
7.400329923629760742e+01,8.150000000000000000e+01,7.700000000000000000e+01
7.400329923629760742e+01,8.150000000000000000e+01,7.800000000000000000e+01
7.400329923629760742e+01,8.150000000000000000e+01,7.900000000000000000e+01
7.400329923629760742e+01,8.150000000000000000e+01,8.000000000000000000e+01
7.400329923629760742e+01,8.200000000000000000e+01,8.050000000000000000e+01
7.300325465202331543e+01,8.200000000000000000e+01,8.100000000000000000e+01
7.300325465202331543e+01,8.200000000000000000e+01,8.200000000000000000e+01
7.300325465202331543e+01,8.200000000000000000e+01,8.300000000000000000e+01
7.400329923629760742e+01,8.300000000000000000e+01,7.550000000000000000e+01
7.400329923629760742e+01,8.250000000000000000e+01,7.600000000000000000e+01
7.400329923629760742e+01,8.250000000000000000e+01,8.100000000000000000e+01
7.400329923629760742e+01,8.250000000000000000e+01,8.200000000000000000e+01
7.400329923629760742e+01,8.300000000000000000e+01,8.250000000000000000e+01
7.300325465202331543e+01,8.300000000000000000e+01,8.300000000000000000e+01
7.300325465202331543e+01,8.300000000000000000e+01,8.400000000000000000e+01
7.300325465202331543e+01,8.400000000000000000e+01,7.500000000000000000e+01
7.400329923629760742e+01,8.400000000000000000e+01,7.450000000000000000e+01
7.400329923629760742e+01,8.350000000000000000e+01,7.500000000000000000e+01
7.400329923629760742e+01,8.350000000000000000e+01,8.300000000000000000e+01
7.400329923629760742e+01,8.400000000000000000e+01,8.350000000000000000e+01
7.300325465202331543e+01,8.400000000000000000e+01,8.400000000000000000e+01
7.300325465202331543e+01,8.400000000000000000e+01,8.500000000000000000e+01
7.300325465202331543e+01,8.500000000000000000e+01,7.400000000000000000e+01
7.400329923629760742e+01,8.500000000000000000e+01,7.350000000000000000e+01
7.400329923629760742e+01,8.450000000000000000e+01,7.400000000000000000e+01
7.300325465202331543e+01,8.500000000000000000e+01,7.500000000000000000e+01
7.400329923629760742e+01,8.450000000000000000e+01,8.400000000000000000e+01
7.400329923629760742e+01,8.450000000000000000e+01,8.500000000000000000e+01
7.300325465202331543e+01,8.500000000000000000e+01,8.600000000000000000e+01
7.400329923629760742e+01,8.500000000000000000e+01,8.550000000000000000e+01
7.300325465202331543e+01,8.500000000000000000e+01,8.700000000000000000e+01
7.300325465202331543e+01,8.600000000000000000e+01,7.400000000000000000e+01
7.400329923629760742e+01,8.600000000000000000e+01,7.350000000000000000e+01
7.300325465202331543e+01,8.600000000000000000e+01,7.500000000000000000e+01
7.400329923629760742e+01,8.550000000000000000e+01,8.600000000000000000e+01
7.400329923629760742e+01,8.600000000000000000e+01,8.650000000000000000e+01
7.300325465202331543e+01,8.600000000000000000e+01,8.700000000000000000e+01
7.300325465202331543e+01,8.600000000000000000e+01,8.800000000000000000e+01
7.300325465202331543e+01,8.700000000000000000e+01,7.300000000000000000e+01
7.400329923629760742e+01,8.700000000000000000e+01,7.250000000000000000e+01
7.400329923629760742e+01,8.650000000000000000e+01,7.300000000000000000e+01
7.300325465202331543e+01,8.700000000000000000e+01,7.400000000000000000e+01
7.300325465202331543e+01,8.700000000000000000e+01,7.500000000000000000e+01
7.400329923629760742e+01,8.650000000000000000e+01,8.700000000000000000e+01
7.400329923629760742e+01,8.650000000000000000e+01,8.800000000000000000e+01
7.300325465202331543e+01,8.700000000000000000e+01,8.900000000000000000e+01
7.400329923629760742e+01,8.700000000000000000e+01,8.850000000000000000e+01
7.300325465202331543e+01,8.700000000000000000e+01,9.000000000000000000e+01
7.300325465202331543e+01,8.700000000000000000e+01,9.100000000000000000e+01
7.300325465202331543e+01,8.800000000000000000e+01,7.300000000000000000e+01
7.400329923629760742e+01,8.800000000000000000e+01,7.250000000000000000e+01
7.300325465202331543e+01,8.800000000000000000e+01,7.400000000000000000e+01
7.300325465202331543e+01,8.800000000000000000e+01,7.500000000000000000e+01
7.300325465202331543e+01,8.800000000000000000e+01,7.600000000000000000e+01
7.400329923629760742e+01,8.750000000000000000e+01,8.900000000000000000e+01
7.400329923629760742e+01,8.800000000000000000e+01,8.950000000000000000e+01
7.300325465202331543e+01,8.800000000000000000e+01,9.000000000000000000e+01
7.300325465202331543e+01,8.800000000000000000e+01,9.100000000000000000e+01
7.300325465202331543e+01,8.800000000000000000e+01,9.200000000000000000e+01
7.300325465202331543e+01,8.800000000000000000e+01,9.300000000000000000e+01
7.400329923629760742e+01,8.850000000000000000e+01,7.300000000000000000e+01
7.300325465202331543e+01,8.900000000000000000e+01,7.400000000000000000e+01
7.400329923629760742e+01,8.900000000000000000e+01,7.350000000000000000e+01
7.300325465202331543e+01,8.900000000000000000e+01,7.500000000000000000e+01
7.300325465202331543e+01,8.900000000000000000e+01,7.600000000000000000e+01
7.300325465202331543e+01,8.900000000000000000e+01,7.700000000000000000e+01
7.300325465202331543e+01,8.900000000000000000e+01,7.800000000000000000e+01
7.400329923629760742e+01,8.850000000000000000e+01,9.000000000000000000e+01
7.400329923629760742e+01,8.850000000000000000e+01,9.100000000000000000e+01
7.400329923629760742e+01,8.900000000000000000e+01,9.150000000000000000e+01
7.300325465202331543e+01,8.900000000000000000e+01,9.200000000000000000e+01
7.300325465202331543e+01,8.900000000000000000e+01,9.300000000000000000e+01
7.300325465202331543e+01,8.900000000000000000e+01,9.400000000000000000e+01
7.300325465202331543e+01,8.900000000000000000e+01,9.500000000000000000e+01
7.400329923629760742e+01,8.950000000000000000e+01,7.400000000000000000e+01
7.300325465202331543e+01,9.000000000000000000e+01,7.500000000000000000e+01
7.400329923629760742e+01,9.000000000000000000e+01,7.450000000000000000e+01
7.300325465202331543e+01,9.000000000000000000e+01,7.600000000000000000e+01
7.300325465202331543e+01,9.000000000000000000e+01,7.700000000000000000e+01
7.300325465202331543e+01,9.000000000000000000e+01,7.800000000000000000e+01
7.300325465202331543e+01,9.000000000000000000e+01,7.900000000000000000e+01
7.300325465202331543e+01,9.000000000000000000e+01,8.000000000000000000e+01
7.300325465202331543e+01,9.000000000000000000e+01,8.100000000000000000e+01
7.300325465202331543e+01,9.000000000000000000e+01,8.200000000000000000e+01
7.400329923629760742e+01,8.950000000000000000e+01,9.200000000000000000e+01
7.400329923629760742e+01,8.950000000000000000e+01,9.300000000000000000e+01
7.400329923629760742e+01,9.000000000000000000e+01,9.350000000000000000e+01
7.300325465202331543e+01,9.000000000000000000e+01,9.400000000000000000e+01
7.300325465202331543e+01,9.000000000000000000e+01,9.500000000000000000e+01
7.300325465202331543e+01,9.000000000000000000e+01,9.600000000000000000e+01
7.300325465202331543e+01,9.000000000000000000e+01,9.700000000000000000e+01
7.300325465202331543e+01,9.000000000000000000e+01,9.800000000000000000e+01
7.400329923629760742e+01,9.050000000000000000e+01,7.500000000000000000e+01
7.400329923629760742e+01,9.050000000000000000e+01,7.600000000000000000e+01
7.400329923629760742e+01,9.050000000000000000e+01,7.700000000000000000e+01
7.400329923629760742e+01,9.050000000000000000e+01,7.800000000000000000e+01
7.400329923629760742e+01,9.050000000000000000e+01,7.900000000000000000e+01
7.400329923629760742e+01,9.050000000000000000e+01,8.000000000000000000e+01
7.300325465202331543e+01,9.100000000000000000e+01,8.100000000000000000e+01
7.400329923629760742e+01,9.100000000000000000e+01,8.050000000000000000e+01
7.300325465202331543e+01,9.100000000000000000e+01,8.200000000000000000e+01
7.300325465202331543e+01,9.100000000000000000e+01,8.300000000000000000e+01
7.400329923629760742e+01,9.050000000000000000e+01,9.400000000000000000e+01
7.400329923629760742e+01,9.050000000000000000e+01,9.500000000000000000e+01
7.400329923629760742e+01,9.050000000000000000e+01,9.600000000000000000e+01
7.400329923629760742e+01,9.100000000000000000e+01,9.650000000000000000e+01
7.300325465202331543e+01,9.100000000000000000e+01,9.700000000000000000e+01
7.300325465202331543e+01,9.100000000000000000e+01,9.800000000000000000e+01
7.300325465202331543e+01,9.100000000000000000e+01,9.900000000000000000e+01
7.400329923629760742e+01,9.150000000000000000e+01,8.100000000000000000e+01
7.400329923629760742e+01,9.150000000000000000e+01,8.200000000000000000e+01
7.400329923629760742e+01,9.150000000000000000e+01,8.300000000000000000e+01
7.300325465202331543e+01,9.200000000000000000e+01,8.400000000000000000e+01
7.400329923629760742e+01,9.200000000000000000e+01,8.350000000000000000e+01
7.300325465202331543e+01,9.200000000000000000e+01,8.500000000000000000e+01
7.300325465202331543e+01,9.200000000000000000e+01,8.600000000000000000e+01
7.400329923629760742e+01,9.150000000000000000e+01,9.700000000000000000e+01
7.400329923629760742e+01,9.150000000000000000e+01,9.800000000000000000e+01
7.400329923629760742e+01,9.150000000000000000e+01,9.900000000000000000e+01
7.400329923629760742e+01,9.150000000000000000e+01,1.000000000000000000e+02
7.300325465202331543e+01,9.200000000000000000e+01,1.000000000000000000e+02
7.400329923629760742e+01,9.150000000000000000e+01,1.010000000000000000e+02
7.300325465202331543e+01,9.200000000000000000e+01,1.010000000000000000e+02
7.400329923629760742e+01,9.150000000000000000e+01,1.020000000000000000e+02
7.300325465202331543e+01,9.200000000000000000e+01,1.020000000000000000e+02
7.400329923629760742e+01,9.200000000000000000e+01,1.025000000000000000e+02
7.400329923629760742e+01,9.250000000000000000e+01,8.400000000000000000e+01
7.400329923629760742e+01,9.250000000000000000e+01,8.500000000000000000e+01
7.300325465202331543e+01,9.300000000000000000e+01,8.600000000000000000e+01
7.400329923629760742e+01,9.300000000000000000e+01,8.550000000000000000e+01
7.300325465202331543e+01,9.300000000000000000e+01,8.700000000000000000e+01
7.300325465202331543e+01,9.300000000000000000e+01,8.800000000000000000e+01
7.300325465202331543e+01,9.300000000000000000e+01,8.900000000000000000e+01
7.300325465202331543e+01,9.300000000000000000e+01,1.000000000000000000e+02
7.300325465202331543e+01,9.300000000000000000e+01,1.010000000000000000e+02
7.300325465202331543e+01,9.300000000000000000e+01,1.020000000000000000e+02
7.400329923629760742e+01,9.250000000000000000e+01,1.030000000000000000e+02
7.300325465202331543e+01,9.300000000000000000e+01,1.030000000000000000e+02
7.400329923629760742e+01,9.250000000000000000e+01,1.040000000000000000e+02
7.300325465202331543e+01,9.300000000000000000e+01,1.040000000000000000e+02
7.400329923629760742e+01,9.300000000000000000e+01,1.045000000000000000e+02
7.400329923629760742e+01,9.350000000000000000e+01,8.600000000000000000e+01
7.300325465202331543e+01,9.400000000000000000e+01,8.700000000000000000e+01
7.400329923629760742e+01,9.400000000000000000e+01,8.650000000000000000e+01
7.300325465202331543e+01,9.400000000000000000e+01,8.800000000000000000e+01
7.300325465202331543e+01,9.400000000000000000e+01,8.900000000000000000e+01
7.300325465202331543e+01,9.400000000000000000e+01,9.000000000000000000e+01
7.300325465202331543e+01,9.400000000000000000e+01,9.100000000000000000e+01
7.300325465202331543e+01,9.400000000000000000e+01,9.200000000000000000e+01
7.300325465202331543e+01,9.400000000000000000e+01,9.300000000000000000e+01
7.300325465202331543e+01,9.400000000000000000e+01,9.400000000000000000e+01
7.300325465202331543e+01,9.400000000000000000e+01,9.500000000000000000e+01
7.300325465202331543e+01,9.400000000000000000e+01,9.600000000000000000e+01
7.300325465202331543e+01,9.400000000000000000e+01,9.700000000000000000e+01
7.300325465202331543e+01,9.400000000000000000e+01,9.800000000000000000e+01
7.300325465202331543e+01,9.400000000000000000e+01,9.900000000000000000e+01
7.300325465202331543e+01,9.400000000000000000e+01,1.000000000000000000e+02
7.300325465202331543e+01,9.400000000000000000e+01,1.010000000000000000e+02
7.300325465202331543e+01,9.400000000000000000e+01,1.020000000000000000e+02
7.300325465202331543e+01,9.400000000000000000e+01,1.030000000000000000e+02
7.400329923629760742e+01,9.400000000000000000e+01,1.035000000000000000e+02
7.400329923629760742e+01,9.350000000000000000e+01,1.040000000000000000e+02
7.400329923629760742e+01,9.450000000000000000e+01,8.700000000000000000e+01
7.300325465202331543e+01,9.500000000000000000e+01,8.800000000000000000e+01
7.400329923629760742e+01,9.500000000000000000e+01,8.750000000000000000e+01
7.300325465202331543e+01,9.500000000000000000e+01,8.900000000000000000e+01
7.300325465202331543e+01,9.500000000000000000e+01,9.000000000000000000e+01
7.300325465202331543e+01,9.500000000000000000e+01,9.100000000000000000e+01
7.300325465202331543e+01,9.500000000000000000e+01,9.200000000000000000e+01
7.300325465202331543e+01,9.500000000000000000e+01,9.300000000000000000e+01
7.300325465202331543e+01,9.500000000000000000e+01,9.400000000000000000e+01
7.300325465202331543e+01,9.500000000000000000e+01,9.500000000000000000e+01
7.300325465202331543e+01,9.500000000000000000e+01,9.600000000000000000e+01
7.300325465202331543e+01,9.500000000000000000e+01,9.700000000000000000e+01
7.300325465202331543e+01,9.500000000000000000e+01,9.800000000000000000e+01
7.300325465202331543e+01,9.500000000000000000e+01,9.900000000000000000e+01
7.300325465202331543e+01,9.500000000000000000e+01,1.000000000000000000e+02
7.300325465202331543e+01,9.500000000000000000e+01,1.010000000000000000e+02
7.400329923629760742e+01,9.500000000000000000e+01,1.015000000000000000e+02
7.400329923629760742e+01,9.450000000000000000e+01,1.020000000000000000e+02
7.400329923629760742e+01,9.450000000000000000e+01,1.030000000000000000e+02
7.400329923629760742e+01,9.550000000000000000e+01,8.800000000000000000e+01
7.400329923629760742e+01,9.550000000000000000e+01,8.900000000000000000e+01
7.400329923629760742e+01,9.550000000000000000e+01,9.000000000000000000e+01
7.400329923629760742e+01,9.550000000000000000e+01,9.100000000000000000e+01
7.400329923629760742e+01,9.550000000000000000e+01,9.200000000000000000e+01
7.400329923629760742e+01,9.550000000000000000e+01,9.300000000000000000e+01
7.400329923629760742e+01,9.550000000000000000e+01,9.400000000000000000e+01
7.400329923629760742e+01,9.550000000000000000e+01,9.500000000000000000e+01
7.400329923629760742e+01,9.550000000000000000e+01,9.600000000000000000e+01
7.400329923629760742e+01,9.550000000000000000e+01,9.700000000000000000e+01
7.400329923629760742e+01,9.550000000000000000e+01,9.800000000000000000e+01
7.400329923629760742e+01,9.550000000000000000e+01,9.900000000000000000e+01
7.400329923629760742e+01,9.550000000000000000e+01,1.000000000000000000e+02
7.400329923629760742e+01,9.550000000000000000e+01,1.010000000000000000e+02
7.300325465202331543e+01,1.070000000000000000e+02,9.900000000000000000e+01
7.400329923629760742e+01,1.070000000000000000e+02,9.850000000000000000e+01
7.400329923629760742e+01,1.065000000000000000e+02,9.900000000000000000e+01
7.400329923629760742e+01,1.065000000000000000e+02,1.000000000000000000e+02
7.300325465202331543e+01,1.070000000000000000e+02,1.000000000000000000e+02
7.400329923629760742e+01,1.065000000000000000e+02,1.010000000000000000e+02
7.400329923629760742e+01,1.065000000000000000e+02,1.020000000000000000e+02
7.400329923629760742e+01,1.065000000000000000e+02,1.030000000000000000e+02
7.400329923629760742e+01,1.065000000000000000e+02,1.040000000000000000e+02
7.400329923629760742e+01,1.065000000000000000e+02,1.050000000000000000e+02
7.400329923629760742e+01,1.065000000000000000e+02,1.060000000000000000e+02
7.300325465202331543e+01,1.070000000000000000e+02,1.060000000000000000e+02
7.400329923629760742e+01,1.070000000000000000e+02,1.065000000000000000e+02
7.300325465202331543e+01,1.080000000000000000e+02,9.600000000000000000e+01
7.400329923629760742e+01,1.080000000000000000e+02,9.550000000000000000e+01
7.400329923629760742e+01,1.075000000000000000e+02,9.600000000000000000e+01
7.400329923629760742e+01,1.075000000000000000e+02,9.700000000000000000e+01
7.300325465202331543e+01,1.080000000000000000e+02,9.700000000000000000e+01
7.400329923629760742e+01,1.075000000000000000e+02,9.800000000000000000e+01
7.300325465202331543e+01,1.080000000000000000e+02,9.800000000000000000e+01
7.400329923629760742e+01,1.075000000000000000e+02,1.070000000000000000e+02
7.400329923629760742e+01,1.080000000000000000e+02,1.075000000000000000e+02
7.300325465202331543e+01,1.090000000000000000e+02,9.400000000000000000e+01
7.400329923629760742e+01,1.090000000000000000e+02,9.350000000000000000e+01
7.400329923629760742e+01,1.085000000000000000e+02,9.400000000000000000e+01
7.400329923629760742e+01,1.085000000000000000e+02,9.500000000000000000e+01
7.300325465202331543e+01,1.090000000000000000e+02,9.500000000000000000e+01
7.400329923629760742e+01,1.090000000000000000e+02,1.075000000000000000e+02
7.400329923629760742e+01,1.100000000000000000e+02,8.150000000000000000e+01
7.400329923629760742e+01,1.095000000000000000e+02,8.200000000000000000e+01
7.400329923629760742e+01,1.095000000000000000e+02,8.300000000000000000e+01
7.400329923629760742e+01,1.095000000000000000e+02,8.400000000000000000e+01
7.400329923629760742e+01,1.095000000000000000e+02,8.500000000000000000e+01
7.400329923629760742e+01,1.095000000000000000e+02,8.600000000000000000e+01
7.400329923629760742e+01,1.095000000000000000e+02,8.700000000000000000e+01
7.400329923629760742e+01,1.095000000000000000e+02,8.800000000000000000e+01
7.400329923629760742e+01,1.095000000000000000e+02,8.900000000000000000e+01
7.400329923629760742e+01,1.095000000000000000e+02,9.000000000000000000e+01
7.400329923629760742e+01,1.095000000000000000e+02,9.100000000000000000e+01
7.400329923629760742e+01,1.095000000000000000e+02,9.200000000000000000e+01
7.400329923629760742e+01,1.095000000000000000e+02,9.300000000000000000e+01
7.400329923629760742e+01,1.100000000000000000e+02,1.075000000000000000e+02
7.400329923629760742e+01,1.110000000000000000e+02,8.050000000000000000e+01
7.400329923629760742e+01,1.105000000000000000e+02,8.100000000000000000e+01
7.400329923629760742e+01,1.110000000000000000e+02,1.075000000000000000e+02
7.400329923629760742e+01,1.120000000000000000e+02,8.050000000000000000e+01
7.400329923629760742e+01,1.120000000000000000e+02,1.075000000000000000e+02
7.400329923629760742e+01,1.130000000000000000e+02,8.050000000000000000e+01
7.400329923629760742e+01,1.125000000000000000e+02,1.070000000000000000e+02
7.400329923629760742e+01,1.130000000000000000e+02,1.065000000000000000e+02
7.400329923629760742e+01,1.135000000000000000e+02,8.100000000000000000e+01
7.400329923629760742e+01,1.140000000000000000e+02,8.150000000000000000e+01
7.400329923629760742e+01,1.140000000000000000e+02,1.065000000000000000e+02
7.400329923629760742e+01,1.150000000000000000e+02,8.150000000000000000e+01
7.400329923629760742e+01,1.150000000000000000e+02,1.065000000000000000e+02
7.400329923629760742e+01,1.160000000000000000e+02,8.150000000000000000e+01
7.400329923629760742e+01,1.160000000000000000e+02,1.065000000000000000e+02
7.300325465202331543e+01,1.170000000000000000e+02,8.200000000000000000e+01
7.400329923629760742e+01,1.170000000000000000e+02,8.150000000000000000e+01
7.400329923629760742e+01,1.170000000000000000e+02,1.065000000000000000e+02
7.400329923629760742e+01,1.175000000000000000e+02,8.200000000000000000e+01
7.400329923629760742e+01,1.180000000000000000e+02,8.250000000000000000e+01
7.400329923629760742e+01,1.180000000000000000e+02,1.065000000000000000e+02
7.400329923629760742e+01,1.190000000000000000e+02,8.250000000000000000e+01
7.400329923629760742e+01,1.190000000000000000e+02,1.065000000000000000e+02
7.400329923629760742e+01,1.200000000000000000e+02,8.250000000000000000e+01
7.400329923629760742e+01,1.200000000000000000e+02,1.065000000000000000e+02
7.400329923629760742e+01,1.210000000000000000e+02,8.250000000000000000e+01
7.400329923629760742e+01,1.210000000000000000e+02,1.065000000000000000e+02
7.400329923629760742e+01,1.220000000000000000e+02,8.250000000000000000e+01
7.300325465202331543e+01,1.220000000000000000e+02,1.070000000000000000e+02
7.400329923629760742e+01,1.220000000000000000e+02,1.065000000000000000e+02
7.400329923629760742e+01,1.230000000000000000e+02,8.250000000000000000e+01
7.400329923629760742e+01,1.225000000000000000e+02,1.070000000000000000e+02
7.400329923629760742e+01,1.230000000000000000e+02,1.075000000000000000e+02
7.400329923629760742e+01,1.240000000000000000e+02,8.250000000000000000e+01
7.400329923629760742e+01,1.240000000000000000e+02,1.075000000000000000e+02
7.400329923629760742e+01,1.250000000000000000e+02,8.250000000000000000e+01
7.400329923629760742e+01,1.250000000000000000e+02,1.075000000000000000e+02
7.400329923629760742e+01,1.260000000000000000e+02,8.150000000000000000e+01
7.400329923629760742e+01,1.255000000000000000e+02,8.200000000000000000e+01
7.400329923629760742e+01,1.260000000000000000e+02,1.075000000000000000e+02
7.400329923629760742e+01,1.270000000000000000e+02,8.150000000000000000e+01
7.400329923629760742e+01,1.265000000000000000e+02,1.080000000000000000e+02
7.400329923629760742e+01,1.270000000000000000e+02,1.085000000000000000e+02
7.400329923629760742e+01,1.280000000000000000e+02,8.150000000000000000e+01
7.400329923629760742e+01,1.280000000000000000e+02,1.085000000000000000e+02
7.400329923629760742e+01,1.290000000000000000e+02,8.150000000000000000e+01
7.400329923629760742e+01,1.290000000000000000e+02,1.085000000000000000e+02
7.400329923629760742e+01,1.300000000000000000e+02,8.150000000000000000e+01
7.400329923629760742e+01,1.300000000000000000e+02,1.085000000000000000e+02
7.400329923629760742e+01,1.310000000000000000e+02,8.150000000000000000e+01
7.400329923629760742e+01,1.305000000000000000e+02,1.090000000000000000e+02
7.400329923629760742e+01,1.310000000000000000e+02,1.095000000000000000e+02
7.300325465202331543e+01,1.320000000000000000e+02,8.100000000000000000e+01
7.400329923629760742e+01,1.320000000000000000e+02,8.050000000000000000e+01
7.400329923629760742e+01,1.315000000000000000e+02,8.100000000000000000e+01
7.400329923629760742e+01,1.320000000000000000e+02,1.095000000000000000e+02
7.400329923629760742e+01,1.330000000000000000e+02,8.050000000000000000e+01
7.400329923629760742e+01,1.330000000000000000e+02,1.095000000000000000e+02
7.400329923629760742e+01,1.340000000000000000e+02,8.050000000000000000e+01
7.300325465202331543e+01,1.340000000000000000e+02,1.100000000000000000e+02
7.400329923629760742e+01,1.340000000000000000e+02,1.095000000000000000e+02
7.400329923629760742e+01,1.350000000000000000e+02,8.050000000000000000e+01
7.300325465202331543e+01,1.350000000000000000e+02,1.100000000000000000e+02
7.400329923629760742e+01,1.350000000000000000e+02,1.095000000000000000e+02
7.400329923629760742e+01,1.360000000000000000e+02,8.050000000000000000e+01
7.300325465202331543e+01,1.360000000000000000e+02,1.100000000000000000e+02
7.400329923629760742e+01,1.360000000000000000e+02,1.095000000000000000e+02
7.400329923629760742e+01,1.370000000000000000e+02,8.050000000000000000e+01
7.300325465202331543e+01,1.370000000000000000e+02,1.100000000000000000e+02
7.400329923629760742e+01,1.370000000000000000e+02,1.095000000000000000e+02
7.400329923629760742e+01,1.380000000000000000e+02,8.050000000000000000e+01
7.300325465202331543e+01,1.380000000000000000e+02,9.900000000000000000e+01
7.400329923629760742e+01,1.375000000000000000e+02,9.900000000000000000e+01
7.400329923629760742e+01,1.380000000000000000e+02,9.850000000000000000e+01
7.300325465202331543e+01,1.380000000000000000e+02,1.000000000000000000e+02
7.400329923629760742e+01,1.375000000000000000e+02,1.000000000000000000e+02
7.300325465202331543e+01,1.380000000000000000e+02,1.010000000000000000e+02
7.400329923629760742e+01,1.375000000000000000e+02,1.010000000000000000e+02
7.300325465202331543e+01,1.380000000000000000e+02,1.020000000000000000e+02
7.400329923629760742e+01,1.375000000000000000e+02,1.020000000000000000e+02
7.400329923629760742e+01,1.380000000000000000e+02,1.025000000000000000e+02
7.400329923629760742e+01,1.380000000000000000e+02,1.095000000000000000e+02
7.400329923629760742e+01,1.390000000000000000e+02,8.050000000000000000e+01
7.300325465202331543e+01,1.390000000000000000e+02,8.800000000000000000e+01
7.400329923629760742e+01,1.385000000000000000e+02,8.800000000000000000e+01
7.400329923629760742e+01,1.390000000000000000e+02,8.750000000000000000e+01
7.300325465202331543e+01,1.390000000000000000e+02,8.900000000000000000e+01
7.400329923629760742e+01,1.385000000000000000e+02,8.900000000000000000e+01
7.300325465202331543e+01,1.390000000000000000e+02,9.000000000000000000e+01
7.400329923629760742e+01,1.385000000000000000e+02,9.000000000000000000e+01
7.300325465202331543e+01,1.390000000000000000e+02,9.100000000000000000e+01
7.400329923629760742e+01,1.385000000000000000e+02,9.100000000000000000e+01
7.400329923629760742e+01,1.385000000000000000e+02,9.200000000000000000e+01
7.400329923629760742e+01,1.385000000000000000e+02,9.300000000000000000e+01
7.400329923629760742e+01,1.385000000000000000e+02,9.400000000000000000e+01
7.400329923629760742e+01,1.385000000000000000e+02,9.500000000000000000e+01
7.400329923629760742e+01,1.385000000000000000e+02,9.600000000000000000e+01
7.400329923629760742e+01,1.385000000000000000e+02,9.700000000000000000e+01
7.400329923629760742e+01,1.385000000000000000e+02,9.800000000000000000e+01
7.400329923629760742e+01,1.385000000000000000e+02,1.030000000000000000e+02
7.300325465202331543e+01,1.390000000000000000e+02,1.040000000000000000e+02
7.400329923629760742e+01,1.385000000000000000e+02,1.040000000000000000e+02
7.300325465202331543e+01,1.390000000000000000e+02,1.050000000000000000e+02
7.400329923629760742e+01,1.385000000000000000e+02,1.050000000000000000e+02
7.400329923629760742e+01,1.390000000000000000e+02,1.055000000000000000e+02
7.300325465202331543e+01,1.390000000000000000e+02,1.090000000000000000e+02
7.400329923629760742e+01,1.385000000000000000e+02,1.090000000000000000e+02
7.400329923629760742e+01,1.390000000000000000e+02,1.085000000000000000e+02
7.400329923629760742e+01,1.395000000000000000e+02,8.100000000000000000e+01
7.300325465202331543e+01,1.400000000000000000e+02,8.100000000000000000e+01
7.400329923629760742e+01,1.400000000000000000e+02,8.150000000000000000e+01
7.300325465202331543e+01,1.400000000000000000e+02,8.500000000000000000e+01
7.400329923629760742e+01,1.395000000000000000e+02,8.500000000000000000e+01
7.400329923629760742e+01,1.400000000000000000e+02,8.450000000000000000e+01
7.300325465202331543e+01,1.400000000000000000e+02,8.600000000000000000e+01
7.400329923629760742e+01,1.395000000000000000e+02,8.600000000000000000e+01
7.400329923629760742e+01,1.395000000000000000e+02,8.700000000000000000e+01
7.400329923629760742e+01,1.395000000000000000e+02,1.060000000000000000e+02
7.300325465202331543e+01,1.400000000000000000e+02,1.070000000000000000e+02
7.400329923629760742e+01,1.395000000000000000e+02,1.070000000000000000e+02
7.300325465202331543e+01,1.400000000000000000e+02,1.080000000000000000e+02
7.400329923629760742e+01,1.395000000000000000e+02,1.080000000000000000e+02
7.400329923629760742e+01,1.405000000000000000e+02,8.200000000000000000e+01
7.300325465202331543e+01,1.410000000000000000e+02,8.300000000000000000e+01
7.400329923629760742e+01,1.405000000000000000e+02,8.300000000000000000e+01
7.400329923629760742e+01,1.405000000000000000e+02,8.400000000000000000e+01
7.500334382057189941e+01,8.200000000000000000e+01,7.700000000000000000e+01
7.500334382057189941e+01,8.200000000000000000e+01,7.800000000000000000e+01
7.500334382057189941e+01,8.200000000000000000e+01,7.900000000000000000e+01
7.500334382057189941e+01,8.200000000000000000e+01,8.000000000000000000e+01
7.500334382057189941e+01,8.300000000000000000e+01,7.500000000000000000e+01
7.600338840484619141e+01,8.300000000000000000e+01,7.450000000000000000e+01
7.600338840484619141e+01,8.250000000000000000e+01,7.500000000000000000e+01
7.600338840484619141e+01,8.250000000000000000e+01,7.600000000000000000e+01
7.600338840484619141e+01,8.250000000000000000e+01,7.700000000000000000e+01
7.600338840484619141e+01,8.250000000000000000e+01,7.800000000000000000e+01
7.600338840484619141e+01,8.250000000000000000e+01,7.900000000000000000e+01
7.600338840484619141e+01,8.250000000000000000e+01,8.000000000000000000e+01
7.500334382057189941e+01,8.300000000000000000e+01,8.100000000000000000e+01
7.600338840484619141e+01,8.300000000000000000e+01,8.050000000000000000e+01
7.500334382057189941e+01,8.300000000000000000e+01,8.200000000000000000e+01
7.500334382057189941e+01,8.400000000000000000e+01,7.400000000000000000e+01
7.600338840484619141e+01,8.400000000000000000e+01,7.350000000000000000e+01
7.600338840484619141e+01,8.350000000000000000e+01,7.400000000000000000e+01
7.600338840484619141e+01,8.350000000000000000e+01,8.100000000000000000e+01
7.600338840484619141e+01,8.350000000000000000e+01,8.200000000000000000e+01
7.500334382057189941e+01,8.400000000000000000e+01,8.300000000000000000e+01
7.600338840484619141e+01,8.400000000000000000e+01,8.250000000000000000e+01
7.500334382057189941e+01,8.500000000000000000e+01,7.300000000000000000e+01
7.600338840484619141e+01,8.500000000000000000e+01,7.250000000000000000e+01
7.600338840484619141e+01,8.450000000000000000e+01,7.300000000000000000e+01
7.600338840484619141e+01,8.450000000000000000e+01,8.300000000000000000e+01
7.500334382057189941e+01,8.500000000000000000e+01,8.400000000000000000e+01
7.600338840484619141e+01,8.500000000000000000e+01,8.350000000000000000e+01
7.500334382057189941e+01,8.500000000000000000e+01,8.500000000000000000e+01
7.500334382057189941e+01,8.600000000000000000e+01,7.300000000000000000e+01
7.600338840484619141e+01,8.600000000000000000e+01,7.250000000000000000e+01
7.600338840484619141e+01,8.550000000000000000e+01,8.400000000000000000e+01
7.600338840484619141e+01,8.600000000000000000e+01,8.450000000000000000e+01
7.500334382057189941e+01,8.600000000000000000e+01,8.500000000000000000e+01
7.500334382057189941e+01,8.600000000000000000e+01,8.600000000000000000e+01
7.500334382057189941e+01,8.700000000000000000e+01,7.200000000000000000e+01
7.600338840484619141e+01,8.700000000000000000e+01,7.150000000000000000e+01
7.600338840484619141e+01,8.650000000000000000e+01,7.200000000000000000e+01
7.600338840484619141e+01,8.650000000000000000e+01,8.500000000000000000e+01
7.600338840484619141e+01,8.650000000000000000e+01,8.600000000000000000e+01
7.500334382057189941e+01,8.700000000000000000e+01,8.700000000000000000e+01
7.600338840484619141e+01,8.700000000000000000e+01,8.650000000000000000e+01
7.500334382057189941e+01,8.700000000000000000e+01,8.800000000000000000e+01
7.500334382057189941e+01,8.800000000000000000e+01,7.200000000000000000e+01
7.600338840484619141e+01,8.800000000000000000e+01,7.150000000000000000e+01
7.600338840484619141e+01,8.750000000000000000e+01,8.700000000000000000e+01
7.600338840484619141e+01,8.800000000000000000e+01,8.750000000000000000e+01
7.500334382057189941e+01,8.800000000000000000e+01,8.800000000000000000e+01
7.500334382057189941e+01,8.800000000000000000e+01,8.900000000000000000e+01
7.500334382057189941e+01,8.900000000000000000e+01,7.200000000000000000e+01
7.600338840484619141e+01,8.900000000000000000e+01,7.150000000000000000e+01
7.500334382057189941e+01,8.900000000000000000e+01,7.300000000000000000e+01
7.600338840484619141e+01,8.850000000000000000e+01,8.800000000000000000e+01
7.600338840484619141e+01,8.850000000000000000e+01,8.900000000000000000e+01
7.500334382057189941e+01,8.900000000000000000e+01,9.000000000000000000e+01
7.600338840484619141e+01,8.900000000000000000e+01,8.950000000000000000e+01
7.500334382057189941e+01,8.900000000000000000e+01,9.100000000000000000e+01
7.500334382057189941e+01,9.000000000000000000e+01,7.200000000000000000e+01
7.600338840484619141e+01,9.000000000000000000e+01,7.150000000000000000e+01
7.500334382057189941e+01,9.000000000000000000e+01,7.300000000000000000e+01
7.500334382057189941e+01,9.000000000000000000e+01,7.400000000000000000e+01
7.600338840484619141e+01,8.950000000000000000e+01,9.000000000000000000e+01
7.600338840484619141e+01,8.950000000000000000e+01,9.100000000000000000e+01
7.500334382057189941e+01,9.000000000000000000e+01,9.200000000000000000e+01
7.600338840484619141e+01,9.000000000000000000e+01,9.150000000000000000e+01
7.500334382057189941e+01,9.000000000000000000e+01,9.300000000000000000e+01
7.600338840484619141e+01,9.050000000000000000e+01,7.200000000000000000e+01
7.500334382057189941e+01,9.100000000000000000e+01,7.300000000000000000e+01
7.600338840484619141e+01,9.100000000000000000e+01,7.250000000000000000e+01
7.500334382057189941e+01,9.100000000000000000e+01,7.400000000000000000e+01
7.500334382057189941e+01,9.100000000000000000e+01,7.500000000000000000e+01
7.500334382057189941e+01,9.100000000000000000e+01,7.600000000000000000e+01
7.500334382057189941e+01,9.100000000000000000e+01,7.700000000000000000e+01
7.500334382057189941e+01,9.100000000000000000e+01,7.800000000000000000e+01
7.500334382057189941e+01,9.100000000000000000e+01,7.900000000000000000e+01
7.500334382057189941e+01,9.100000000000000000e+01,8.000000000000000000e+01
7.600338840484619141e+01,9.050000000000000000e+01,9.200000000000000000e+01
7.600338840484619141e+01,9.100000000000000000e+01,9.250000000000000000e+01
7.500334382057189941e+01,9.100000000000000000e+01,9.300000000000000000e+01
7.500334382057189941e+01,9.100000000000000000e+01,9.400000000000000000e+01
7.500334382057189941e+01,9.100000000000000000e+01,9.500000000000000000e+01
7.500334382057189941e+01,9.100000000000000000e+01,9.600000000000000000e+01
7.600338840484619141e+01,9.150000000000000000e+01,7.300000000000000000e+01
7.600338840484619141e+01,9.150000000000000000e+01,7.400000000000000000e+01
7.600338840484619141e+01,9.150000000000000000e+01,7.500000000000000000e+01
7.600338840484619141e+01,9.150000000000000000e+01,7.600000000000000000e+01
7.600338840484619141e+01,9.150000000000000000e+01,7.700000000000000000e+01
7.600338840484619141e+01,9.150000000000000000e+01,7.800000000000000000e+01
7.600338840484619141e+01,9.150000000000000000e+01,7.900000000000000000e+01
7.500334382057189941e+01,9.200000000000000000e+01,8.000000000000000000e+01
7.600338840484619141e+01,9.200000000000000000e+01,7.950000000000000000e+01
7.500334382057189941e+01,9.200000000000000000e+01,8.100000000000000000e+01
7.500334382057189941e+01,9.200000000000000000e+01,8.200000000000000000e+01
7.500334382057189941e+01,9.200000000000000000e+01,8.300000000000000000e+01
7.600338840484619141e+01,9.150000000000000000e+01,9.300000000000000000e+01
7.600338840484619141e+01,9.150000000000000000e+01,9.400000000000000000e+01
7.600338840484619141e+01,9.150000000000000000e+01,9.500000000000000000e+01
7.600338840484619141e+01,9.150000000000000000e+01,9.600000000000000000e+01
7.600338840484619141e+01,9.150000000000000000e+01,9.700000000000000000e+01
7.600338840484619141e+01,9.150000000000000000e+01,9.800000000000000000e+01
7.600338840484619141e+01,9.150000000000000000e+01,9.900000000000000000e+01
7.600338840484619141e+01,9.150000000000000000e+01,1.000000000000000000e+02
7.600338840484619141e+01,9.150000000000000000e+01,1.010000000000000000e+02
7.600338840484619141e+01,9.150000000000000000e+01,1.020000000000000000e+02
7.600338840484619141e+01,9.150000000000000000e+01,1.030000000000000000e+02
7.500334382057189941e+01,9.200000000000000000e+01,1.030000000000000000e+02
7.600338840484619141e+01,9.150000000000000000e+01,1.040000000000000000e+02
7.500334382057189941e+01,9.200000000000000000e+01,1.040000000000000000e+02
7.600338840484619141e+01,9.150000000000000000e+01,1.050000000000000000e+02
7.500334382057189941e+01,9.200000000000000000e+01,1.050000000000000000e+02
7.600338840484619141e+01,9.150000000000000000e+01,1.060000000000000000e+02
7.500334382057189941e+01,9.200000000000000000e+01,1.060000000000000000e+02
7.600338840484619141e+01,9.150000000000000000e+01,1.070000000000000000e+02
7.500334382057189941e+01,9.200000000000000000e+01,1.070000000000000000e+02
7.600338840484619141e+01,9.200000000000000000e+01,1.075000000000000000e+02
7.600338840484619141e+01,9.250000000000000000e+01,8.000000000000000000e+01
7.600338840484619141e+01,9.250000000000000000e+01,8.100000000000000000e+01
7.600338840484619141e+01,9.250000000000000000e+01,8.200000000000000000e+01
7.500334382057189941e+01,9.300000000000000000e+01,8.300000000000000000e+01
7.600338840484619141e+01,9.300000000000000000e+01,8.250000000000000000e+01
7.500334382057189941e+01,9.300000000000000000e+01,8.400000000000000000e+01
7.500334382057189941e+01,9.300000000000000000e+01,8.500000000000000000e+01
7.500334382057189941e+01,9.300000000000000000e+01,1.050000000000000000e+02
7.500334382057189941e+01,9.300000000000000000e+01,1.060000000000000000e+02
7.500334382057189941e+01,9.300000000000000000e+01,1.070000000000000000e+02
7.600338840484619141e+01,9.250000000000000000e+01,1.080000000000000000e+02
7.500334382057189941e+01,9.300000000000000000e+01,1.080000000000000000e+02
7.600338840484619141e+01,9.250000000000000000e+01,1.090000000000000000e+02
7.500334382057189941e+01,9.300000000000000000e+01,1.090000000000000000e+02
7.600338840484619141e+01,9.300000000000000000e+01,1.095000000000000000e+02
7.600338840484619141e+01,9.350000000000000000e+01,8.300000000000000000e+01
7.600338840484619141e+01,9.350000000000000000e+01,8.400000000000000000e+01
7.500334382057189941e+01,9.400000000000000000e+01,8.500000000000000000e+01
7.600338840484619141e+01,9.400000000000000000e+01,8.450000000000000000e+01
7.500334382057189941e+01,9.400000000000000000e+01,8.600000000000000000e+01
7.500334382057189941e+01,9.400000000000000000e+01,1.040000000000000000e+02
7.500334382057189941e+01,9.400000000000000000e+01,1.050000000000000000e+02
7.500334382057189941e+01,9.400000000000000000e+01,1.060000000000000000e+02
7.500334382057189941e+01,9.400000000000000000e+01,1.070000000000000000e+02
7.500334382057189941e+01,9.400000000000000000e+01,1.080000000000000000e+02
7.500334382057189941e+01,9.400000000000000000e+01,1.090000000000000000e+02
7.600338840484619141e+01,9.400000000000000000e+01,1.095000000000000000e+02
7.600338840484619141e+01,9.450000000000000000e+01,8.500000000000000000e+01
7.600338840484619141e+01,9.450000000000000000e+01,8.600000000000000000e+01
7.500334382057189941e+01,9.500000000000000000e+01,8.700000000000000000e+01
7.600338840484619141e+01,9.500000000000000000e+01,8.650000000000000000e+01
7.500334382057189941e+01,9.500000000000000000e+01,1.020000000000000000e+02
7.500334382057189941e+01,9.500000000000000000e+01,1.030000000000000000e+02
7.500334382057189941e+01,9.500000000000000000e+01,1.040000000000000000e+02
7.500334382057189941e+01,9.500000000000000000e+01,1.050000000000000000e+02
7.500334382057189941e+01,9.500000000000000000e+01,1.060000000000000000e+02
7.500334382057189941e+01,9.500000000000000000e+01,1.070000000000000000e+02
7.600338840484619141e+01,9.500000000000000000e+01,1.075000000000000000e+02
7.600338840484619141e+01,9.450000000000000000e+01,1.080000000000000000e+02
7.600338840484619141e+01,9.450000000000000000e+01,1.090000000000000000e+02
7.600338840484619141e+01,9.550000000000000000e+01,8.700000000000000000e+01
7.500334382057189941e+01,9.600000000000000000e+01,8.800000000000000000e+01
7.600338840484619141e+01,9.600000000000000000e+01,8.750000000000000000e+01
7.500334382057189941e+01,9.600000000000000000e+01,8.900000000000000000e+01
7.500334382057189941e+01,9.600000000000000000e+01,9.000000000000000000e+01
7.500334382057189941e+01,9.600000000000000000e+01,9.100000000000000000e+01
7.500334382057189941e+01,9.600000000000000000e+01,9.200000000000000000e+01
7.500334382057189941e+01,9.600000000000000000e+01,9.300000000000000000e+01
7.500334382057189941e+01,9.600000000000000000e+01,9.400000000000000000e+01
7.500334382057189941e+01,9.600000000000000000e+01,9.500000000000000000e+01
7.500334382057189941e+01,9.600000000000000000e+01,9.600000000000000000e+01
7.500334382057189941e+01,9.600000000000000000e+01,9.700000000000000000e+01
7.500334382057189941e+01,9.600000000000000000e+01,9.800000000000000000e+01
7.500334382057189941e+01,9.600000000000000000e+01,9.900000000000000000e+01
7.500334382057189941e+01,9.600000000000000000e+01,1.000000000000000000e+02
7.500334382057189941e+01,9.600000000000000000e+01,1.010000000000000000e+02
7.500334382057189941e+01,9.600000000000000000e+01,1.020000000000000000e+02
7.500334382057189941e+01,9.600000000000000000e+01,1.030000000000000000e+02
7.500334382057189941e+01,9.600000000000000000e+01,1.040000000000000000e+02
7.500334382057189941e+01,9.600000000000000000e+01,1.050000000000000000e+02
7.600338840484619141e+01,9.600000000000000000e+01,1.055000000000000000e+02
7.600338840484619141e+01,9.550000000000000000e+01,1.060000000000000000e+02
7.600338840484619141e+01,9.550000000000000000e+01,1.070000000000000000e+02
7.600338840484619141e+01,9.650000000000000000e+01,8.800000000000000000e+01
7.500334382057189941e+01,9.700000000000000000e+01,8.900000000000000000e+01
7.600338840484619141e+01,9.700000000000000000e+01,8.850000000000000000e+01
7.500334382057189941e+01,9.700000000000000000e+01,9.000000000000000000e+01
7.500334382057189941e+01,9.700000000000000000e+01,9.100000000000000000e+01
7.500334382057189941e+01,9.700000000000000000e+01,9.200000000000000000e+01
7.500334382057189941e+01,9.700000000000000000e+01,9.300000000000000000e+01
7.500334382057189941e+01,9.700000000000000000e+01,9.400000000000000000e+01
7.500334382057189941e+01,9.700000000000000000e+01,9.500000000000000000e+01
7.500334382057189941e+01,9.700000000000000000e+01,9.600000000000000000e+01
7.500334382057189941e+01,9.700000000000000000e+01,9.700000000000000000e+01
7.500334382057189941e+01,9.700000000000000000e+01,9.800000000000000000e+01
7.500334382057189941e+01,9.700000000000000000e+01,9.900000000000000000e+01
7.500334382057189941e+01,9.700000000000000000e+01,1.000000000000000000e+02
7.500334382057189941e+01,9.700000000000000000e+01,1.010000000000000000e+02
7.500334382057189941e+01,9.700000000000000000e+01,1.020000000000000000e+02
7.500334382057189941e+01,9.700000000000000000e+01,1.030000000000000000e+02
7.600338840484619141e+01,9.700000000000000000e+01,1.035000000000000000e+02
7.600338840484619141e+01,9.650000000000000000e+01,1.040000000000000000e+02
7.600338840484619141e+01,9.650000000000000000e+01,1.050000000000000000e+02
7.600338840484619141e+01,9.750000000000000000e+01,8.900000000000000000e+01
7.600338840484619141e+01,9.750000000000000000e+01,9.000000000000000000e+01
7.600338840484619141e+01,9.750000000000000000e+01,9.100000000000000000e+01
7.600338840484619141e+01,9.750000000000000000e+01,9.200000000000000000e+01
7.600338840484619141e+01,9.750000000000000000e+01,9.300000000000000000e+01
7.600338840484619141e+01,9.750000000000000000e+01,9.400000000000000000e+01
7.600338840484619141e+01,9.750000000000000000e+01,9.500000000000000000e+01
7.600338840484619141e+01,9.750000000000000000e+01,9.600000000000000000e+01
7.600338840484619141e+01,9.750000000000000000e+01,9.700000000000000000e+01
7.600338840484619141e+01,9.750000000000000000e+01,9.800000000000000000e+01
7.600338840484619141e+01,9.750000000000000000e+01,9.900000000000000000e+01
7.600338840484619141e+01,9.750000000000000000e+01,1.000000000000000000e+02
7.600338840484619141e+01,9.750000000000000000e+01,1.010000000000000000e+02
7.600338840484619141e+01,9.750000000000000000e+01,1.020000000000000000e+02
7.600338840484619141e+01,9.750000000000000000e+01,1.030000000000000000e+02
7.500334382057189941e+01,1.050000000000000000e+02,9.900000000000000000e+01
7.600338840484619141e+01,1.050000000000000000e+02,9.850000000000000000e+01
7.600338840484619141e+01,1.045000000000000000e+02,9.900000000000000000e+01
7.600338840484619141e+01,1.045000000000000000e+02,1.000000000000000000e+02
7.500334382057189941e+01,1.050000000000000000e+02,1.000000000000000000e+02
7.600338840484619141e+01,1.045000000000000000e+02,1.010000000000000000e+02
7.500334382057189941e+01,1.050000000000000000e+02,1.010000000000000000e+02
7.600338840484619141e+01,1.050000000000000000e+02,1.015000000000000000e+02
7.500334382057189941e+01,1.060000000000000000e+02,9.700000000000000000e+01
7.600338840484619141e+01,1.060000000000000000e+02,9.650000000000000000e+01
7.600338840484619141e+01,1.055000000000000000e+02,9.700000000000000000e+01
7.600338840484619141e+01,1.055000000000000000e+02,9.800000000000000000e+01
7.500334382057189941e+01,1.060000000000000000e+02,9.800000000000000000e+01
7.500334382057189941e+01,1.060000000000000000e+02,9.900000000000000000e+01
7.500334382057189941e+01,1.060000000000000000e+02,1.000000000000000000e+02
7.500334382057189941e+01,1.060000000000000000e+02,1.010000000000000000e+02
7.600338840484619141e+01,1.055000000000000000e+02,1.020000000000000000e+02
7.500334382057189941e+01,1.060000000000000000e+02,1.020000000000000000e+02
7.600338840484619141e+01,1.055000000000000000e+02,1.030000000000000000e+02
7.500334382057189941e+01,1.060000000000000000e+02,1.030000000000000000e+02
7.600338840484619141e+01,1.055000000000000000e+02,1.040000000000000000e+02
7.500334382057189941e+01,1.060000000000000000e+02,1.040000000000000000e+02
7.600338840484619141e+01,1.060000000000000000e+02,1.045000000000000000e+02
7.500334382057189941e+01,1.070000000000000000e+02,9.500000000000000000e+01
7.600338840484619141e+01,1.070000000000000000e+02,9.450000000000000000e+01
7.600338840484619141e+01,1.065000000000000000e+02,9.500000000000000000e+01
7.600338840484619141e+01,1.065000000000000000e+02,9.600000000000000000e+01
7.500334382057189941e+01,1.070000000000000000e+02,9.600000000000000000e+01
7.500334382057189941e+01,1.070000000000000000e+02,9.700000000000000000e+01
7.500334382057189941e+01,1.070000000000000000e+02,9.800000000000000000e+01
7.600338840484619141e+01,1.065000000000000000e+02,1.050000000000000000e+02
7.600338840484619141e+01,1.065000000000000000e+02,1.060000000000000000e+02
7.600338840484619141e+01,1.070000000000000000e+02,1.065000000000000000e+02
7.500334382057189941e+01,1.080000000000000000e+02,9.300000000000000000e+01
7.600338840484619141e+01,1.080000000000000000e+02,9.250000000000000000e+01
7.600338840484619141e+01,1.075000000000000000e+02,9.300000000000000000e+01
7.600338840484619141e+01,1.075000000000000000e+02,9.400000000000000000e+01
7.500334382057189941e+01,1.080000000000000000e+02,9.400000000000000000e+01
7.500334382057189941e+01,1.080000000000000000e+02,9.500000000000000000e+01
7.600338840484619141e+01,1.075000000000000000e+02,1.070000000000000000e+02
7.600338840484619141e+01,1.080000000000000000e+02,1.075000000000000000e+02
7.500334382057189941e+01,1.090000000000000000e+02,9.000000000000000000e+01
7.600338840484619141e+01,1.090000000000000000e+02,8.950000000000000000e+01
7.600338840484619141e+01,1.085000000000000000e+02,9.000000000000000000e+01
7.600338840484619141e+01,1.085000000000000000e+02,9.100000000000000000e+01
7.500334382057189941e+01,1.090000000000000000e+02,9.100000000000000000e+01
7.600338840484619141e+01,1.085000000000000000e+02,9.200000000000000000e+01
7.500334382057189941e+01,1.090000000000000000e+02,9.200000000000000000e+01
7.500334382057189941e+01,1.090000000000000000e+02,9.300000000000000000e+01
7.600338840484619141e+01,1.090000000000000000e+02,1.075000000000000000e+02
7.600338840484619141e+01,1.100000000000000000e+02,8.150000000000000000e+01
7.600338840484619141e+01,1.095000000000000000e+02,8.200000000000000000e+01
7.600338840484619141e+01,1.095000000000000000e+02,8.300000000000000000e+01
7.600338840484619141e+01,1.095000000000000000e+02,8.400000000000000000e+01
7.600338840484619141e+01,1.095000000000000000e+02,8.500000000000000000e+01
7.600338840484619141e+01,1.095000000000000000e+02,8.600000000000000000e+01
7.600338840484619141e+01,1.095000000000000000e+02,8.700000000000000000e+01
7.600338840484619141e+01,1.095000000000000000e+02,8.800000000000000000e+01
7.600338840484619141e+01,1.095000000000000000e+02,8.900000000000000000e+01
7.600338840484619141e+01,1.100000000000000000e+02,1.075000000000000000e+02
7.600338840484619141e+01,1.110000000000000000e+02,8.050000000000000000e+01
7.600338840484619141e+01,1.105000000000000000e+02,8.100000000000000000e+01
7.600338840484619141e+01,1.110000000000000000e+02,1.075000000000000000e+02
7.600338840484619141e+01,1.120000000000000000e+02,8.050000000000000000e+01
7.500334382057189941e+01,1.120000000000000000e+02,1.070000000000000000e+02
7.600338840484619141e+01,1.115000000000000000e+02,1.070000000000000000e+02
7.600338840484619141e+01,1.120000000000000000e+02,1.065000000000000000e+02
7.600338840484619141e+01,1.130000000000000000e+02,8.050000000000000000e+01
7.600338840484619141e+01,1.130000000000000000e+02,1.065000000000000000e+02
7.500334382057189941e+01,1.140000000000000000e+02,8.100000000000000000e+01
7.600338840484619141e+01,1.140000000000000000e+02,8.050000000000000000e+01
7.600338840484619141e+01,1.140000000000000000e+02,1.065000000000000000e+02
7.600338840484619141e+01,1.145000000000000000e+02,8.100000000000000000e+01
7.600338840484619141e+01,1.150000000000000000e+02,8.150000000000000000e+01
7.600338840484619141e+01,1.150000000000000000e+02,1.065000000000000000e+02
7.600338840484619141e+01,1.160000000000000000e+02,8.150000000000000000e+01
7.600338840484619141e+01,1.160000000000000000e+02,1.065000000000000000e+02
7.600338840484619141e+01,1.170000000000000000e+02,8.150000000000000000e+01
7.500334382057189941e+01,1.170000000000000000e+02,1.060000000000000000e+02
7.600338840484619141e+01,1.165000000000000000e+02,1.060000000000000000e+02
7.600338840484619141e+01,1.170000000000000000e+02,1.055000000000000000e+02
7.500334382057189941e+01,1.180000000000000000e+02,8.200000000000000000e+01
7.600338840484619141e+01,1.180000000000000000e+02,8.150000000000000000e+01
7.600338840484619141e+01,1.175000000000000000e+02,1.060000000000000000e+02
7.600338840484619141e+01,1.180000000000000000e+02,1.065000000000000000e+02
7.500334382057189941e+01,1.190000000000000000e+02,8.200000000000000000e+01
7.600338840484619141e+01,1.190000000000000000e+02,8.150000000000000000e+01
7.600338840484619141e+01,1.190000000000000000e+02,1.065000000000000000e+02
7.600338840484619141e+01,1.195000000000000000e+02,8.200000000000000000e+01
7.600338840484619141e+01,1.200000000000000000e+02,8.250000000000000000e+01
7.600338840484619141e+01,1.200000000000000000e+02,1.065000000000000000e+02
7.600338840484619141e+01,1.210000000000000000e+02,8.250000000000000000e+01
7.600338840484619141e+01,1.210000000000000000e+02,1.065000000000000000e+02
7.600338840484619141e+01,1.220000000000000000e+02,8.250000000000000000e+01
7.600338840484619141e+01,1.220000000000000000e+02,1.065000000000000000e+02
7.600338840484619141e+01,1.230000000000000000e+02,8.250000000000000000e+01
7.600338840484619141e+01,1.225000000000000000e+02,1.070000000000000000e+02
7.600338840484619141e+01,1.230000000000000000e+02,1.075000000000000000e+02
7.500334382057189941e+01,1.240000000000000000e+02,8.200000000000000000e+01
7.600338840484619141e+01,1.240000000000000000e+02,8.150000000000000000e+01
7.600338840484619141e+01,1.235000000000000000e+02,8.200000000000000000e+01
7.600338840484619141e+01,1.240000000000000000e+02,1.075000000000000000e+02
7.500334382057189941e+01,1.250000000000000000e+02,8.200000000000000000e+01
7.600338840484619141e+01,1.250000000000000000e+02,8.150000000000000000e+01
7.600338840484619141e+01,1.250000000000000000e+02,1.075000000000000000e+02
7.600338840484619141e+01,1.260000000000000000e+02,8.150000000000000000e+01
7.600338840484619141e+01,1.255000000000000000e+02,1.080000000000000000e+02
7.500334382057189941e+01,1.260000000000000000e+02,1.080000000000000000e+02
7.600338840484619141e+01,1.260000000000000000e+02,1.085000000000000000e+02
7.600338840484619141e+01,1.270000000000000000e+02,8.150000000000000000e+01
7.600338840484619141e+01,1.270000000000000000e+02,1.085000000000000000e+02
7.600338840484619141e+01,1.280000000000000000e+02,8.150000000000000000e+01
7.600338840484619141e+01,1.280000000000000000e+02,1.085000000000000000e+02
7.600338840484619141e+01,1.290000000000000000e+02,8.150000000000000000e+01
7.600338840484619141e+01,1.290000000000000000e+02,1.085000000000000000e+02
7.600338840484619141e+01,1.300000000000000000e+02,8.150000000000000000e+01
7.600338840484619141e+01,1.295000000000000000e+02,1.090000000000000000e+02
7.500334382057189941e+01,1.300000000000000000e+02,1.090000000000000000e+02
7.600338840484619141e+01,1.300000000000000000e+02,1.095000000000000000e+02
7.500334382057189941e+01,1.310000000000000000e+02,8.100000000000000000e+01
7.600338840484619141e+01,1.310000000000000000e+02,8.050000000000000000e+01
7.600338840484619141e+01,1.305000000000000000e+02,8.100000000000000000e+01
7.600338840484619141e+01,1.310000000000000000e+02,1.095000000000000000e+02
7.600338840484619141e+01,1.320000000000000000e+02,8.050000000000000000e+01
7.600338840484619141e+01,1.320000000000000000e+02,1.095000000000000000e+02
7.600338840484619141e+01,1.330000000000000000e+02,8.050000000000000000e+01
7.600338840484619141e+01,1.330000000000000000e+02,1.095000000000000000e+02
7.600338840484619141e+01,1.340000000000000000e+02,8.050000000000000000e+01
7.600338840484619141e+01,1.340000000000000000e+02,1.095000000000000000e+02
7.600338840484619141e+01,1.350000000000000000e+02,8.050000000000000000e+01
7.600338840484619141e+01,1.350000000000000000e+02,1.095000000000000000e+02
7.600338840484619141e+01,1.360000000000000000e+02,8.050000000000000000e+01
7.600338840484619141e+01,1.360000000000000000e+02,1.095000000000000000e+02
7.600338840484619141e+01,1.370000000000000000e+02,8.050000000000000000e+01
7.500334382057189941e+01,1.370000000000000000e+02,9.200000000000000000e+01
7.600338840484619141e+01,1.365000000000000000e+02,9.200000000000000000e+01
7.600338840484619141e+01,1.370000000000000000e+02,9.150000000000000000e+01
7.500334382057189941e+01,1.370000000000000000e+02,9.300000000000000000e+01
7.600338840484619141e+01,1.365000000000000000e+02,9.300000000000000000e+01
7.500334382057189941e+01,1.370000000000000000e+02,9.400000000000000000e+01
7.600338840484619141e+01,1.365000000000000000e+02,9.400000000000000000e+01
7.500334382057189941e+01,1.370000000000000000e+02,9.500000000000000000e+01
7.600338840484619141e+01,1.365000000000000000e+02,9.500000000000000000e+01
7.500334382057189941e+01,1.370000000000000000e+02,9.600000000000000000e+01
7.600338840484619141e+01,1.365000000000000000e+02,9.600000000000000000e+01
7.500334382057189941e+01,1.370000000000000000e+02,9.700000000000000000e+01
7.600338840484619141e+01,1.365000000000000000e+02,9.700000000000000000e+01
7.500334382057189941e+01,1.370000000000000000e+02,9.800000000000000000e+01
7.600338840484619141e+01,1.365000000000000000e+02,9.800000000000000000e+01
7.500334382057189941e+01,1.370000000000000000e+02,9.900000000000000000e+01
7.600338840484619141e+01,1.365000000000000000e+02,9.900000000000000000e+01
7.500334382057189941e+01,1.370000000000000000e+02,1.000000000000000000e+02
7.600338840484619141e+01,1.365000000000000000e+02,1.000000000000000000e+02
7.500334382057189941e+01,1.370000000000000000e+02,1.010000000000000000e+02
7.600338840484619141e+01,1.365000000000000000e+02,1.010000000000000000e+02
7.500334382057189941e+01,1.370000000000000000e+02,1.020000000000000000e+02
7.600338840484619141e+01,1.365000000000000000e+02,1.020000000000000000e+02
7.500334382057189941e+01,1.370000000000000000e+02,1.030000000000000000e+02
7.600338840484619141e+01,1.365000000000000000e+02,1.030000000000000000e+02
7.600338840484619141e+01,1.370000000000000000e+02,1.035000000000000000e+02
7.600338840484619141e+01,1.370000000000000000e+02,1.095000000000000000e+02
7.600338840484619141e+01,1.380000000000000000e+02,8.050000000000000000e+01
7.500334382057189941e+01,1.380000000000000000e+02,8.800000000000000000e+01
7.600338840484619141e+01,1.375000000000000000e+02,8.800000000000000000e+01
7.600338840484619141e+01,1.380000000000000000e+02,8.750000000000000000e+01
7.500334382057189941e+01,1.380000000000000000e+02,8.900000000000000000e+01
7.600338840484619141e+01,1.375000000000000000e+02,8.900000000000000000e+01
7.500334382057189941e+01,1.380000000000000000e+02,9.000000000000000000e+01
7.600338840484619141e+01,1.375000000000000000e+02,9.000000000000000000e+01
7.500334382057189941e+01,1.380000000000000000e+02,9.100000000000000000e+01
7.600338840484619141e+01,1.375000000000000000e+02,9.100000000000000000e+01
7.500334382057189941e+01,1.380000000000000000e+02,9.200000000000000000e+01
7.500334382057189941e+01,1.380000000000000000e+02,9.300000000000000000e+01
7.500334382057189941e+01,1.380000000000000000e+02,9.400000000000000000e+01
7.500334382057189941e+01,1.380000000000000000e+02,9.500000000000000000e+01
7.500334382057189941e+01,1.380000000000000000e+02,9.600000000000000000e+01
7.500334382057189941e+01,1.380000000000000000e+02,9.700000000000000000e+01
7.500334382057189941e+01,1.380000000000000000e+02,9.800000000000000000e+01
7.500334382057189941e+01,1.380000000000000000e+02,1.030000000000000000e+02
7.600338840484619141e+01,1.375000000000000000e+02,1.040000000000000000e+02
7.500334382057189941e+01,1.380000000000000000e+02,1.040000000000000000e+02
7.500334382057189941e+01,1.380000000000000000e+02,1.050000000000000000e+02
7.600338840484619141e+01,1.375000000000000000e+02,1.050000000000000000e+02
7.600338840484619141e+01,1.380000000000000000e+02,1.055000000000000000e+02
7.500334382057189941e+01,1.380000000000000000e+02,1.090000000000000000e+02
7.600338840484619141e+01,1.375000000000000000e+02,1.090000000000000000e+02
7.600338840484619141e+01,1.380000000000000000e+02,1.085000000000000000e+02
7.600338840484619141e+01,1.385000000000000000e+02,8.100000000000000000e+01
7.500334382057189941e+01,1.390000000000000000e+02,8.100000000000000000e+01
7.600338840484619141e+01,1.390000000000000000e+02,8.150000000000000000e+01
7.500334382057189941e+01,1.390000000000000000e+02,8.500000000000000000e+01
7.600338840484619141e+01,1.385000000000000000e+02,8.500000000000000000e+01
7.600338840484619141e+01,1.390000000000000000e+02,8.450000000000000000e+01
7.500334382057189941e+01,1.390000000000000000e+02,8.600000000000000000e+01
7.600338840484619141e+01,1.385000000000000000e+02,8.600000000000000000e+01
7.500334382057189941e+01,1.390000000000000000e+02,8.700000000000000000e+01
7.600338840484619141e+01,1.385000000000000000e+02,8.700000000000000000e+01
7.500334382057189941e+01,1.390000000000000000e+02,1.060000000000000000e+02
7.600338840484619141e+01,1.385000000000000000e+02,1.060000000000000000e+02
7.500334382057189941e+01,1.390000000000000000e+02,1.070000000000000000e+02
7.600338840484619141e+01,1.385000000000000000e+02,1.070000000000000000e+02
7.500334382057189941e+01,1.390000000000000000e+02,1.080000000000000000e+02
7.600338840484619141e+01,1.385000000000000000e+02,1.080000000000000000e+02
7.500334382057189941e+01,1.400000000000000000e+02,8.200000000000000000e+01
7.600338840484619141e+01,1.395000000000000000e+02,8.200000000000000000e+01
7.500334382057189941e+01,1.400000000000000000e+02,8.300000000000000000e+01
7.600338840484619141e+01,1.395000000000000000e+02,8.300000000000000000e+01
7.500334382057189941e+01,1.400000000000000000e+02,8.400000000000000000e+01
7.600338840484619141e+01,1.395000000000000000e+02,8.400000000000000000e+01
7.700343298912048340e+01,8.300000000000000000e+01,7.500000000000000000e+01
7.700343298912048340e+01,8.300000000000000000e+01,7.600000000000000000e+01
7.700343298912048340e+01,8.300000000000000000e+01,7.700000000000000000e+01
7.700343298912048340e+01,8.300000000000000000e+01,7.800000000000000000e+01
7.700343298912048340e+01,8.300000000000000000e+01,7.900000000000000000e+01
7.700343298912048340e+01,8.300000000000000000e+01,8.000000000000000000e+01
7.800347757339477539e+01,8.400000000000000000e+01,7.350000000000000000e+01
7.800347757339477539e+01,8.350000000000000000e+01,7.400000000000000000e+01
7.800347757339477539e+01,8.350000000000000000e+01,7.500000000000000000e+01
7.800347757339477539e+01,8.350000000000000000e+01,7.600000000000000000e+01
7.800347757339477539e+01,8.350000000000000000e+01,7.700000000000000000e+01
7.800347757339477539e+01,8.350000000000000000e+01,7.800000000000000000e+01
7.800347757339477539e+01,8.350000000000000000e+01,7.900000000000000000e+01
7.800347757339477539e+01,8.350000000000000000e+01,8.000000000000000000e+01
7.700343298912048340e+01,8.400000000000000000e+01,8.100000000000000000e+01
7.800347757339477539e+01,8.400000000000000000e+01,8.050000000000000000e+01
7.700343298912048340e+01,8.400000000000000000e+01,8.200000000000000000e+01
7.800347757339477539e+01,8.500000000000000000e+01,7.250000000000000000e+01
7.800347757339477539e+01,8.450000000000000000e+01,7.300000000000000000e+01
7.800347757339477539e+01,8.450000000000000000e+01,8.100000000000000000e+01
7.800347757339477539e+01,8.450000000000000000e+01,8.200000000000000000e+01
7.700343298912048340e+01,8.500000000000000000e+01,8.300000000000000000e+01
7.800347757339477539e+01,8.500000000000000000e+01,8.250000000000000000e+01
7.700343298912048340e+01,8.600000000000000000e+01,7.200000000000000000e+01
7.800347757339477539e+01,8.600000000000000000e+01,7.150000000000000000e+01
7.800347757339477539e+01,8.550000000000000000e+01,7.200000000000000000e+01
7.800347757339477539e+01,8.550000000000000000e+01,8.300000000000000000e+01
7.800347757339477539e+01,8.550000000000000000e+01,8.400000000000000000e+01
7.800347757339477539e+01,8.600000000000000000e+01,8.450000000000000000e+01
7.800347757339477539e+01,8.700000000000000000e+01,7.150000000000000000e+01
7.800347757339477539e+01,8.650000000000000000e+01,8.500000000000000000e+01
7.700343298912048340e+01,8.700000000000000000e+01,8.600000000000000000e+01
7.800347757339477539e+01,8.700000000000000000e+01,8.550000000000000000e+01
7.700343298912048340e+01,8.800000000000000000e+01,7.100000000000000000e+01
7.800347757339477539e+01,8.800000000000000000e+01,7.050000000000000000e+01
7.800347757339477539e+01,8.750000000000000000e+01,7.100000000000000000e+01
7.800347757339477539e+01,8.750000000000000000e+01,8.600000000000000000e+01
7.800347757339477539e+01,8.750000000000000000e+01,8.700000000000000000e+01
7.800347757339477539e+01,8.800000000000000000e+01,8.750000000000000000e+01
7.700343298912048340e+01,8.900000000000000000e+01,7.100000000000000000e+01
7.800347757339477539e+01,8.900000000000000000e+01,7.050000000000000000e+01
7.800347757339477539e+01,8.850000000000000000e+01,8.800000000000000000e+01
7.800347757339477539e+01,8.850000000000000000e+01,8.900000000000000000e+01
7.800347757339477539e+01,8.900000000000000000e+01,8.950000000000000000e+01
7.700343298912048340e+01,9.000000000000000000e+01,7.000000000000000000e+01
7.800347757339477539e+01,9.000000000000000000e+01,6.950000000000000000e+01
7.800347757339477539e+01,8.950000000000000000e+01,7.000000000000000000e+01
7.700343298912048340e+01,9.000000000000000000e+01,7.100000000000000000e+01
7.800347757339477539e+01,8.950000000000000000e+01,9.000000000000000000e+01
7.800347757339477539e+01,8.950000000000000000e+01,9.100000000000000000e+01
7.800347757339477539e+01,9.000000000000000000e+01,9.150000000000000000e+01
7.800347757339477539e+01,9.050000000000000000e+01,7.000000000000000000e+01
7.700343298912048340e+01,9.100000000000000000e+01,7.100000000000000000e+01
7.800347757339477539e+01,9.100000000000000000e+01,7.050000000000000000e+01
7.700343298912048340e+01,9.100000000000000000e+01,7.200000000000000000e+01
7.800347757339477539e+01,9.050000000000000000e+01,9.200000000000000000e+01
7.800347757339477539e+01,9.100000000000000000e+01,9.250000000000000000e+01
7.700343298912048340e+01,9.100000000000000000e+01,1.030000000000000000e+02
7.800347757339477539e+01,9.100000000000000000e+01,1.025000000000000000e+02
7.800347757339477539e+01,9.050000000000000000e+01,1.030000000000000000e+02
7.800347757339477539e+01,9.050000000000000000e+01,1.040000000000000000e+02
7.700343298912048340e+01,9.100000000000000000e+01,1.040000000000000000e+02
7.800347757339477539e+01,9.050000000000000000e+01,1.050000000000000000e+02
7.700343298912048340e+01,9.100000000000000000e+01,1.050000000000000000e+02
7.800347757339477539e+01,9.050000000000000000e+01,1.060000000000000000e+02
7.700343298912048340e+01,9.100000000000000000e+01,1.060000000000000000e+02
7.800347757339477539e+01,9.050000000000000000e+01,1.070000000000000000e+02
7.700343298912048340e+01,9.100000000000000000e+01,1.070000000000000000e+02
7.800347757339477539e+01,9.100000000000000000e+01,1.075000000000000000e+02
7.800347757339477539e+01,9.150000000000000000e+01,7.100000000000000000e+01
7.700343298912048340e+01,9.200000000000000000e+01,7.200000000000000000e+01
7.800347757339477539e+01,9.200000000000000000e+01,7.150000000000000000e+01
7.700343298912048340e+01,9.200000000000000000e+01,7.300000000000000000e+01
7.700343298912048340e+01,9.200000000000000000e+01,7.400000000000000000e+01
7.700343298912048340e+01,9.200000000000000000e+01,7.500000000000000000e+01
7.700343298912048340e+01,9.200000000000000000e+01,7.600000000000000000e+01
7.700343298912048340e+01,9.200000000000000000e+01,7.700000000000000000e+01
7.700343298912048340e+01,9.200000000000000000e+01,7.800000000000000000e+01
7.700343298912048340e+01,9.200000000000000000e+01,7.900000000000000000e+01
7.800347757339477539e+01,9.150000000000000000e+01,9.300000000000000000e+01
7.800347757339477539e+01,9.150000000000000000e+01,9.400000000000000000e+01
7.800347757339477539e+01,9.150000000000000000e+01,9.500000000000000000e+01
7.800347757339477539e+01,9.150000000000000000e+01,9.600000000000000000e+01
7.800347757339477539e+01,9.150000000000000000e+01,9.700000000000000000e+01
7.800347757339477539e+01,9.150000000000000000e+01,9.800000000000000000e+01
7.800347757339477539e+01,9.150000000000000000e+01,9.900000000000000000e+01
7.800347757339477539e+01,9.150000000000000000e+01,1.000000000000000000e+02
7.800347757339477539e+01,9.150000000000000000e+01,1.010000000000000000e+02
7.800347757339477539e+01,9.150000000000000000e+01,1.020000000000000000e+02
7.800347757339477539e+01,9.150000000000000000e+01,1.080000000000000000e+02
7.700343298912048340e+01,9.200000000000000000e+01,1.080000000000000000e+02
7.800347757339477539e+01,9.150000000000000000e+01,1.090000000000000000e+02
7.700343298912048340e+01,9.200000000000000000e+01,1.090000000000000000e+02
7.800347757339477539e+01,9.150000000000000000e+01,1.100000000000000000e+02
7.700343298912048340e+01,9.200000000000000000e+01,1.100000000000000000e+02
7.800347757339477539e+01,9.200000000000000000e+01,1.105000000000000000e+02
7.800347757339477539e+01,9.250000000000000000e+01,7.200000000000000000e+01
7.800347757339477539e+01,9.250000000000000000e+01,7.300000000000000000e+01
7.800347757339477539e+01,9.250000000000000000e+01,7.400000000000000000e+01
7.700343298912048340e+01,9.300000000000000000e+01,7.500000000000000000e+01
7.800347757339477539e+01,9.300000000000000000e+01,7.450000000000000000e+01
7.700343298912048340e+01,9.300000000000000000e+01,7.600000000000000000e+01
7.700343298912048340e+01,9.300000000000000000e+01,7.700000000000000000e+01
7.700343298912048340e+01,9.300000000000000000e+01,7.800000000000000000e+01
7.700343298912048340e+01,9.300000000000000000e+01,7.900000000000000000e+01
7.700343298912048340e+01,9.300000000000000000e+01,8.000000000000000000e+01
7.700343298912048340e+01,9.300000000000000000e+01,8.100000000000000000e+01
7.700343298912048340e+01,9.300000000000000000e+01,8.200000000000000000e+01
7.700343298912048340e+01,9.300000000000000000e+01,1.100000000000000000e+02
7.800347757339477539e+01,9.250000000000000000e+01,1.110000000000000000e+02
7.700343298912048340e+01,9.300000000000000000e+01,1.110000000000000000e+02
7.800347757339477539e+01,9.300000000000000000e+01,1.115000000000000000e+02
7.800347757339477539e+01,9.350000000000000000e+01,7.500000000000000000e+01
7.800347757339477539e+01,9.350000000000000000e+01,7.600000000000000000e+01
7.700343298912048340e+01,9.400000000000000000e+01,7.700000000000000000e+01
7.800347757339477539e+01,9.400000000000000000e+01,7.650000000000000000e+01
7.700343298912048340e+01,9.400000000000000000e+01,7.800000000000000000e+01
7.700343298912048340e+01,9.400000000000000000e+01,7.900000000000000000e+01
7.700343298912048340e+01,9.400000000000000000e+01,8.000000000000000000e+01
7.700343298912048340e+01,9.400000000000000000e+01,8.100000000000000000e+01
7.700343298912048340e+01,9.400000000000000000e+01,8.200000000000000000e+01
7.700343298912048340e+01,9.400000000000000000e+01,8.300000000000000000e+01
7.700343298912048340e+01,9.400000000000000000e+01,8.400000000000000000e+01
7.700343298912048340e+01,9.400000000000000000e+01,1.100000000000000000e+02
7.800347757339477539e+01,9.400000000000000000e+01,1.105000000000000000e+02
7.800347757339477539e+01,9.350000000000000000e+01,1.110000000000000000e+02
7.800347757339477539e+01,9.450000000000000000e+01,7.700000000000000000e+01
7.800347757339477539e+01,9.450000000000000000e+01,7.800000000000000000e+01
7.800347757339477539e+01,9.450000000000000000e+01,7.900000000000000000e+01
7.800347757339477539e+01,9.450000000000000000e+01,8.000000000000000000e+01
7.800347757339477539e+01,9.450000000000000000e+01,8.100000000000000000e+01
7.800347757339477539e+01,9.450000000000000000e+01,8.200000000000000000e+01
7.800347757339477539e+01,9.450000000000000000e+01,8.300000000000000000e+01
7.800347757339477539e+01,9.450000000000000000e+01,8.400000000000000000e+01
7.700343298912048340e+01,9.500000000000000000e+01,8.500000000000000000e+01
7.800347757339477539e+01,9.500000000000000000e+01,8.450000000000000000e+01
7.700343298912048340e+01,9.500000000000000000e+01,8.600000000000000000e+01
7.700343298912048340e+01,9.500000000000000000e+01,1.080000000000000000e+02
7.700343298912048340e+01,9.500000000000000000e+01,1.090000000000000000e+02
7.800347757339477539e+01,9.500000000000000000e+01,1.095000000000000000e+02
7.800347757339477539e+01,9.450000000000000000e+01,1.100000000000000000e+02
7.800347757339477539e+01,9.550000000000000000e+01,8.500000000000000000e+01
7.700343298912048340e+01,9.600000000000000000e+01,8.600000000000000000e+01
7.800347757339477539e+01,9.600000000000000000e+01,8.550000000000000000e+01
7.700343298912048340e+01,9.600000000000000000e+01,8.700000000000000000e+01
7.700343298912048340e+01,9.600000000000000000e+01,1.060000000000000000e+02
7.700343298912048340e+01,9.600000000000000000e+01,1.070000000000000000e+02
7.700343298912048340e+01,9.600000000000000000e+01,1.080000000000000000e+02
7.800347757339477539e+01,9.600000000000000000e+01,1.085000000000000000e+02
7.800347757339477539e+01,9.550000000000000000e+01,1.090000000000000000e+02
7.800347757339477539e+01,9.650000000000000000e+01,8.600000000000000000e+01
7.800347757339477539e+01,9.650000000000000000e+01,8.700000000000000000e+01
7.700343298912048340e+01,9.700000000000000000e+01,8.800000000000000000e+01
7.800347757339477539e+01,9.700000000000000000e+01,8.750000000000000000e+01
7.700343298912048340e+01,9.700000000000000000e+01,1.040000000000000000e+02
7.700343298912048340e+01,9.700000000000000000e+01,1.050000000000000000e+02
7.700343298912048340e+01,9.700000000000000000e+01,1.060000000000000000e+02
7.700343298912048340e+01,9.700000000000000000e+01,1.070000000000000000e+02
7.800347757339477539e+01,9.700000000000000000e+01,1.075000000000000000e+02
7.800347757339477539e+01,9.650000000000000000e+01,1.080000000000000000e+02
7.800347757339477539e+01,9.750000000000000000e+01,8.800000000000000000e+01
7.700343298912048340e+01,9.800000000000000000e+01,8.900000000000000000e+01
7.800347757339477539e+01,9.800000000000000000e+01,8.850000000000000000e+01
7.700343298912048340e+01,9.800000000000000000e+01,9.000000000000000000e+01
7.700343298912048340e+01,9.800000000000000000e+01,9.100000000000000000e+01
7.700343298912048340e+01,9.800000000000000000e+01,9.200000000000000000e+01
7.700343298912048340e+01,9.800000000000000000e+01,9.300000000000000000e+01
7.700343298912048340e+01,9.800000000000000000e+01,9.400000000000000000e+01
7.700343298912048340e+01,9.800000000000000000e+01,9.500000000000000000e+01
7.700343298912048340e+01,9.800000000000000000e+01,9.600000000000000000e+01
7.700343298912048340e+01,9.800000000000000000e+01,9.700000000000000000e+01
7.700343298912048340e+01,9.800000000000000000e+01,9.800000000000000000e+01
7.700343298912048340e+01,9.800000000000000000e+01,9.900000000000000000e+01
7.700343298912048340e+01,9.800000000000000000e+01,1.000000000000000000e+02
7.700343298912048340e+01,9.800000000000000000e+01,1.010000000000000000e+02
7.700343298912048340e+01,9.800000000000000000e+01,1.020000000000000000e+02
7.700343298912048340e+01,9.800000000000000000e+01,1.030000000000000000e+02
7.700343298912048340e+01,9.800000000000000000e+01,1.040000000000000000e+02
7.700343298912048340e+01,9.800000000000000000e+01,1.050000000000000000e+02
7.700343298912048340e+01,9.800000000000000000e+01,1.060000000000000000e+02
7.800347757339477539e+01,9.800000000000000000e+01,1.065000000000000000e+02
7.800347757339477539e+01,9.750000000000000000e+01,1.070000000000000000e+02
7.800347757339477539e+01,9.850000000000000000e+01,8.900000000000000000e+01
7.800347757339477539e+01,9.850000000000000000e+01,9.000000000000000000e+01
7.700343298912048340e+01,9.900000000000000000e+01,9.100000000000000000e+01
7.800347757339477539e+01,9.900000000000000000e+01,9.050000000000000000e+01
7.700343298912048340e+01,9.900000000000000000e+01,9.200000000000000000e+01
7.700343298912048340e+01,9.900000000000000000e+01,9.300000000000000000e+01
7.700343298912048340e+01,9.900000000000000000e+01,9.400000000000000000e+01
7.700343298912048340e+01,9.900000000000000000e+01,9.500000000000000000e+01
7.700343298912048340e+01,9.900000000000000000e+01,9.600000000000000000e+01
7.700343298912048340e+01,9.900000000000000000e+01,9.700000000000000000e+01
7.700343298912048340e+01,9.900000000000000000e+01,9.800000000000000000e+01
7.700343298912048340e+01,9.900000000000000000e+01,9.900000000000000000e+01
7.700343298912048340e+01,9.900000000000000000e+01,1.000000000000000000e+02
7.700343298912048340e+01,9.900000000000000000e+01,1.010000000000000000e+02
7.700343298912048340e+01,9.900000000000000000e+01,1.020000000000000000e+02
7.700343298912048340e+01,9.900000000000000000e+01,1.030000000000000000e+02
7.700343298912048340e+01,9.900000000000000000e+01,1.040000000000000000e+02
7.800347757339477539e+01,9.900000000000000000e+01,1.045000000000000000e+02
7.800347757339477539e+01,9.850000000000000000e+01,1.050000000000000000e+02
7.800347757339477539e+01,9.850000000000000000e+01,1.060000000000000000e+02
7.800347757339477539e+01,9.950000000000000000e+01,9.100000000000000000e+01
7.800347757339477539e+01,9.950000000000000000e+01,9.200000000000000000e+01
7.800347757339477539e+01,9.950000000000000000e+01,9.300000000000000000e+01
7.700343298912048340e+01,1.000000000000000000e+02,9.400000000000000000e+01
7.800347757339477539e+01,1.000000000000000000e+02,9.350000000000000000e+01
7.700343298912048340e+01,1.000000000000000000e+02,9.500000000000000000e+01
7.700343298912048340e+01,1.000000000000000000e+02,9.600000000000000000e+01
7.700343298912048340e+01,1.000000000000000000e+02,9.700000000000000000e+01
7.700343298912048340e+01,1.000000000000000000e+02,9.800000000000000000e+01
7.700343298912048340e+01,1.000000000000000000e+02,9.900000000000000000e+01
7.700343298912048340e+01,1.000000000000000000e+02,1.000000000000000000e+02
7.700343298912048340e+01,1.000000000000000000e+02,1.010000000000000000e+02
7.700343298912048340e+01,1.000000000000000000e+02,1.020000000000000000e+02
7.700343298912048340e+01,1.000000000000000000e+02,1.030000000000000000e+02
7.800347757339477539e+01,1.000000000000000000e+02,1.035000000000000000e+02
7.800347757339477539e+01,9.950000000000000000e+01,1.040000000000000000e+02
7.800347757339477539e+01,1.005000000000000000e+02,9.400000000000000000e+01
7.800347757339477539e+01,1.005000000000000000e+02,9.500000000000000000e+01
7.700343298912048340e+01,1.010000000000000000e+02,9.600000000000000000e+01
7.800347757339477539e+01,1.010000000000000000e+02,9.550000000000000000e+01
7.700343298912048340e+01,1.010000000000000000e+02,9.700000000000000000e+01
7.700343298912048340e+01,1.010000000000000000e+02,9.800000000000000000e+01
7.700343298912048340e+01,1.010000000000000000e+02,9.900000000000000000e+01
7.700343298912048340e+01,1.010000000000000000e+02,1.000000000000000000e+02
7.700343298912048340e+01,1.010000000000000000e+02,1.010000000000000000e+02
7.700343298912048340e+01,1.010000000000000000e+02,1.020000000000000000e+02
7.800347757339477539e+01,1.010000000000000000e+02,1.025000000000000000e+02
7.800347757339477539e+01,1.005000000000000000e+02,1.030000000000000000e+02
7.700343298912048340e+01,1.020000000000000000e+02,9.600000000000000000e+01
7.800347757339477539e+01,1.020000000000000000e+02,9.550000000000000000e+01
7.700343298912048340e+01,1.020000000000000000e+02,9.700000000000000000e+01
7.700343298912048340e+01,1.020000000000000000e+02,9.800000000000000000e+01
7.700343298912048340e+01,1.020000000000000000e+02,9.900000000000000000e+01
7.700343298912048340e+01,1.020000000000000000e+02,1.000000000000000000e+02
7.700343298912048340e+01,1.020000000000000000e+02,1.010000000000000000e+02
7.700343298912048340e+01,1.020000000000000000e+02,1.020000000000000000e+02
7.800347757339477539e+01,1.020000000000000000e+02,1.025000000000000000e+02
7.700343298912048340e+01,1.030000000000000000e+02,9.600000000000000000e+01
7.800347757339477539e+01,1.030000000000000000e+02,9.550000000000000000e+01
7.700343298912048340e+01,1.030000000000000000e+02,9.700000000000000000e+01
7.700343298912048340e+01,1.030000000000000000e+02,9.800000000000000000e+01
7.700343298912048340e+01,1.030000000000000000e+02,9.900000000000000000e+01
7.700343298912048340e+01,1.030000000000000000e+02,1.000000000000000000e+02
7.700343298912048340e+01,1.030000000000000000e+02,1.010000000000000000e+02
7.700343298912048340e+01,1.030000000000000000e+02,1.020000000000000000e+02
7.800347757339477539e+01,1.030000000000000000e+02,1.025000000000000000e+02
7.700343298912048340e+01,1.040000000000000000e+02,9.600000000000000000e+01
7.800347757339477539e+01,1.040000000000000000e+02,9.550000000000000000e+01
7.700343298912048340e+01,1.040000000000000000e+02,9.700000000000000000e+01
7.700343298912048340e+01,1.040000000000000000e+02,9.800000000000000000e+01
7.700343298912048340e+01,1.040000000000000000e+02,9.900000000000000000e+01
7.700343298912048340e+01,1.040000000000000000e+02,1.000000000000000000e+02
7.700343298912048340e+01,1.040000000000000000e+02,1.010000000000000000e+02
7.700343298912048340e+01,1.040000000000000000e+02,1.020000000000000000e+02
7.800347757339477539e+01,1.035000000000000000e+02,1.030000000000000000e+02
7.700343298912048340e+01,1.040000000000000000e+02,1.030000000000000000e+02
7.800347757339477539e+01,1.040000000000000000e+02,1.035000000000000000e+02
7.700343298912048340e+01,1.050000000000000000e+02,9.500000000000000000e+01
7.800347757339477539e+01,1.050000000000000000e+02,9.450000000000000000e+01
7.800347757339477539e+01,1.045000000000000000e+02,9.500000000000000000e+01
7.700343298912048340e+01,1.050000000000000000e+02,9.600000000000000000e+01
7.700343298912048340e+01,1.050000000000000000e+02,9.700000000000000000e+01
7.700343298912048340e+01,1.050000000000000000e+02,9.800000000000000000e+01
7.700343298912048340e+01,1.050000000000000000e+02,1.020000000000000000e+02
7.700343298912048340e+01,1.050000000000000000e+02,1.030000000000000000e+02
7.800347757339477539e+01,1.050000000000000000e+02,1.035000000000000000e+02
7.700343298912048340e+01,1.060000000000000000e+02,9.400000000000000000e+01
7.800347757339477539e+01,1.060000000000000000e+02,9.350000000000000000e+01
7.800347757339477539e+01,1.055000000000000000e+02,9.400000000000000000e+01
7.700343298912048340e+01,1.060000000000000000e+02,9.500000000000000000e+01
7.700343298912048340e+01,1.060000000000000000e+02,9.600000000000000000e+01
7.800347757339477539e+01,1.055000000000000000e+02,1.040000000000000000e+02
7.800347757339477539e+01,1.060000000000000000e+02,1.045000000000000000e+02
7.700343298912048340e+01,1.070000000000000000e+02,9.300000000000000000e+01
7.800347757339477539e+01,1.070000000000000000e+02,9.250000000000000000e+01
7.800347757339477539e+01,1.065000000000000000e+02,9.300000000000000000e+01
7.700343298912048340e+01,1.070000000000000000e+02,9.400000000000000000e+01
7.800347757339477539e+01,1.065000000000000000e+02,1.050000000000000000e+02
7.700343298912048340e+01,1.070000000000000000e+02,1.060000000000000000e+02
7.800347757339477539e+01,1.070000000000000000e+02,1.055000000000000000e+02
7.700343298912048340e+01,1.080000000000000000e+02,9.200000000000000000e+01
7.800347757339477539e+01,1.080000000000000000e+02,9.150000000000000000e+01
7.800347757339477539e+01,1.075000000000000000e+02,9.200000000000000000e+01
7.800347757339477539e+01,1.075000000000000000e+02,1.060000000000000000e+02
7.700343298912048340e+01,1.080000000000000000e+02,1.070000000000000000e+02
7.800347757339477539e+01,1.080000000000000000e+02,1.065000000000000000e+02
7.700343298912048340e+01,1.090000000000000000e+02,8.900000000000000000e+01
7.800347757339477539e+01,1.090000000000000000e+02,8.850000000000000000e+01
7.800347757339477539e+01,1.085000000000000000e+02,8.900000000000000000e+01
7.800347757339477539e+01,1.085000000000000000e+02,9.000000000000000000e+01
7.800347757339477539e+01,1.085000000000000000e+02,9.100000000000000000e+01
7.800347757339477539e+01,1.085000000000000000e+02,1.070000000000000000e+02
7.800347757339477539e+01,1.090000000000000000e+02,1.075000000000000000e+02
7.800347757339477539e+01,1.100000000000000000e+02,8.150000000000000000e+01
7.800347757339477539e+01,1.095000000000000000e+02,8.200000000000000000e+01
7.800347757339477539e+01,1.095000000000000000e+02,8.300000000000000000e+01
7.800347757339477539e+01,1.095000000000000000e+02,8.400000000000000000e+01
7.800347757339477539e+01,1.095000000000000000e+02,8.500000000000000000e+01
7.800347757339477539e+01,1.095000000000000000e+02,8.600000000000000000e+01
7.800347757339477539e+01,1.095000000000000000e+02,8.700000000000000000e+01
7.800347757339477539e+01,1.095000000000000000e+02,8.800000000000000000e+01
7.800347757339477539e+01,1.100000000000000000e+02,1.075000000000000000e+02
7.800347757339477539e+01,1.110000000000000000e+02,8.050000000000000000e+01
7.800347757339477539e+01,1.105000000000000000e+02,8.100000000000000000e+01
7.800347757339477539e+01,1.110000000000000000e+02,1.075000000000000000e+02
7.800347757339477539e+01,1.120000000000000000e+02,8.050000000000000000e+01
7.800347757339477539e+01,1.115000000000000000e+02,1.070000000000000000e+02
7.800347757339477539e+01,1.120000000000000000e+02,1.065000000000000000e+02
7.800347757339477539e+01,1.130000000000000000e+02,8.050000000000000000e+01
7.800347757339477539e+01,1.130000000000000000e+02,1.065000000000000000e+02
7.800347757339477539e+01,1.140000000000000000e+02,8.050000000000000000e+01
7.800347757339477539e+01,1.140000000000000000e+02,1.065000000000000000e+02
7.700343298912048340e+01,1.150000000000000000e+02,8.100000000000000000e+01
7.800347757339477539e+01,1.150000000000000000e+02,8.050000000000000000e+01
7.800347757339477539e+01,1.150000000000000000e+02,1.065000000000000000e+02
7.700343298912048340e+01,1.160000000000000000e+02,8.100000000000000000e+01
7.800347757339477539e+01,1.160000000000000000e+02,8.050000000000000000e+01
7.800347757339477539e+01,1.160000000000000000e+02,1.065000000000000000e+02
7.800347757339477539e+01,1.165000000000000000e+02,8.100000000000000000e+01
7.800347757339477539e+01,1.170000000000000000e+02,8.150000000000000000e+01
7.800347757339477539e+01,1.165000000000000000e+02,1.060000000000000000e+02
7.800347757339477539e+01,1.170000000000000000e+02,1.055000000000000000e+02
7.800347757339477539e+01,1.180000000000000000e+02,8.150000000000000000e+01
7.700343298912048340e+01,1.180000000000000000e+02,1.060000000000000000e+02
7.800347757339477539e+01,1.180000000000000000e+02,1.055000000000000000e+02
7.800347757339477539e+01,1.190000000000000000e+02,8.150000000000000000e+01
7.800347757339477539e+01,1.185000000000000000e+02,1.060000000000000000e+02
7.800347757339477539e+01,1.190000000000000000e+02,1.065000000000000000e+02
7.700343298912048340e+01,1.200000000000000000e+02,8.200000000000000000e+01
7.800347757339477539e+01,1.200000000000000000e+02,8.150000000000000000e+01
7.800347757339477539e+01,1.200000000000000000e+02,1.065000000000000000e+02
7.700343298912048340e+01,1.210000000000000000e+02,8.200000000000000000e+01
7.800347757339477539e+01,1.210000000000000000e+02,8.150000000000000000e+01
7.800347757339477539e+01,1.210000000000000000e+02,1.065000000000000000e+02
7.700343298912048340e+01,1.220000000000000000e+02,8.200000000000000000e+01
7.800347757339477539e+01,1.220000000000000000e+02,8.150000000000000000e+01
7.800347757339477539e+01,1.220000000000000000e+02,1.065000000000000000e+02
7.700343298912048340e+01,1.230000000000000000e+02,8.200000000000000000e+01
7.800347757339477539e+01,1.230000000000000000e+02,8.150000000000000000e+01
7.800347757339477539e+01,1.225000000000000000e+02,1.070000000000000000e+02
7.800347757339477539e+01,1.230000000000000000e+02,1.075000000000000000e+02
7.800347757339477539e+01,1.240000000000000000e+02,8.150000000000000000e+01
7.800347757339477539e+01,1.240000000000000000e+02,1.075000000000000000e+02
7.800347757339477539e+01,1.250000000000000000e+02,8.150000000000000000e+01
7.800347757339477539e+01,1.250000000000000000e+02,1.075000000000000000e+02
7.800347757339477539e+01,1.260000000000000000e+02,8.150000000000000000e+01
7.800347757339477539e+01,1.255000000000000000e+02,1.080000000000000000e+02
7.800347757339477539e+01,1.260000000000000000e+02,1.085000000000000000e+02
7.800347757339477539e+01,1.270000000000000000e+02,8.150000000000000000e+01
7.800347757339477539e+01,1.270000000000000000e+02,1.085000000000000000e+02
7.800347757339477539e+01,1.280000000000000000e+02,8.150000000000000000e+01
7.800347757339477539e+01,1.280000000000000000e+02,1.085000000000000000e+02
7.700343298912048340e+01,1.290000000000000000e+02,8.100000000000000000e+01
7.800347757339477539e+01,1.290000000000000000e+02,8.050000000000000000e+01
7.800347757339477539e+01,1.285000000000000000e+02,8.100000000000000000e+01
7.800347757339477539e+01,1.290000000000000000e+02,1.085000000000000000e+02
7.700343298912048340e+01,1.300000000000000000e+02,8.100000000000000000e+01
7.800347757339477539e+01,1.300000000000000000e+02,8.050000000000000000e+01
7.800347757339477539e+01,1.295000000000000000e+02,1.090000000000000000e+02
7.800347757339477539e+01,1.300000000000000000e+02,1.095000000000000000e+02
7.800347757339477539e+01,1.310000000000000000e+02,8.050000000000000000e+01
7.800347757339477539e+01,1.310000000000000000e+02,1.095000000000000000e+02
7.800347757339477539e+01,1.320000000000000000e+02,8.050000000000000000e+01
7.800347757339477539e+01,1.320000000000000000e+02,1.095000000000000000e+02
7.800347757339477539e+01,1.330000000000000000e+02,8.050000000000000000e+01
7.800347757339477539e+01,1.330000000000000000e+02,1.095000000000000000e+02
7.800347757339477539e+01,1.340000000000000000e+02,8.050000000000000000e+01
7.800347757339477539e+01,1.340000000000000000e+02,1.095000000000000000e+02
7.800347757339477539e+01,1.350000000000000000e+02,8.050000000000000000e+01
7.700343298912048340e+01,1.350000000000000000e+02,9.900000000000000000e+01
7.800347757339477539e+01,1.345000000000000000e+02,9.900000000000000000e+01
7.800347757339477539e+01,1.350000000000000000e+02,9.850000000000000000e+01
7.700343298912048340e+01,1.350000000000000000e+02,1.000000000000000000e+02
7.800347757339477539e+01,1.345000000000000000e+02,1.000000000000000000e+02
7.800347757339477539e+01,1.350000000000000000e+02,1.005000000000000000e+02
7.800347757339477539e+01,1.350000000000000000e+02,1.095000000000000000e+02
7.800347757339477539e+01,1.360000000000000000e+02,8.050000000000000000e+01
7.700343298912048340e+01,1.360000000000000000e+02,9.100000000000000000e+01
7.800347757339477539e+01,1.355000000000000000e+02,9.100000000000000000e+01
7.800347757339477539e+01,1.360000000000000000e+02,9.050000000000000000e+01
7.700343298912048340e+01,1.360000000000000000e+02,9.200000000000000000e+01
7.800347757339477539e+01,1.355000000000000000e+02,9.200000000000000000e+01
7.700343298912048340e+01,1.360000000000000000e+02,9.300000000000000000e+01
7.800347757339477539e+01,1.355000000000000000e+02,9.300000000000000000e+01
7.700343298912048340e+01,1.360000000000000000e+02,9.400000000000000000e+01
7.800347757339477539e+01,1.355000000000000000e+02,9.400000000000000000e+01
7.700343298912048340e+01,1.360000000000000000e+02,9.500000000000000000e+01
7.800347757339477539e+01,1.355000000000000000e+02,9.500000000000000000e+01
7.700343298912048340e+01,1.360000000000000000e+02,9.600000000000000000e+01
7.800347757339477539e+01,1.355000000000000000e+02,9.600000000000000000e+01
7.700343298912048340e+01,1.360000000000000000e+02,9.700000000000000000e+01
7.800347757339477539e+01,1.355000000000000000e+02,9.700000000000000000e+01
7.700343298912048340e+01,1.360000000000000000e+02,9.800000000000000000e+01
7.800347757339477539e+01,1.355000000000000000e+02,9.800000000000000000e+01
7.700343298912048340e+01,1.360000000000000000e+02,9.900000000000000000e+01
7.700343298912048340e+01,1.360000000000000000e+02,1.000000000000000000e+02
7.800347757339477539e+01,1.355000000000000000e+02,1.010000000000000000e+02
7.700343298912048340e+01,1.360000000000000000e+02,1.010000000000000000e+02
7.700343298912048340e+01,1.360000000000000000e+02,1.020000000000000000e+02
7.800347757339477539e+01,1.355000000000000000e+02,1.020000000000000000e+02
7.700343298912048340e+01,1.360000000000000000e+02,1.030000000000000000e+02
7.800347757339477539e+01,1.355000000000000000e+02,1.030000000000000000e+02
7.800347757339477539e+01,1.360000000000000000e+02,1.035000000000000000e+02
7.700343298912048340e+01,1.360000000000000000e+02,1.090000000000000000e+02
7.800347757339477539e+01,1.355000000000000000e+02,1.090000000000000000e+02
7.800347757339477539e+01,1.360000000000000000e+02,1.085000000000000000e+02
7.800347757339477539e+01,1.370000000000000000e+02,8.050000000000000000e+01
7.700343298912048340e+01,1.370000000000000000e+02,8.700000000000000000e+01
7.800347757339477539e+01,1.365000000000000000e+02,8.700000000000000000e+01
7.800347757339477539e+01,1.370000000000000000e+02,8.650000000000000000e+01
7.700343298912048340e+01,1.370000000000000000e+02,8.800000000000000000e+01
7.800347757339477539e+01,1.365000000000000000e+02,8.800000000000000000e+01
7.700343298912048340e+01,1.370000000000000000e+02,8.900000000000000000e+01
7.800347757339477539e+01,1.365000000000000000e+02,8.900000000000000000e+01
7.700343298912048340e+01,1.370000000000000000e+02,9.000000000000000000e+01
7.800347757339477539e+01,1.365000000000000000e+02,9.000000000000000000e+01
7.700343298912048340e+01,1.370000000000000000e+02,9.100000000000000000e+01
7.700343298912048340e+01,1.370000000000000000e+02,1.040000000000000000e+02
7.800347757339477539e+01,1.365000000000000000e+02,1.040000000000000000e+02
7.700343298912048340e+01,1.370000000000000000e+02,1.050000000000000000e+02
7.800347757339477539e+01,1.365000000000000000e+02,1.050000000000000000e+02
7.800347757339477539e+01,1.370000000000000000e+02,1.055000000000000000e+02
7.700343298912048340e+01,1.370000000000000000e+02,1.090000000000000000e+02
7.800347757339477539e+01,1.370000000000000000e+02,1.085000000000000000e+02
7.800347757339477539e+01,1.375000000000000000e+02,8.100000000000000000e+01
7.700343298912048340e+01,1.380000000000000000e+02,8.100000000000000000e+01
7.800347757339477539e+01,1.380000000000000000e+02,8.150000000000000000e+01
7.700343298912048340e+01,1.380000000000000000e+02,8.500000000000000000e+01
7.800347757339477539e+01,1.375000000000000000e+02,8.500000000000000000e+01
7.800347757339477539e+01,1.380000000000000000e+02,8.450000000000000000e+01
7.700343298912048340e+01,1.380000000000000000e+02,8.600000000000000000e+01
7.800347757339477539e+01,1.375000000000000000e+02,8.600000000000000000e+01
7.700343298912048340e+01,1.380000000000000000e+02,8.700000000000000000e+01
7.700343298912048340e+01,1.380000000000000000e+02,1.060000000000000000e+02
7.800347757339477539e+01,1.375000000000000000e+02,1.060000000000000000e+02
7.700343298912048340e+01,1.380000000000000000e+02,1.070000000000000000e+02
7.800347757339477539e+01,1.375000000000000000e+02,1.070000000000000000e+02
7.700343298912048340e+01,1.380000000000000000e+02,1.080000000000000000e+02
7.800347757339477539e+01,1.375000000000000000e+02,1.080000000000000000e+02
7.700343298912048340e+01,1.390000000000000000e+02,8.200000000000000000e+01
7.800347757339477539e+01,1.385000000000000000e+02,8.200000000000000000e+01
7.700343298912048340e+01,1.390000000000000000e+02,8.300000000000000000e+01
7.800347757339477539e+01,1.385000000000000000e+02,8.300000000000000000e+01
7.700343298912048340e+01,1.390000000000000000e+02,8.400000000000000000e+01
7.800347757339477539e+01,1.385000000000000000e+02,8.400000000000000000e+01
7.900352215766906738e+01,8.400000000000000000e+01,7.400000000000000000e+01
8.000356674194335938e+01,8.400000000000000000e+01,7.450000000000000000e+01
8.000356674194335938e+01,8.350000000000000000e+01,7.500000000000000000e+01
8.000356674194335938e+01,8.350000000000000000e+01,7.600000000000000000e+01
8.000356674194335938e+01,8.350000000000000000e+01,7.700000000000000000e+01
8.000356674194335938e+01,8.350000000000000000e+01,7.800000000000000000e+01
8.000356674194335938e+01,8.350000000000000000e+01,7.900000000000000000e+01
7.900352215766906738e+01,8.400000000000000000e+01,8.000000000000000000e+01
8.000356674194335938e+01,8.400000000000000000e+01,7.950000000000000000e+01
8.000356674194335938e+01,8.500000000000000000e+01,7.250000000000000000e+01
8.000356674194335938e+01,8.450000000000000000e+01,7.300000000000000000e+01
8.000356674194335938e+01,8.450000000000000000e+01,7.400000000000000000e+01
8.000356674194335938e+01,8.450000000000000000e+01,8.000000000000000000e+01
8.000356674194335938e+01,8.450000000000000000e+01,8.100000000000000000e+01
8.000356674194335938e+01,8.450000000000000000e+01,8.200000000000000000e+01
8.000356674194335938e+01,8.500000000000000000e+01,8.250000000000000000e+01
7.900352215766906738e+01,8.600000000000000000e+01,7.100000000000000000e+01
8.000356674194335938e+01,8.600000000000000000e+01,7.050000000000000000e+01
8.000356674194335938e+01,8.550000000000000000e+01,7.100000000000000000e+01
8.000356674194335938e+01,8.550000000000000000e+01,7.200000000000000000e+01
8.000356674194335938e+01,8.550000000000000000e+01,8.300000000000000000e+01
7.900352215766906738e+01,8.600000000000000000e+01,8.400000000000000000e+01
8.000356674194335938e+01,8.600000000000000000e+01,8.350000000000000000e+01
7.900352215766906738e+01,8.700000000000000000e+01,7.000000000000000000e+01
8.000356674194335938e+01,8.700000000000000000e+01,6.950000000000000000e+01
8.000356674194335938e+01,8.650000000000000000e+01,7.000000000000000000e+01
7.900352215766906738e+01,8.700000000000000000e+01,7.100000000000000000e+01
8.000356674194335938e+01,8.650000000000000000e+01,8.400000000000000000e+01
8.000356674194335938e+01,8.650000000000000000e+01,8.500000000000000000e+01
8.000356674194335938e+01,8.700000000000000000e+01,8.550000000000000000e+01
7.900352215766906738e+01,8.800000000000000000e+01,7.000000000000000000e+01
8.000356674194335938e+01,8.800000000000000000e+01,6.950000000000000000e+01
8.000356674194335938e+01,8.750000000000000000e+01,8.600000000000000000e+01
8.000356674194335938e+01,8.750000000000000000e+01,8.700000000000000000e+01
8.000356674194335938e+01,8.800000000000000000e+01,8.750000000000000000e+01
7.900352215766906738e+01,8.900000000000000000e+01,6.900000000000000000e+01
8.000356674194335938e+01,8.900000000000000000e+01,6.850000000000000000e+01
8.000356674194335938e+01,8.850000000000000000e+01,6.900000000000000000e+01
7.900352215766906738e+01,8.900000000000000000e+01,7.000000000000000000e+01
8.000356674194335938e+01,8.850000000000000000e+01,8.800000000000000000e+01
7.900352215766906738e+01,8.900000000000000000e+01,8.900000000000000000e+01
8.000356674194335938e+01,8.900000000000000000e+01,8.850000000000000000e+01
7.900352215766906738e+01,9.000000000000000000e+01,6.900000000000000000e+01
8.000356674194335938e+01,9.000000000000000000e+01,6.850000000000000000e+01
8.000356674194335938e+01,8.950000000000000000e+01,8.900000000000000000e+01
8.000356674194335938e+01,8.950000000000000000e+01,9.000000000000000000e+01
8.000356674194335938e+01,8.950000000000000000e+01,9.100000000000000000e+01
8.000356674194335938e+01,8.950000000000000000e+01,9.200000000000000000e+01
7.900352215766906738e+01,9.000000000000000000e+01,9.200000000000000000e+01
8.000356674194335938e+01,9.000000000000000000e+01,9.250000000000000000e+01
7.900352215766906738e+01,9.000000000000000000e+01,9.900000000000000000e+01
8.000356674194335938e+01,9.000000000000000000e+01,9.850000000000000000e+01
8.000356674194335938e+01,8.950000000000000000e+01,9.900000000000000000e+01
8.000356674194335938e+01,8.950000000000000000e+01,1.000000000000000000e+02
7.900352215766906738e+01,9.000000000000000000e+01,1.000000000000000000e+02
8.000356674194335938e+01,8.950000000000000000e+01,1.010000000000000000e+02
7.900352215766906738e+01,9.000000000000000000e+01,1.010000000000000000e+02
8.000356674194335938e+01,8.950000000000000000e+01,1.020000000000000000e+02
7.900352215766906738e+01,9.000000000000000000e+01,1.020000000000000000e+02
8.000356674194335938e+01,8.950000000000000000e+01,1.030000000000000000e+02
7.900352215766906738e+01,9.000000000000000000e+01,1.030000000000000000e+02
8.000356674194335938e+01,8.950000000000000000e+01,1.040000000000000000e+02
7.900352215766906738e+01,9.000000000000000000e+01,1.040000000000000000e+02
8.000356674194335938e+01,8.950000000000000000e+01,1.050000000000000000e+02
7.900352215766906738e+01,9.000000000000000000e+01,1.050000000000000000e+02
8.000356674194335938e+01,8.950000000000000000e+01,1.060000000000000000e+02
7.900352215766906738e+01,9.000000000000000000e+01,1.060000000000000000e+02
8.000356674194335938e+01,8.950000000000000000e+01,1.070000000000000000e+02
7.900352215766906738e+01,9.000000000000000000e+01,1.070000000000000000e+02
8.000356674194335938e+01,8.950000000000000000e+01,1.080000000000000000e+02
7.900352215766906738e+01,9.000000000000000000e+01,1.080000000000000000e+02
8.000356674194335938e+01,8.950000000000000000e+01,1.090000000000000000e+02
7.900352215766906738e+01,9.000000000000000000e+01,1.090000000000000000e+02
8.000356674194335938e+01,9.000000000000000000e+01,1.095000000000000000e+02
7.900352215766906738e+01,9.100000000000000000e+01,6.900000000000000000e+01
8.000356674194335938e+01,9.100000000000000000e+01,6.850000000000000000e+01
7.900352215766906738e+01,9.100000000000000000e+01,7.000000000000000000e+01
8.000356674194335938e+01,9.050000000000000000e+01,9.300000000000000000e+01
7.900352215766906738e+01,9.100000000000000000e+01,9.300000000000000000e+01
8.000356674194335938e+01,9.050000000000000000e+01,9.400000000000000000e+01
7.900352215766906738e+01,9.100000000000000000e+01,9.400000000000000000e+01
8.000356674194335938e+01,9.050000000000000000e+01,9.500000000000000000e+01
7.900352215766906738e+01,9.100000000000000000e+01,9.500000000000000000e+01
8.000356674194335938e+01,9.050000000000000000e+01,9.600000000000000000e+01
7.900352215766906738e+01,9.100000000000000000e+01,9.600000000000000000e+01
8.000356674194335938e+01,9.050000000000000000e+01,9.700000000000000000e+01
7.900352215766906738e+01,9.100000000000000000e+01,9.700000000000000000e+01
8.000356674194335938e+01,9.050000000000000000e+01,9.800000000000000000e+01
7.900352215766906738e+01,9.100000000000000000e+01,9.800000000000000000e+01
7.900352215766906738e+01,9.100000000000000000e+01,9.900000000000000000e+01
7.900352215766906738e+01,9.100000000000000000e+01,1.000000000000000000e+02
7.900352215766906738e+01,9.100000000000000000e+01,1.010000000000000000e+02
7.900352215766906738e+01,9.100000000000000000e+01,1.020000000000000000e+02
7.900352215766906738e+01,9.100000000000000000e+01,1.080000000000000000e+02
7.900352215766906738e+01,9.100000000000000000e+01,1.090000000000000000e+02
8.000356674194335938e+01,9.050000000000000000e+01,1.100000000000000000e+02
7.900352215766906738e+01,9.100000000000000000e+01,1.100000000000000000e+02
8.000356674194335938e+01,9.100000000000000000e+01,1.105000000000000000e+02
8.000356674194335938e+01,9.150000000000000000e+01,6.900000000000000000e+01
7.900352215766906738e+01,9.200000000000000000e+01,7.000000000000000000e+01
8.000356674194335938e+01,9.200000000000000000e+01,6.950000000000000000e+01
7.900352215766906738e+01,9.200000000000000000e+01,7.100000000000000000e+01
8.000356674194335938e+01,9.150000000000000000e+01,1.110000000000000000e+02
7.900352215766906738e+01,9.200000000000000000e+01,1.110000000000000000e+02
8.000356674194335938e+01,9.200000000000000000e+01,1.115000000000000000e+02
8.000356674194335938e+01,9.250000000000000000e+01,7.000000000000000000e+01
7.900352215766906738e+01,9.300000000000000000e+01,7.100000000000000000e+01
8.000356674194335938e+01,9.300000000000000000e+01,7.050000000000000000e+01
7.900352215766906738e+01,9.300000000000000000e+01,7.200000000000000000e+01
7.900352215766906738e+01,9.300000000000000000e+01,7.300000000000000000e+01
7.900352215766906738e+01,9.300000000000000000e+01,7.400000000000000000e+01
8.000356674194335938e+01,9.300000000000000000e+01,1.115000000000000000e+02
8.000356674194335938e+01,9.350000000000000000e+01,7.100000000000000000e+01
8.000356674194335938e+01,9.350000000000000000e+01,7.200000000000000000e+01
8.000356674194335938e+01,9.350000000000000000e+01,7.300000000000000000e+01
8.000356674194335938e+01,9.350000000000000000e+01,7.400000000000000000e+01
8.000356674194335938e+01,9.350000000000000000e+01,7.500000000000000000e+01
8.000356674194335938e+01,9.350000000000000000e+01,7.600000000000000000e+01
8.000356674194335938e+01,9.400000000000000000e+01,7.650000000000000000e+01
7.900352215766906738e+01,9.400000000000000000e+01,1.110000000000000000e+02
8.000356674194335938e+01,9.400000000000000000e+01,1.115000000000000000e+02
8.000356674194335938e+01,9.450000000000000000e+01,7.700000000000000000e+01
8.000356674194335938e+01,9.450000000000000000e+01,7.800000000000000000e+01
8.000356674194335938e+01,9.450000000000000000e+01,7.900000000000000000e+01
8.000356674194335938e+01,9.450000000000000000e+01,8.000000000000000000e+01
7.900352215766906738e+01,9.500000000000000000e+01,8.100000000000000000e+01
8.000356674194335938e+01,9.500000000000000000e+01,8.050000000000000000e+01
7.900352215766906738e+01,9.500000000000000000e+01,8.200000000000000000e+01
7.900352215766906738e+01,9.500000000000000000e+01,8.300000000000000000e+01
7.900352215766906738e+01,9.500000000000000000e+01,8.400000000000000000e+01
7.900352215766906738e+01,9.500000000000000000e+01,1.100000000000000000e+02
8.000356674194335938e+01,9.500000000000000000e+01,1.105000000000000000e+02
8.000356674194335938e+01,9.450000000000000000e+01,1.110000000000000000e+02
8.000356674194335938e+01,9.550000000000000000e+01,8.100000000000000000e+01
8.000356674194335938e+01,9.550000000000000000e+01,8.200000000000000000e+01
8.000356674194335938e+01,9.550000000000000000e+01,8.300000000000000000e+01
8.000356674194335938e+01,9.550000000000000000e+01,8.400000000000000000e+01
7.900352215766906738e+01,9.600000000000000000e+01,8.500000000000000000e+01
8.000356674194335938e+01,9.600000000000000000e+01,8.450000000000000000e+01
7.900352215766906738e+01,9.600000000000000000e+01,1.090000000000000000e+02
8.000356674194335938e+01,9.600000000000000000e+01,1.095000000000000000e+02
8.000356674194335938e+01,9.550000000000000000e+01,1.100000000000000000e+02
8.000356674194335938e+01,9.650000000000000000e+01,8.500000000000000000e+01
8.000356674194335938e+01,9.650000000000000000e+01,8.600000000000000000e+01
7.900352215766906738e+01,9.700000000000000000e+01,8.700000000000000000e+01
8.000356674194335938e+01,9.700000000000000000e+01,8.650000000000000000e+01
8.000356674194335938e+01,9.650000000000000000e+01,1.080000000000000000e+02
8.000356674194335938e+01,9.700000000000000000e+01,1.075000000000000000e+02
8.000356674194335938e+01,9.650000000000000000e+01,1.090000000000000000e+02
8.000356674194335938e+01,9.750000000000000000e+01,8.700000000000000000e+01
7.900352215766906738e+01,9.800000000000000000e+01,8.800000000000000000e+01
8.000356674194335938e+01,9.800000000000000000e+01,8.750000000000000000e+01
8.000356674194335938e+01,9.750000000000000000e+01,1.070000000000000000e+02
8.000356674194335938e+01,9.800000000000000000e+01,1.065000000000000000e+02
8.000356674194335938e+01,9.850000000000000000e+01,8.800000000000000000e+01
7.900352215766906738e+01,9.900000000000000000e+01,8.900000000000000000e+01
8.000356674194335938e+01,9.900000000000000000e+01,8.850000000000000000e+01
7.900352215766906738e+01,9.900000000000000000e+01,9.000000000000000000e+01
7.900352215766906738e+01,9.900000000000000000e+01,1.050000000000000000e+02
8.000356674194335938e+01,9.900000000000000000e+01,1.055000000000000000e+02
8.000356674194335938e+01,9.850000000000000000e+01,1.060000000000000000e+02
8.000356674194335938e+01,9.950000000000000000e+01,8.900000000000000000e+01
8.000356674194335938e+01,9.950000000000000000e+01,9.000000000000000000e+01
7.900352215766906738e+01,1.000000000000000000e+02,9.100000000000000000e+01
8.000356674194335938e+01,1.000000000000000000e+02,9.050000000000000000e+01
7.900352215766906738e+01,1.000000000000000000e+02,9.200000000000000000e+01
7.900352215766906738e+01,1.000000000000000000e+02,9.300000000000000000e+01
7.900352215766906738e+01,1.000000000000000000e+02,1.040000000000000000e+02
8.000356674194335938e+01,1.000000000000000000e+02,1.045000000000000000e+02
8.000356674194335938e+01,9.950000000000000000e+01,1.050000000000000000e+02
8.000356674194335938e+01,1.005000000000000000e+02,9.100000000000000000e+01
7.900352215766906738e+01,1.010000000000000000e+02,9.200000000000000000e+01
8.000356674194335938e+01,1.010000000000000000e+02,9.150000000000000000e+01
7.900352215766906738e+01,1.010000000000000000e+02,9.300000000000000000e+01
7.900352215766906738e+01,1.010000000000000000e+02,9.400000000000000000e+01
7.900352215766906738e+01,1.010000000000000000e+02,9.500000000000000000e+01
7.900352215766906738e+01,1.010000000000000000e+02,1.030000000000000000e+02
8.000356674194335938e+01,1.010000000000000000e+02,1.035000000000000000e+02
8.000356674194335938e+01,1.005000000000000000e+02,1.040000000000000000e+02
8.000356674194335938e+01,1.015000000000000000e+02,9.200000000000000000e+01
7.900352215766906738e+01,1.020000000000000000e+02,9.300000000000000000e+01
8.000356674194335938e+01,1.020000000000000000e+02,9.250000000000000000e+01
7.900352215766906738e+01,1.020000000000000000e+02,9.400000000000000000e+01
7.900352215766906738e+01,1.020000000000000000e+02,9.500000000000000000e+01
7.900352215766906738e+01,1.020000000000000000e+02,1.030000000000000000e+02
8.000356674194335938e+01,1.020000000000000000e+02,1.035000000000000000e+02
7.900352215766906738e+01,1.030000000000000000e+02,9.300000000000000000e+01
8.000356674194335938e+01,1.030000000000000000e+02,9.250000000000000000e+01
7.900352215766906738e+01,1.030000000000000000e+02,9.400000000000000000e+01
7.900352215766906738e+01,1.030000000000000000e+02,9.500000000000000000e+01
7.900352215766906738e+01,1.030000000000000000e+02,1.030000000000000000e+02
8.000356674194335938e+01,1.030000000000000000e+02,1.035000000000000000e+02
7.900352215766906738e+01,1.040000000000000000e+02,9.300000000000000000e+01
8.000356674194335938e+01,1.040000000000000000e+02,9.250000000000000000e+01
7.900352215766906738e+01,1.040000000000000000e+02,9.400000000000000000e+01
7.900352215766906738e+01,1.040000000000000000e+02,9.500000000000000000e+01
8.000356674194335938e+01,1.040000000000000000e+02,1.035000000000000000e+02
7.900352215766906738e+01,1.050000000000000000e+02,9.300000000000000000e+01
8.000356674194335938e+01,1.050000000000000000e+02,9.250000000000000000e+01
7.900352215766906738e+01,1.050000000000000000e+02,9.400000000000000000e+01
8.000356674194335938e+01,1.045000000000000000e+02,1.040000000000000000e+02
7.900352215766906738e+01,1.050000000000000000e+02,1.040000000000000000e+02
8.000356674194335938e+01,1.050000000000000000e+02,1.045000000000000000e+02
7.900352215766906738e+01,1.060000000000000000e+02,9.200000000000000000e+01
8.000356674194335938e+01,1.060000000000000000e+02,9.150000000000000000e+01
8.000356674194335938e+01,1.055000000000000000e+02,9.200000000000000000e+01
7.900352215766906738e+01,1.060000000000000000e+02,9.300000000000000000e+01
8.000356674194335938e+01,1.060000000000000000e+02,1.045000000000000000e+02
7.900352215766906738e+01,1.070000000000000000e+02,9.200000000000000000e+01
8.000356674194335938e+01,1.070000000000000000e+02,9.150000000000000000e+01
8.000356674194335938e+01,1.065000000000000000e+02,1.050000000000000000e+02
8.000356674194335938e+01,1.070000000000000000e+02,1.055000000000000000e+02
7.900352215766906738e+01,1.080000000000000000e+02,9.100000000000000000e+01
8.000356674194335938e+01,1.080000000000000000e+02,9.050000000000000000e+01
8.000356674194335938e+01,1.075000000000000000e+02,9.100000000000000000e+01
8.000356674194335938e+01,1.075000000000000000e+02,1.060000000000000000e+02
8.000356674194335938e+01,1.080000000000000000e+02,1.065000000000000000e+02
7.900352215766906738e+01,1.090000000000000000e+02,8.900000000000000000e+01
8.000356674194335938e+01,1.090000000000000000e+02,8.950000000000000000e+01
8.000356674194335938e+01,1.085000000000000000e+02,9.000000000000000000e+01
7.900352215766906738e+01,1.090000000000000000e+02,1.070000000000000000e+02
8.000356674194335938e+01,1.090000000000000000e+02,1.065000000000000000e+02
8.000356674194335938e+01,1.100000000000000000e+02,8.150000000000000000e+01
8.000356674194335938e+01,1.095000000000000000e+02,8.200000000000000000e+01
8.000356674194335938e+01,1.095000000000000000e+02,8.300000000000000000e+01
8.000356674194335938e+01,1.095000000000000000e+02,8.400000000000000000e+01
8.000356674194335938e+01,1.095000000000000000e+02,8.500000000000000000e+01
8.000356674194335938e+01,1.095000000000000000e+02,8.600000000000000000e+01
8.000356674194335938e+01,1.095000000000000000e+02,8.700000000000000000e+01
8.000356674194335938e+01,1.095000000000000000e+02,8.800000000000000000e+01
8.000356674194335938e+01,1.095000000000000000e+02,8.900000000000000000e+01
8.000356674194335938e+01,1.095000000000000000e+02,1.070000000000000000e+02
8.000356674194335938e+01,1.100000000000000000e+02,1.075000000000000000e+02
8.000356674194335938e+01,1.110000000000000000e+02,8.050000000000000000e+01
8.000356674194335938e+01,1.105000000000000000e+02,8.100000000000000000e+01
7.900352215766906738e+01,1.110000000000000000e+02,1.070000000000000000e+02
8.000356674194335938e+01,1.105000000000000000e+02,1.070000000000000000e+02
8.000356674194335938e+01,1.110000000000000000e+02,1.065000000000000000e+02
8.000356674194335938e+01,1.120000000000000000e+02,8.050000000000000000e+01
8.000356674194335938e+01,1.120000000000000000e+02,1.065000000000000000e+02
8.000356674194335938e+01,1.130000000000000000e+02,8.050000000000000000e+01
8.000356674194335938e+01,1.130000000000000000e+02,1.065000000000000000e+02
8.000356674194335938e+01,1.140000000000000000e+02,8.050000000000000000e+01
8.000356674194335938e+01,1.140000000000000000e+02,1.065000000000000000e+02
8.000356674194335938e+01,1.150000000000000000e+02,8.050000000000000000e+01
8.000356674194335938e+01,1.150000000000000000e+02,1.065000000000000000e+02
8.000356674194335938e+01,1.160000000000000000e+02,8.050000000000000000e+01
8.000356674194335938e+01,1.160000000000000000e+02,1.065000000000000000e+02
7.900352215766906738e+01,1.170000000000000000e+02,8.100000000000000000e+01
8.000356674194335938e+01,1.170000000000000000e+02,8.050000000000000000e+01
7.900352215766906738e+01,1.170000000000000000e+02,1.060000000000000000e+02
8.000356674194335938e+01,1.170000000000000000e+02,1.065000000000000000e+02
8.000356674194335938e+01,1.175000000000000000e+02,8.100000000000000000e+01
8.000356674194335938e+01,1.180000000000000000e+02,8.150000000000000000e+01
7.900352215766906738e+01,1.180000000000000000e+02,1.060000000000000000e+02
8.000356674194335938e+01,1.180000000000000000e+02,1.065000000000000000e+02
8.000356674194335938e+01,1.190000000000000000e+02,8.150000000000000000e+01
8.000356674194335938e+01,1.190000000000000000e+02,1.065000000000000000e+02
8.000356674194335938e+01,1.200000000000000000e+02,8.150000000000000000e+01
8.000356674194335938e+01,1.200000000000000000e+02,1.065000000000000000e+02
8.000356674194335938e+01,1.210000000000000000e+02,8.150000000000000000e+01
8.000356674194335938e+01,1.210000000000000000e+02,1.065000000000000000e+02
7.900352215766906738e+01,1.220000000000000000e+02,8.100000000000000000e+01
8.000356674194335938e+01,1.220000000000000000e+02,8.050000000000000000e+01
8.000356674194335938e+01,1.215000000000000000e+02,8.100000000000000000e+01
8.000356674194335938e+01,1.220000000000000000e+02,1.065000000000000000e+02
7.900352215766906738e+01,1.230000000000000000e+02,8.100000000000000000e+01
8.000356674194335938e+01,1.230000000000000000e+02,8.050000000000000000e+01
8.000356674194335938e+01,1.225000000000000000e+02,1.070000000000000000e+02
8.000356674194335938e+01,1.230000000000000000e+02,1.075000000000000000e+02
7.900352215766906738e+01,1.240000000000000000e+02,8.100000000000000000e+01
8.000356674194335938e+01,1.240000000000000000e+02,8.050000000000000000e+01
8.000356674194335938e+01,1.240000000000000000e+02,1.075000000000000000e+02
7.900352215766906738e+01,1.250000000000000000e+02,8.100000000000000000e+01
8.000356674194335938e+01,1.250000000000000000e+02,8.050000000000000000e+01
8.000356674194335938e+01,1.250000000000000000e+02,1.075000000000000000e+02
7.900352215766906738e+01,1.260000000000000000e+02,8.100000000000000000e+01
8.000356674194335938e+01,1.260000000000000000e+02,8.050000000000000000e+01
8.000356674194335938e+01,1.255000000000000000e+02,1.080000000000000000e+02
8.000356674194335938e+01,1.260000000000000000e+02,1.085000000000000000e+02
7.900352215766906738e+01,1.270000000000000000e+02,8.100000000000000000e+01
8.000356674194335938e+01,1.270000000000000000e+02,8.050000000000000000e+01
8.000356674194335938e+01,1.270000000000000000e+02,1.085000000000000000e+02
7.900352215766906738e+01,1.280000000000000000e+02,8.100000000000000000e+01
8.000356674194335938e+01,1.280000000000000000e+02,8.050000000000000000e+01
8.000356674194335938e+01,1.280000000000000000e+02,1.085000000000000000e+02
8.000356674194335938e+01,1.290000000000000000e+02,8.050000000000000000e+01
8.000356674194335938e+01,1.290000000000000000e+02,1.085000000000000000e+02
8.000356674194335938e+01,1.300000000000000000e+02,8.050000000000000000e+01
7.900352215766906738e+01,1.300000000000000000e+02,1.090000000000000000e+02
8.000356674194335938e+01,1.300000000000000000e+02,1.085000000000000000e+02
8.000356674194335938e+01,1.310000000000000000e+02,8.050000000000000000e+01
7.900352215766906738e+01,1.310000000000000000e+02,1.090000000000000000e+02
8.000356674194335938e+01,1.310000000000000000e+02,1.085000000000000000e+02
8.000356674194335938e+01,1.320000000000000000e+02,8.050000000000000000e+01
7.900352215766906738e+01,1.320000000000000000e+02,1.090000000000000000e+02
8.000356674194335938e+01,1.320000000000000000e+02,1.085000000000000000e+02
8.000356674194335938e+01,1.330000000000000000e+02,8.050000000000000000e+01
7.900352215766906738e+01,1.330000000000000000e+02,1.090000000000000000e+02
8.000356674194335938e+01,1.330000000000000000e+02,1.085000000000000000e+02
8.000356674194335938e+01,1.340000000000000000e+02,8.050000000000000000e+01
7.900352215766906738e+01,1.340000000000000000e+02,9.700000000000000000e+01
8.000356674194335938e+01,1.335000000000000000e+02,9.700000000000000000e+01
8.000356674194335938e+01,1.340000000000000000e+02,9.650000000000000000e+01
7.900352215766906738e+01,1.340000000000000000e+02,9.800000000000000000e+01
8.000356674194335938e+01,1.335000000000000000e+02,9.800000000000000000e+01
7.900352215766906738e+01,1.340000000000000000e+02,9.900000000000000000e+01
8.000356674194335938e+01,1.335000000000000000e+02,9.900000000000000000e+01
7.900352215766906738e+01,1.340000000000000000e+02,1.000000000000000000e+02
8.000356674194335938e+01,1.335000000000000000e+02,1.000000000000000000e+02
7.900352215766906738e+01,1.340000000000000000e+02,1.010000000000000000e+02
8.000356674194335938e+01,1.335000000000000000e+02,1.010000000000000000e+02
8.000356674194335938e+01,1.340000000000000000e+02,1.015000000000000000e+02
7.900352215766906738e+01,1.340000000000000000e+02,1.090000000000000000e+02
8.000356674194335938e+01,1.340000000000000000e+02,1.085000000000000000e+02
8.000356674194335938e+01,1.350000000000000000e+02,8.050000000000000000e+01
7.900352215766906738e+01,1.350000000000000000e+02,9.000000000000000000e+01
8.000356674194335938e+01,1.345000000000000000e+02,9.000000000000000000e+01
8.000356674194335938e+01,1.350000000000000000e+02,8.950000000000000000e+01
7.900352215766906738e+01,1.350000000000000000e+02,9.100000000000000000e+01
8.000356674194335938e+01,1.345000000000000000e+02,9.100000000000000000e+01
7.900352215766906738e+01,1.350000000000000000e+02,9.200000000000000000e+01
8.000356674194335938e+01,1.345000000000000000e+02,9.200000000000000000e+01
7.900352215766906738e+01,1.350000000000000000e+02,9.300000000000000000e+01
8.000356674194335938e+01,1.345000000000000000e+02,9.300000000000000000e+01
7.900352215766906738e+01,1.350000000000000000e+02,9.400000000000000000e+01
8.000356674194335938e+01,1.345000000000000000e+02,9.400000000000000000e+01
7.900352215766906738e+01,1.350000000000000000e+02,9.500000000000000000e+01
8.000356674194335938e+01,1.345000000000000000e+02,9.500000000000000000e+01
7.900352215766906738e+01,1.350000000000000000e+02,9.600000000000000000e+01
8.000356674194335938e+01,1.345000000000000000e+02,9.600000000000000000e+01
7.900352215766906738e+01,1.350000000000000000e+02,9.700000000000000000e+01
7.900352215766906738e+01,1.350000000000000000e+02,9.800000000000000000e+01
7.900352215766906738e+01,1.350000000000000000e+02,1.010000000000000000e+02
8.000356674194335938e+01,1.345000000000000000e+02,1.020000000000000000e+02
7.900352215766906738e+01,1.350000000000000000e+02,1.020000000000000000e+02
7.900352215766906738e+01,1.350000000000000000e+02,1.030000000000000000e+02
8.000356674194335938e+01,1.345000000000000000e+02,1.030000000000000000e+02
8.000356674194335938e+01,1.350000000000000000e+02,1.035000000000000000e+02
7.900352215766906738e+01,1.350000000000000000e+02,1.090000000000000000e+02
8.000356674194335938e+01,1.350000000000000000e+02,1.085000000000000000e+02
8.000356674194335938e+01,1.360000000000000000e+02,8.050000000000000000e+01
7.900352215766906738e+01,1.360000000000000000e+02,8.700000000000000000e+01
8.000356674194335938e+01,1.355000000000000000e+02,8.700000000000000000e+01
8.000356674194335938e+01,1.360000000000000000e+02,8.650000000000000000e+01
7.900352215766906738e+01,1.360000000000000000e+02,8.800000000000000000e+01
8.000356674194335938e+01,1.355000000000000000e+02,8.800000000000000000e+01
7.900352215766906738e+01,1.360000000000000000e+02,8.900000000000000000e+01
8.000356674194335938e+01,1.355000000000000000e+02,8.900000000000000000e+01
7.900352215766906738e+01,1.360000000000000000e+02,9.000000000000000000e+01
7.900352215766906738e+01,1.360000000000000000e+02,1.040000000000000000e+02
8.000356674194335938e+01,1.355000000000000000e+02,1.040000000000000000e+02
7.900352215766906738e+01,1.360000000000000000e+02,1.050000000000000000e+02
8.000356674194335938e+01,1.355000000000000000e+02,1.050000000000000000e+02
8.000356674194335938e+01,1.360000000000000000e+02,1.055000000000000000e+02
7.900352215766906738e+01,1.360000000000000000e+02,1.080000000000000000e+02
8.000356674194335938e+01,1.355000000000000000e+02,1.080000000000000000e+02
8.000356674194335938e+01,1.360000000000000000e+02,1.075000000000000000e+02
8.000356674194335938e+01,1.365000000000000000e+02,8.100000000000000000e+01
7.900352215766906738e+01,1.370000000000000000e+02,8.100000000000000000e+01
7.900352215766906738e+01,1.370000000000000000e+02,8.200000000000000000e+01
8.000356674194335938e+01,1.365000000000000000e+02,8.200000000000000000e+01
8.000356674194335938e+01,1.370000000000000000e+02,8.250000000000000000e+01
7.900352215766906738e+01,1.370000000000000000e+02,8.400000000000000000e+01
8.000356674194335938e+01,1.365000000000000000e+02,8.400000000000000000e+01
8.000356674194335938e+01,1.370000000000000000e+02,8.350000000000000000e+01
7.900352215766906738e+01,1.370000000000000000e+02,8.500000000000000000e+01
8.000356674194335938e+01,1.365000000000000000e+02,8.500000000000000000e+01
7.900352215766906738e+01,1.370000000000000000e+02,8.600000000000000000e+01
8.000356674194335938e+01,1.365000000000000000e+02,8.600000000000000000e+01
7.900352215766906738e+01,1.370000000000000000e+02,1.060000000000000000e+02
8.000356674194335938e+01,1.365000000000000000e+02,1.060000000000000000e+02
7.900352215766906738e+01,1.370000000000000000e+02,1.070000000000000000e+02
8.000356674194335938e+01,1.365000000000000000e+02,1.070000000000000000e+02
7.900352215766906738e+01,1.370000000000000000e+02,1.080000000000000000e+02
7.900352215766906738e+01,1.380000000000000000e+02,8.200000000000000000e+01
8.000356674194335938e+01,1.375000000000000000e+02,8.300000000000000000e+01
7.900352215766906738e+01,1.380000000000000000e+02,8.300000000000000000e+01
7.900352215766906738e+01,1.380000000000000000e+02,8.400000000000000000e+01
8.100361132621765137e+01,8.400000000000000000e+01,7.500000000000000000e+01
8.100361132621765137e+01,8.400000000000000000e+01,7.600000000000000000e+01
8.100361132621765137e+01,8.400000000000000000e+01,7.700000000000000000e+01
8.100361132621765137e+01,8.400000000000000000e+01,7.800000000000000000e+01
8.100361132621765137e+01,8.400000000000000000e+01,7.900000000000000000e+01
8.200365591049194336e+01,8.500000000000000000e+01,7.250000000000000000e+01
8.200365591049194336e+01,8.450000000000000000e+01,7.300000000000000000e+01
8.200365591049194336e+01,8.450000000000000000e+01,7.400000000000000000e+01
8.200365591049194336e+01,8.450000000000000000e+01,7.500000000000000000e+01
8.200365591049194336e+01,8.450000000000000000e+01,7.600000000000000000e+01
8.200365591049194336e+01,8.450000000000000000e+01,7.700000000000000000e+01
8.200365591049194336e+01,8.450000000000000000e+01,7.800000000000000000e+01
8.200365591049194336e+01,8.450000000000000000e+01,7.900000000000000000e+01
8.200365591049194336e+01,8.450000000000000000e+01,8.000000000000000000e+01
8.200365591049194336e+01,8.450000000000000000e+01,8.100000000000000000e+01
8.100361132621765137e+01,8.500000000000000000e+01,8.200000000000000000e+01
8.200365591049194336e+01,8.500000000000000000e+01,8.150000000000000000e+01
8.200365591049194336e+01,8.600000000000000000e+01,7.050000000000000000e+01
8.200365591049194336e+01,8.550000000000000000e+01,7.100000000000000000e+01
8.200365591049194336e+01,8.550000000000000000e+01,7.200000000000000000e+01
8.200365591049194336e+01,8.550000000000000000e+01,8.200000000000000000e+01
8.200365591049194336e+01,8.550000000000000000e+01,8.300000000000000000e+01
8.200365591049194336e+01,8.600000000000000000e+01,8.350000000000000000e+01
8.200365591049194336e+01,8.700000000000000000e+01,6.950000000000000000e+01
8.200365591049194336e+01,8.650000000000000000e+01,7.000000000000000000e+01
8.200365591049194336e+01,8.650000000000000000e+01,8.400000000000000000e+01
8.200365591049194336e+01,8.650000000000000000e+01,8.500000000000000000e+01
8.200365591049194336e+01,8.700000000000000000e+01,8.550000000000000000e+01
8.100361132621765137e+01,8.700000000000000000e+01,1.020000000000000000e+02
8.200365591049194336e+01,8.700000000000000000e+01,1.015000000000000000e+02
8.200365591049194336e+01,8.650000000000000000e+01,1.020000000000000000e+02
8.200365591049194336e+01,8.650000000000000000e+01,1.030000000000000000e+02
8.100361132621765137e+01,8.700000000000000000e+01,1.030000000000000000e+02
8.200365591049194336e+01,8.650000000000000000e+01,1.040000000000000000e+02
8.100361132621765137e+01,8.700000000000000000e+01,1.040000000000000000e+02
8.200365591049194336e+01,8.650000000000000000e+01,1.050000000000000000e+02
8.100361132621765137e+01,8.700000000000000000e+01,1.050000000000000000e+02
8.200365591049194336e+01,8.650000000000000000e+01,1.060000000000000000e+02
8.100361132621765137e+01,8.700000000000000000e+01,1.060000000000000000e+02
8.200365591049194336e+01,8.650000000000000000e+01,1.070000000000000000e+02
8.100361132621765137e+01,8.700000000000000000e+01,1.070000000000000000e+02
8.200365591049194336e+01,8.650000000000000000e+01,1.080000000000000000e+02
8.100361132621765137e+01,8.700000000000000000e+01,1.080000000000000000e+02
8.200365591049194336e+01,8.700000000000000000e+01,1.085000000000000000e+02
8.100361132621765137e+01,8.800000000000000000e+01,6.900000000000000000e+01
8.200365591049194336e+01,8.800000000000000000e+01,6.850000000000000000e+01
8.200365591049194336e+01,8.750000000000000000e+01,6.900000000000000000e+01
8.200365591049194336e+01,8.750000000000000000e+01,8.600000000000000000e+01
8.100361132621765137e+01,8.800000000000000000e+01,8.700000000000000000e+01
8.200365591049194336e+01,8.800000000000000000e+01,8.650000000000000000e+01
8.100361132621765137e+01,8.800000000000000000e+01,1.000000000000000000e+02
8.200365591049194336e+01,8.800000000000000000e+01,9.950000000000000000e+01
8.200365591049194336e+01,8.750000000000000000e+01,1.000000000000000000e+02
8.200365591049194336e+01,8.750000000000000000e+01,1.010000000000000000e+02
8.100361132621765137e+01,8.800000000000000000e+01,1.010000000000000000e+02
8.100361132621765137e+01,8.800000000000000000e+01,1.020000000000000000e+02
8.100361132621765137e+01,8.800000000000000000e+01,1.030000000000000000e+02
8.100361132621765137e+01,8.800000000000000000e+01,1.040000000000000000e+02
8.100361132621765137e+01,8.800000000000000000e+01,1.050000000000000000e+02
8.100361132621765137e+01,8.800000000000000000e+01,1.060000000000000000e+02
8.100361132621765137e+01,8.800000000000000000e+01,1.070000000000000000e+02
8.100361132621765137e+01,8.800000000000000000e+01,1.080000000000000000e+02
8.200365591049194336e+01,8.750000000000000000e+01,1.090000000000000000e+02
8.100361132621765137e+01,8.800000000000000000e+01,1.090000000000000000e+02
8.200365591049194336e+01,8.750000000000000000e+01,1.100000000000000000e+02
8.100361132621765137e+01,8.800000000000000000e+01,1.100000000000000000e+02
8.200365591049194336e+01,8.800000000000000000e+01,1.105000000000000000e+02
8.200365591049194336e+01,8.900000000000000000e+01,6.850000000000000000e+01
8.200365591049194336e+01,8.850000000000000000e+01,8.700000000000000000e+01
8.100361132621765137e+01,8.900000000000000000e+01,8.800000000000000000e+01
8.200365591049194336e+01,8.900000000000000000e+01,8.750000000000000000e+01
8.100361132621765137e+01,8.900000000000000000e+01,9.800000000000000000e+01
8.200365591049194336e+01,8.900000000000000000e+01,9.750000000000000000e+01
8.200365591049194336e+01,8.850000000000000000e+01,9.800000000000000000e+01
8.200365591049194336e+01,8.850000000000000000e+01,9.900000000000000000e+01
8.100361132621765137e+01,8.900000000000000000e+01,9.900000000000000000e+01
8.100361132621765137e+01,8.900000000000000000e+01,1.000000000000000000e+02
8.100361132621765137e+01,8.900000000000000000e+01,1.010000000000000000e+02
8.100361132621765137e+01,8.900000000000000000e+01,1.020000000000000000e+02
8.100361132621765137e+01,8.900000000000000000e+01,1.030000000000000000e+02
8.100361132621765137e+01,8.900000000000000000e+01,1.040000000000000000e+02
8.100361132621765137e+01,8.900000000000000000e+01,1.050000000000000000e+02
8.100361132621765137e+01,8.900000000000000000e+01,1.060000000000000000e+02
8.100361132621765137e+01,8.900000000000000000e+01,1.070000000000000000e+02
8.100361132621765137e+01,8.900000000000000000e+01,1.080000000000000000e+02
8.100361132621765137e+01,8.900000000000000000e+01,1.090000000000000000e+02
8.100361132621765137e+01,8.900000000000000000e+01,1.100000000000000000e+02
8.200365591049194336e+01,8.900000000000000000e+01,1.105000000000000000e+02
8.200365591049194336e+01,9.000000000000000000e+01,6.850000000000000000e+01
8.200365591049194336e+01,8.950000000000000000e+01,8.800000000000000000e+01
8.200365591049194336e+01,8.950000000000000000e+01,8.900000000000000000e+01
8.100361132621765137e+01,9.000000000000000000e+01,9.000000000000000000e+01
8.200365591049194336e+01,9.000000000000000000e+01,8.950000000000000000e+01
8.100361132621765137e+01,9.000000000000000000e+01,9.100000000000000000e+01
8.100361132621765137e+01,9.000000000000000000e+01,9.200000000000000000e+01
8.100361132621765137e+01,9.000000000000000000e+01,9.500000000000000000e+01
8.200365591049194336e+01,9.000000000000000000e+01,9.450000000000000000e+01
8.200365591049194336e+01,8.950000000000000000e+01,9.500000000000000000e+01
8.200365591049194336e+01,8.950000000000000000e+01,9.600000000000000000e+01
8.100361132621765137e+01,9.000000000000000000e+01,9.600000000000000000e+01
8.200365591049194336e+01,8.950000000000000000e+01,9.700000000000000000e+01
8.100361132621765137e+01,9.000000000000000000e+01,9.700000000000000000e+01
8.100361132621765137e+01,9.000000000000000000e+01,9.800000000000000000e+01
8.100361132621765137e+01,9.000000000000000000e+01,1.100000000000000000e+02
8.200365591049194336e+01,8.950000000000000000e+01,1.110000000000000000e+02
8.100361132621765137e+01,9.000000000000000000e+01,1.110000000000000000e+02
8.200365591049194336e+01,9.000000000000000000e+01,1.115000000000000000e+02
8.200365591049194336e+01,9.100000000000000000e+01,6.850000000000000000e+01
8.200365591049194336e+01,9.050000000000000000e+01,9.000000000000000000e+01
8.200365591049194336e+01,9.050000000000000000e+01,9.100000000000000000e+01
8.200365591049194336e+01,9.050000000000000000e+01,9.200000000000000000e+01
8.200365591049194336e+01,9.050000000000000000e+01,9.300000000000000000e+01
8.200365591049194336e+01,9.050000000000000000e+01,9.400000000000000000e+01
8.100361132621765137e+01,9.100000000000000000e+01,1.110000000000000000e+02
8.200365591049194336e+01,9.100000000000000000e+01,1.115000000000000000e+02
8.200365591049194336e+01,9.150000000000000000e+01,6.900000000000000000e+01
8.200365591049194336e+01,9.200000000000000000e+01,6.950000000000000000e+01
8.200365591049194336e+01,9.200000000000000000e+01,1.115000000000000000e+02
8.200365591049194336e+01,9.250000000000000000e+01,7.000000000000000000e+01
8.100361132621765137e+01,9.300000000000000000e+01,7.100000000000000000e+01
8.200365591049194336e+01,9.250000000000000000e+01,7.100000000000000000e+01
8.100361132621765137e+01,9.300000000000000000e+01,7.200000000000000000e+01
8.200365591049194336e+01,9.250000000000000000e+01,7.200000000000000000e+01
8.100361132621765137e+01,9.300000000000000000e+01,7.300000000000000000e+01
8.200365591049194336e+01,9.250000000000000000e+01,7.300000000000000000e+01
8.100361132621765137e+01,9.300000000000000000e+01,7.400000000000000000e+01
8.200365591049194336e+01,9.250000000000000000e+01,7.400000000000000000e+01
8.100361132621765137e+01,9.300000000000000000e+01,7.500000000000000000e+01
8.200365591049194336e+01,9.250000000000000000e+01,7.500000000000000000e+01
8.200365591049194336e+01,9.300000000000000000e+01,7.550000000000000000e+01
8.200365591049194336e+01,9.300000000000000000e+01,1.115000000000000000e+02
8.200365591049194336e+01,9.350000000000000000e+01,7.600000000000000000e+01
8.100361132621765137e+01,9.400000000000000000e+01,7.700000000000000000e+01
8.200365591049194336e+01,9.350000000000000000e+01,7.700000000000000000e+01
8.100361132621765137e+01,9.400000000000000000e+01,7.800000000000000000e+01
8.200365591049194336e+01,9.350000000000000000e+01,7.800000000000000000e+01
8.100361132621765137e+01,9.400000000000000000e+01,7.900000000000000000e+01
8.200365591049194336e+01,9.350000000000000000e+01,7.900000000000000000e+01
8.200365591049194336e+01,9.400000000000000000e+01,7.950000000000000000e+01
8.100361132621765137e+01,9.400000000000000000e+01,1.110000000000000000e+02
8.200365591049194336e+01,9.350000000000000000e+01,1.110000000000000000e+02
8.200365591049194336e+01,9.400000000000000000e+01,1.105000000000000000e+02
8.200365591049194336e+01,9.450000000000000000e+01,8.000000000000000000e+01
8.100361132621765137e+01,9.500000000000000000e+01,8.100000000000000000e+01
8.200365591049194336e+01,9.450000000000000000e+01,8.100000000000000000e+01
8.100361132621765137e+01,9.500000000000000000e+01,8.200000000000000000e+01
8.200365591049194336e+01,9.450000000000000000e+01,8.200000000000000000e+01
8.100361132621765137e+01,9.500000000000000000e+01,8.300000000000000000e+01
8.200365591049194336e+01,9.450000000000000000e+01,8.300000000000000000e+01
8.200365591049194336e+01,9.500000000000000000e+01,8.350000000000000000e+01
8.100361132621765137e+01,9.500000000000000000e+01,1.100000000000000000e+02
8.200365591049194336e+01,9.450000000000000000e+01,1.100000000000000000e+02
8.200365591049194336e+01,9.500000000000000000e+01,1.095000000000000000e+02
8.200365591049194336e+01,9.550000000000000000e+01,8.400000000000000000e+01
8.100361132621765137e+01,9.600000000000000000e+01,8.500000000000000000e+01
8.200365591049194336e+01,9.550000000000000000e+01,8.500000000000000000e+01
8.100361132621765137e+01,9.600000000000000000e+01,8.600000000000000000e+01
8.200365591049194336e+01,9.550000000000000000e+01,8.600000000000000000e+01
8.200365591049194336e+01,9.600000000000000000e+01,8.650000000000000000e+01
8.100361132621765137e+01,9.600000000000000000e+01,1.090000000000000000e+02
8.200365591049194336e+01,9.550000000000000000e+01,1.090000000000000000e+02
8.200365591049194336e+01,9.600000000000000000e+01,1.085000000000000000e+02
8.100361132621765137e+01,9.700000000000000000e+01,8.700000000000000000e+01
8.200365591049194336e+01,9.650000000000000000e+01,8.700000000000000000e+01
8.200365591049194336e+01,9.700000000000000000e+01,8.750000000000000000e+01
8.100361132621765137e+01,9.700000000000000000e+01,1.070000000000000000e+02
8.200365591049194336e+01,9.650000000000000000e+01,1.070000000000000000e+02
8.200365591049194336e+01,9.700000000000000000e+01,1.065000000000000000e+02
8.200365591049194336e+01,9.650000000000000000e+01,1.080000000000000000e+02
8.100361132621765137e+01,9.800000000000000000e+01,8.800000000000000000e+01
8.200365591049194336e+01,9.750000000000000000e+01,8.800000000000000000e+01
8.200365591049194336e+01,9.800000000000000000e+01,8.850000000000000000e+01
8.100361132621765137e+01,9.800000000000000000e+01,1.060000000000000000e+02
8.200365591049194336e+01,9.750000000000000000e+01,1.060000000000000000e+02
8.200365591049194336e+01,9.800000000000000000e+01,1.055000000000000000e+02
8.100361132621765137e+01,9.900000000000000000e+01,8.900000000000000000e+01
8.200365591049194336e+01,9.850000000000000000e+01,8.900000000000000000e+01
8.200365591049194336e+01,9.900000000000000000e+01,8.950000000000000000e+01
8.100361132621765137e+01,9.900000000000000000e+01,1.050000000000000000e+02
8.200365591049194336e+01,9.850000000000000000e+01,1.050000000000000000e+02
8.200365591049194336e+01,9.900000000000000000e+01,1.045000000000000000e+02
8.200365591049194336e+01,1.000000000000000000e+02,8.950000000000000000e+01
8.100361132621765137e+01,1.000000000000000000e+02,9.000000000000000000e+01
8.200365591049194336e+01,1.000000000000000000e+02,1.045000000000000000e+02
8.200365591049194336e+01,1.005000000000000000e+02,9.000000000000000000e+01
8.100361132621765137e+01,1.010000000000000000e+02,9.100000000000000000e+01
8.200365591049194336e+01,1.010000000000000000e+02,9.050000000000000000e+01
8.200365591049194336e+01,1.005000000000000000e+02,1.040000000000000000e+02
8.200365591049194336e+01,1.010000000000000000e+02,1.035000000000000000e+02
8.100361132621765137e+01,1.020000000000000000e+02,9.100000000000000000e+01
8.200365591049194336e+01,1.020000000000000000e+02,9.050000000000000000e+01
8.100361132621765137e+01,1.020000000000000000e+02,9.200000000000000000e+01
8.200365591049194336e+01,1.020000000000000000e+02,1.035000000000000000e+02
8.200365591049194336e+01,1.025000000000000000e+02,9.100000000000000000e+01
8.100361132621765137e+01,1.030000000000000000e+02,9.200000000000000000e+01
8.200365591049194336e+01,1.030000000000000000e+02,9.150000000000000000e+01
8.200365591049194336e+01,1.030000000000000000e+02,1.035000000000000000e+02
8.100361132621765137e+01,1.040000000000000000e+02,9.200000000000000000e+01
8.200365591049194336e+01,1.040000000000000000e+02,9.150000000000000000e+01
8.200365591049194336e+01,1.040000000000000000e+02,1.035000000000000000e+02
8.100361132621765137e+01,1.050000000000000000e+02,9.200000000000000000e+01
8.200365591049194336e+01,1.050000000000000000e+02,9.150000000000000000e+01
8.100361132621765137e+01,1.050000000000000000e+02,1.040000000000000000e+02
8.200365591049194336e+01,1.050000000000000000e+02,1.035000000000000000e+02
8.200365591049194336e+01,1.060000000000000000e+02,9.150000000000000000e+01
8.100361132621765137e+01,1.060000000000000000e+02,1.040000000000000000e+02
8.200365591049194336e+01,1.060000000000000000e+02,1.035000000000000000e+02
8.100361132621765137e+01,1.070000000000000000e+02,9.100000000000000000e+01
8.200365591049194336e+01,1.070000000000000000e+02,9.050000000000000000e+01
8.200365591049194336e+01,1.065000000000000000e+02,9.100000000000000000e+01
8.200365591049194336e+01,1.065000000000000000e+02,1.040000000000000000e+02
8.100361132621765137e+01,1.070000000000000000e+02,1.050000000000000000e+02
8.200365591049194336e+01,1.070000000000000000e+02,1.045000000000000000e+02
8.200365591049194336e+01,1.080000000000000000e+02,9.050000000000000000e+01
8.200365591049194336e+01,1.075000000000000000e+02,1.050000000000000000e+02
8.100361132621765137e+01,1.080000000000000000e+02,1.060000000000000000e+02
8.200365591049194336e+01,1.080000000000000000e+02,1.055000000000000000e+02
8.200365591049194336e+01,1.090000000000000000e+02,8.950000000000000000e+01
8.200365591049194336e+01,1.085000000000000000e+02,9.000000000000000000e+01
8.200365591049194336e+01,1.085000000000000000e+02,1.060000000000000000e+02
8.200365591049194336e+01,1.090000000000000000e+02,1.065000000000000000e+02
8.100361132621765137e+01,1.100000000000000000e+02,8.200000000000000000e+01
8.100361132621765137e+01,1.100000000000000000e+02,8.300000000000000000e+01
8.100361132621765137e+01,1.100000000000000000e+02,8.400000000000000000e+01
8.100361132621765137e+01,1.100000000000000000e+02,8.500000000000000000e+01
8.100361132621765137e+01,1.100000000000000000e+02,8.600000000000000000e+01
8.100361132621765137e+01,1.100000000000000000e+02,8.700000000000000000e+01
8.100361132621765137e+01,1.100000000000000000e+02,8.800000000000000000e+01
8.200365591049194336e+01,1.100000000000000000e+02,8.850000000000000000e+01
8.200365591049194336e+01,1.095000000000000000e+02,8.900000000000000000e+01
8.100361132621765137e+01,1.100000000000000000e+02,1.070000000000000000e+02
8.200365591049194336e+01,1.100000000000000000e+02,1.065000000000000000e+02
8.100361132621765137e+01,1.110000000000000000e+02,8.100000000000000000e+01
8.200365591049194336e+01,1.110000000000000000e+02,8.150000000000000000e+01
8.200365591049194336e+01,1.105000000000000000e+02,8.200000000000000000e+01
8.200365591049194336e+01,1.105000000000000000e+02,8.300000000000000000e+01
8.200365591049194336e+01,1.105000000000000000e+02,8.400000000000000000e+01
8.200365591049194336e+01,1.105000000000000000e+02,8.500000000000000000e+01
8.200365591049194336e+01,1.105000000000000000e+02,8.600000000000000000e+01
8.200365591049194336e+01,1.105000000000000000e+02,8.700000000000000000e+01
8.200365591049194336e+01,1.105000000000000000e+02,8.800000000000000000e+01
8.200365591049194336e+01,1.110000000000000000e+02,1.065000000000000000e+02
8.200365591049194336e+01,1.120000000000000000e+02,8.050000000000000000e+01
8.200365591049194336e+01,1.115000000000000000e+02,8.100000000000000000e+01
8.200365591049194336e+01,1.120000000000000000e+02,1.065000000000000000e+02
8.200365591049194336e+01,1.130000000000000000e+02,8.050000000000000000e+01
8.200365591049194336e+01,1.130000000000000000e+02,1.065000000000000000e+02
8.200365591049194336e+01,1.140000000000000000e+02,8.050000000000000000e+01
8.200365591049194336e+01,1.140000000000000000e+02,1.065000000000000000e+02
8.200365591049194336e+01,1.150000000000000000e+02,8.050000000000000000e+01
8.200365591049194336e+01,1.150000000000000000e+02,1.065000000000000000e+02
8.200365591049194336e+01,1.160000000000000000e+02,8.050000000000000000e+01
8.200365591049194336e+01,1.160000000000000000e+02,1.065000000000000000e+02
8.200365591049194336e+01,1.170000000000000000e+02,8.050000000000000000e+01
8.200365591049194336e+01,1.170000000000000000e+02,1.065000000000000000e+02
8.100361132621765137e+01,1.180000000000000000e+02,8.100000000000000000e+01
8.200365591049194336e+01,1.180000000000000000e+02,8.050000000000000000e+01
8.200365591049194336e+01,1.180000000000000000e+02,1.065000000000000000e+02
8.100361132621765137e+01,1.190000000000000000e+02,8.100000000000000000e+01
8.200365591049194336e+01,1.190000000000000000e+02,8.050000000000000000e+01
8.200365591049194336e+01,1.190000000000000000e+02,1.065000000000000000e+02
8.100361132621765137e+01,1.200000000000000000e+02,8.100000000000000000e+01
8.200365591049194336e+01,1.200000000000000000e+02,8.050000000000000000e+01
8.200365591049194336e+01,1.200000000000000000e+02,1.065000000000000000e+02
8.100361132621765137e+01,1.210000000000000000e+02,8.100000000000000000e+01
8.200365591049194336e+01,1.210000000000000000e+02,8.050000000000000000e+01
8.200365591049194336e+01,1.210000000000000000e+02,1.065000000000000000e+02
8.200365591049194336e+01,1.220000000000000000e+02,8.050000000000000000e+01
8.200365591049194336e+01,1.220000000000000000e+02,1.065000000000000000e+02
8.200365591049194336e+01,1.230000000000000000e+02,8.050000000000000000e+01
8.200365591049194336e+01,1.225000000000000000e+02,1.070000000000000000e+02
8.200365591049194336e+01,1.230000000000000000e+02,1.075000000000000000e+02
8.200365591049194336e+01,1.240000000000000000e+02,8.050000000000000000e+01
8.200365591049194336e+01,1.240000000000000000e+02,1.075000000000000000e+02
8.200365591049194336e+01,1.250000000000000000e+02,8.050000000000000000e+01
8.200365591049194336e+01,1.250000000000000000e+02,1.075000000000000000e+02
8.200365591049194336e+01,1.260000000000000000e+02,8.050000000000000000e+01
8.100361132621765137e+01,1.260000000000000000e+02,1.080000000000000000e+02
8.200365591049194336e+01,1.260000000000000000e+02,1.075000000000000000e+02
8.200365591049194336e+01,1.270000000000000000e+02,8.050000000000000000e+01
8.200365591049194336e+01,1.265000000000000000e+02,1.080000000000000000e+02
8.200365591049194336e+01,1.270000000000000000e+02,1.085000000000000000e+02
8.200365591049194336e+01,1.280000000000000000e+02,8.050000000000000000e+01
8.200365591049194336e+01,1.280000000000000000e+02,1.085000000000000000e+02
8.200365591049194336e+01,1.290000000000000000e+02,8.050000000000000000e+01
8.200365591049194336e+01,1.290000000000000000e+02,1.085000000000000000e+02
8.200365591049194336e+01,1.300000000000000000e+02,8.050000000000000000e+01
8.200365591049194336e+01,1.300000000000000000e+02,1.085000000000000000e+02
8.200365591049194336e+01,1.310000000000000000e+02,8.050000000000000000e+01
8.200365591049194336e+01,1.310000000000000000e+02,1.085000000000000000e+02
8.200365591049194336e+01,1.320000000000000000e+02,8.050000000000000000e+01
8.100361132621765137e+01,1.320000000000000000e+02,9.600000000000000000e+01
8.200365591049194336e+01,1.315000000000000000e+02,9.600000000000000000e+01
8.200365591049194336e+01,1.320000000000000000e+02,9.550000000000000000e+01
8.100361132621765137e+01,1.320000000000000000e+02,9.700000000000000000e+01
8.200365591049194336e+01,1.315000000000000000e+02,9.700000000000000000e+01
8.100361132621765137e+01,1.320000000000000000e+02,9.800000000000000000e+01
8.200365591049194336e+01,1.315000000000000000e+02,9.800000000000000000e+01
8.100361132621765137e+01,1.320000000000000000e+02,9.900000000000000000e+01
8.200365591049194336e+01,1.315000000000000000e+02,9.900000000000000000e+01
8.200365591049194336e+01,1.320000000000000000e+02,9.950000000000000000e+01
8.200365591049194336e+01,1.320000000000000000e+02,1.085000000000000000e+02
8.200365591049194336e+01,1.330000000000000000e+02,8.050000000000000000e+01
8.100361132621765137e+01,1.330000000000000000e+02,9.200000000000000000e+01
8.200365591049194336e+01,1.325000000000000000e+02,9.200000000000000000e+01
8.200365591049194336e+01,1.330000000000000000e+02,9.150000000000000000e+01
8.100361132621765137e+01,1.330000000000000000e+02,9.300000000000000000e+01
8.200365591049194336e+01,1.325000000000000000e+02,9.300000000000000000e+01
8.100361132621765137e+01,1.330000000000000000e+02,9.400000000000000000e+01
8.200365591049194336e+01,1.325000000000000000e+02,9.400000000000000000e+01
8.100361132621765137e+01,1.330000000000000000e+02,9.500000000000000000e+01
8.200365591049194336e+01,1.325000000000000000e+02,9.500000000000000000e+01
8.100361132621765137e+01,1.330000000000000000e+02,9.600000000000000000e+01
8.100361132621765137e+01,1.330000000000000000e+02,9.700000000000000000e+01
8.100361132621765137e+01,1.330000000000000000e+02,9.800000000000000000e+01
8.100361132621765137e+01,1.330000000000000000e+02,9.900000000000000000e+01
8.200365591049194336e+01,1.325000000000000000e+02,1.000000000000000000e+02
8.100361132621765137e+01,1.330000000000000000e+02,1.000000000000000000e+02
8.100361132621765137e+01,1.330000000000000000e+02,1.010000000000000000e+02
8.200365591049194336e+01,1.325000000000000000e+02,1.010000000000000000e+02
8.200365591049194336e+01,1.330000000000000000e+02,1.015000000000000000e+02
8.100361132621765137e+01,1.330000000000000000e+02,1.080000000000000000e+02
8.200365591049194336e+01,1.325000000000000000e+02,1.080000000000000000e+02
8.200365591049194336e+01,1.330000000000000000e+02,1.075000000000000000e+02
8.200365591049194336e+01,1.340000000000000000e+02,8.050000000000000000e+01
8.100361132621765137e+01,1.340000000000000000e+02,8.900000000000000000e+01
8.200365591049194336e+01,1.335000000000000000e+02,8.900000000000000000e+01
8.200365591049194336e+01,1.340000000000000000e+02,8.850000000000000000e+01
8.100361132621765137e+01,1.340000000000000000e+02,9.000000000000000000e+01
8.200365591049194336e+01,1.335000000000000000e+02,9.000000000000000000e+01
8.100361132621765137e+01,1.340000000000000000e+02,9.100000000000000000e+01
8.200365591049194336e+01,1.335000000000000000e+02,9.100000000000000000e+01
8.100361132621765137e+01,1.340000000000000000e+02,9.200000000000000000e+01
8.100361132621765137e+01,1.340000000000000000e+02,9.300000000000000000e+01
8.100361132621765137e+01,1.340000000000000000e+02,9.400000000000000000e+01
8.100361132621765137e+01,1.340000000000000000e+02,9.500000000000000000e+01
8.100361132621765137e+01,1.340000000000000000e+02,9.600000000000000000e+01
8.100361132621765137e+01,1.340000000000000000e+02,1.020000000000000000e+02
8.200365591049194336e+01,1.335000000000000000e+02,1.020000000000000000e+02
8.100361132621765137e+01,1.340000000000000000e+02,1.030000000000000000e+02
8.200365591049194336e+01,1.335000000000000000e+02,1.030000000000000000e+02
8.200365591049194336e+01,1.340000000000000000e+02,1.035000000000000000e+02
8.100361132621765137e+01,1.340000000000000000e+02,1.080000000000000000e+02
8.200365591049194336e+01,1.340000000000000000e+02,1.075000000000000000e+02
8.200365591049194336e+01,1.345000000000000000e+02,8.100000000000000000e+01
8.100361132621765137e+01,1.350000000000000000e+02,8.100000000000000000e+01
8.200365591049194336e+01,1.350000000000000000e+02,8.150000000000000000e+01
8.100361132621765137e+01,1.350000000000000000e+02,8.600000000000000000e+01
8.200365591049194336e+01,1.345000000000000000e+02,8.600000000000000000e+01
8.200365591049194336e+01,1.350000000000000000e+02,8.550000000000000000e+01
8.100361132621765137e+01,1.350000000000000000e+02,8.700000000000000000e+01
8.200365591049194336e+01,1.345000000000000000e+02,8.700000000000000000e+01
8.100361132621765137e+01,1.350000000000000000e+02,8.800000000000000000e+01
8.200365591049194336e+01,1.345000000000000000e+02,8.800000000000000000e+01
8.100361132621765137e+01,1.350000000000000000e+02,8.900000000000000000e+01
8.100361132621765137e+01,1.350000000000000000e+02,1.040000000000000000e+02
8.200365591049194336e+01,1.345000000000000000e+02,1.040000000000000000e+02
8.200365591049194336e+01,1.350000000000000000e+02,1.045000000000000000e+02
8.100361132621765137e+01,1.350000000000000000e+02,1.070000000000000000e+02
8.200365591049194336e+01,1.345000000000000000e+02,1.070000000000000000e+02
8.200365591049194336e+01,1.350000000000000000e+02,1.065000000000000000e+02
8.100361132621765137e+01,1.350000000000000000e+02,1.080000000000000000e+02
8.100361132621765137e+01,1.360000000000000000e+02,8.100000000000000000e+01
8.200365591049194336e+01,1.355000000000000000e+02,8.200000000000000000e+01
8.100361132621765137e+01,1.360000000000000000e+02,8.200000000000000000e+01
8.100361132621765137e+01,1.360000000000000000e+02,8.300000000000000000e+01
8.200365591049194336e+01,1.355000000000000000e+02,8.300000000000000000e+01
8.100361132621765137e+01,1.360000000000000000e+02,8.400000000000000000e+01
8.200365591049194336e+01,1.355000000000000000e+02,8.400000000000000000e+01
8.100361132621765137e+01,1.360000000000000000e+02,8.500000000000000000e+01
8.200365591049194336e+01,1.355000000000000000e+02,8.500000000000000000e+01
8.100361132621765137e+01,1.360000000000000000e+02,8.600000000000000000e+01
8.200365591049194336e+01,1.355000000000000000e+02,1.050000000000000000e+02
8.100361132621765137e+01,1.360000000000000000e+02,1.060000000000000000e+02
8.200365591049194336e+01,1.355000000000000000e+02,1.060000000000000000e+02
8.100361132621765137e+01,1.360000000000000000e+02,1.070000000000000000e+02
8.100361132621765137e+01,1.370000000000000000e+02,8.300000000000000000e+01
8.300370049476623535e+01,8.300000000000000000e+01,1.010000000000000000e+02
8.400374507904052734e+01,8.300000000000000000e+01,1.005000000000000000e+02
8.400374507904052734e+01,8.250000000000000000e+01,1.010000000000000000e+02
8.400374507904052734e+01,8.250000000000000000e+01,1.020000000000000000e+02
8.300370049476623535e+01,8.300000000000000000e+01,1.020000000000000000e+02
8.400374507904052734e+01,8.250000000000000000e+01,1.030000000000000000e+02
8.300370049476623535e+01,8.300000000000000000e+01,1.030000000000000000e+02
8.400374507904052734e+01,8.250000000000000000e+01,1.040000000000000000e+02
8.300370049476623535e+01,8.300000000000000000e+01,1.040000000000000000e+02
8.400374507904052734e+01,8.250000000000000000e+01,1.050000000000000000e+02
8.300370049476623535e+01,8.300000000000000000e+01,1.050000000000000000e+02
8.400374507904052734e+01,8.250000000000000000e+01,1.060000000000000000e+02
8.300370049476623535e+01,8.300000000000000000e+01,1.060000000000000000e+02
8.400374507904052734e+01,8.300000000000000000e+01,1.065000000000000000e+02
8.300370049476623535e+01,8.400000000000000000e+01,7.300000000000000000e+01
8.400374507904052734e+01,8.400000000000000000e+01,7.250000000000000000e+01
8.400374507904052734e+01,8.350000000000000000e+01,7.300000000000000000e+01
8.400374507904052734e+01,8.350000000000000000e+01,7.400000000000000000e+01
8.300370049476623535e+01,8.400000000000000000e+01,7.400000000000000000e+01
8.400374507904052734e+01,8.350000000000000000e+01,7.500000000000000000e+01
8.300370049476623535e+01,8.400000000000000000e+01,7.500000000000000000e+01
8.400374507904052734e+01,8.350000000000000000e+01,7.600000000000000000e+01
8.300370049476623535e+01,8.400000000000000000e+01,7.600000000000000000e+01
8.400374507904052734e+01,8.350000000000000000e+01,7.700000000000000000e+01
8.300370049476623535e+01,8.400000000000000000e+01,7.700000000000000000e+01
8.400374507904052734e+01,8.350000000000000000e+01,7.800000000000000000e+01
8.300370049476623535e+01,8.400000000000000000e+01,7.800000000000000000e+01
8.400374507904052734e+01,8.350000000000000000e+01,7.900000000000000000e+01
8.300370049476623535e+01,8.400000000000000000e+01,7.900000000000000000e+01
8.400374507904052734e+01,8.400000000000000000e+01,7.950000000000000000e+01
8.300370049476623535e+01,8.400000000000000000e+01,1.000000000000000000e+02
8.400374507904052734e+01,8.400000000000000000e+01,9.950000000000000000e+01
8.400374507904052734e+01,8.350000000000000000e+01,1.000000000000000000e+02
8.300370049476623535e+01,8.400000000000000000e+01,1.010000000000000000e+02
8.300370049476623535e+01,8.400000000000000000e+01,1.020000000000000000e+02
8.300370049476623535e+01,8.400000000000000000e+01,1.030000000000000000e+02
8.300370049476623535e+01,8.400000000000000000e+01,1.040000000000000000e+02
8.300370049476623535e+01,8.400000000000000000e+01,1.050000000000000000e+02
8.300370049476623535e+01,8.400000000000000000e+01,1.060000000000000000e+02
8.400374507904052734e+01,8.350000000000000000e+01,1.070000000000000000e+02
8.300370049476623535e+01,8.400000000000000000e+01,1.070000000000000000e+02
8.400374507904052734e+01,8.400000000000000000e+01,1.075000000000000000e+02
8.300370049476623535e+01,8.500000000000000000e+01,7.200000000000000000e+01
8.400374507904052734e+01,8.500000000000000000e+01,7.150000000000000000e+01
8.400374507904052734e+01,8.450000000000000000e+01,7.200000000000000000e+01
8.400374507904052734e+01,8.450000000000000000e+01,8.000000000000000000e+01
8.400374507904052734e+01,8.450000000000000000e+01,8.100000000000000000e+01
8.400374507904052734e+01,8.500000000000000000e+01,8.150000000000000000e+01
8.300370049476623535e+01,8.500000000000000000e+01,9.900000000000000000e+01
8.400374507904052734e+01,8.500000000000000000e+01,9.850000000000000000e+01
8.400374507904052734e+01,8.450000000000000000e+01,9.900000000000000000e+01
8.300370049476623535e+01,8.500000000000000000e+01,1.000000000000000000e+02
8.300370049476623535e+01,8.500000000000000000e+01,1.010000000000000000e+02
8.300370049476623535e+01,8.500000000000000000e+01,1.020000000000000000e+02
8.300370049476623535e+01,8.500000000000000000e+01,1.030000000000000000e+02
8.300370049476623535e+01,8.500000000000000000e+01,1.040000000000000000e+02
8.300370049476623535e+01,8.500000000000000000e+01,1.050000000000000000e+02
8.300370049476623535e+01,8.500000000000000000e+01,1.060000000000000000e+02
8.300370049476623535e+01,8.500000000000000000e+01,1.070000000000000000e+02
8.400374507904052734e+01,8.450000000000000000e+01,1.080000000000000000e+02
8.300370049476623535e+01,8.500000000000000000e+01,1.080000000000000000e+02
8.400374507904052734e+01,8.500000000000000000e+01,1.085000000000000000e+02
8.400374507904052734e+01,8.600000000000000000e+01,7.050000000000000000e+01
8.400374507904052734e+01,8.550000000000000000e+01,7.100000000000000000e+01
8.400374507904052734e+01,8.550000000000000000e+01,8.200000000000000000e+01
8.400374507904052734e+01,8.550000000000000000e+01,8.300000000000000000e+01
8.400374507904052734e+01,8.600000000000000000e+01,8.350000000000000000e+01
8.300370049476623535e+01,8.600000000000000000e+01,9.900000000000000000e+01
8.400374507904052734e+01,8.600000000000000000e+01,9.850000000000000000e+01
8.300370049476623535e+01,8.600000000000000000e+01,1.000000000000000000e+02
8.300370049476623535e+01,8.600000000000000000e+01,1.010000000000000000e+02
8.300370049476623535e+01,8.600000000000000000e+01,1.020000000000000000e+02
8.300370049476623535e+01,8.600000000000000000e+01,1.030000000000000000e+02
8.300370049476623535e+01,8.600000000000000000e+01,1.040000000000000000e+02
8.300370049476623535e+01,8.600000000000000000e+01,1.050000000000000000e+02
8.300370049476623535e+01,8.600000000000000000e+01,1.060000000000000000e+02
8.300370049476623535e+01,8.600000000000000000e+01,1.070000000000000000e+02
8.300370049476623535e+01,8.600000000000000000e+01,1.080000000000000000e+02
8.400374507904052734e+01,8.550000000000000000e+01,1.090000000000000000e+02
8.300370049476623535e+01,8.600000000000000000e+01,1.090000000000000000e+02
8.400374507904052734e+01,8.600000000000000000e+01,1.095000000000000000e+02
8.400374507904052734e+01,8.700000000000000000e+01,6.950000000000000000e+01
8.400374507904052734e+01,8.650000000000000000e+01,7.000000000000000000e+01
8.400374507904052734e+01,8.650000000000000000e+01,8.400000000000000000e+01
8.300370049476623535e+01,8.700000000000000000e+01,8.500000000000000000e+01
8.400374507904052734e+01,8.700000000000000000e+01,8.450000000000000000e+01
8.300370049476623535e+01,8.700000000000000000e+01,9.900000000000000000e+01
8.400374507904052734e+01,8.700000000000000000e+01,9.850000000000000000e+01
8.300370049476623535e+01,8.700000000000000000e+01,1.000000000000000000e+02
8.300370049476623535e+01,8.700000000000000000e+01,1.010000000000000000e+02
8.300370049476623535e+01,8.700000000000000000e+01,1.090000000000000000e+02
8.400374507904052734e+01,8.700000000000000000e+01,1.095000000000000000e+02
8.400374507904052734e+01,8.800000000000000000e+01,6.850000000000000000e+01
8.400374507904052734e+01,8.750000000000000000e+01,6.900000000000000000e+01
8.400374507904052734e+01,8.750000000000000000e+01,8.500000000000000000e+01
8.300370049476623535e+01,8.800000000000000000e+01,8.600000000000000000e+01
8.400374507904052734e+01,8.800000000000000000e+01,8.550000000000000000e+01
8.300370049476623535e+01,8.800000000000000000e+01,9.800000000000000000e+01
8.400374507904052734e+01,8.800000000000000000e+01,9.750000000000000000e+01
8.400374507904052734e+01,8.750000000000000000e+01,9.800000000000000000e+01
8.300370049476623535e+01,8.800000000000000000e+01,9.900000000000000000e+01
8.400374507904052734e+01,8.750000000000000000e+01,1.100000000000000000e+02
8.400374507904052734e+01,8.800000000000000000e+01,1.105000000000000000e+02
8.400374507904052734e+01,8.900000000000000000e+01,6.850000000000000000e+01
8.400374507904052734e+01,8.850000000000000000e+01,8.600000000000000000e+01
8.300370049476623535e+01,8.900000000000000000e+01,8.700000000000000000e+01
8.400374507904052734e+01,8.900000000000000000e+01,8.650000000000000000e+01
8.300370049476623535e+01,8.900000000000000000e+01,9.700000000000000000e+01
8.400374507904052734e+01,8.900000000000000000e+01,9.650000000000000000e+01
8.400374507904052734e+01,8.850000000000000000e+01,9.700000000000000000e+01
8.400374507904052734e+01,8.900000000000000000e+01,1.105000000000000000e+02
8.400374507904052734e+01,8.950000000000000000e+01,6.900000000000000000e+01
8.300370049476623535e+01,9.000000000000000000e+01,6.900000000000000000e+01
8.400374507904052734e+01,9.000000000000000000e+01,6.950000000000000000e+01
8.400374507904052734e+01,8.950000000000000000e+01,8.700000000000000000e+01
8.300370049476623535e+01,9.000000000000000000e+01,8.800000000000000000e+01
8.400374507904052734e+01,9.000000000000000000e+01,8.750000000000000000e+01
8.300370049476623535e+01,9.000000000000000000e+01,8.900000000000000000e+01
8.300370049476623535e+01,9.000000000000000000e+01,9.500000000000000000e+01
8.400374507904052734e+01,9.000000000000000000e+01,9.550000000000000000e+01
8.400374507904052734e+01,8.950000000000000000e+01,9.600000000000000000e+01
8.400374507904052734e+01,8.950000000000000000e+01,1.110000000000000000e+02
8.400374507904052734e+01,9.000000000000000000e+01,1.115000000000000000e+02
8.300370049476623535e+01,9.100000000000000000e+01,6.900000000000000000e+01
8.400374507904052734e+01,9.100000000000000000e+01,6.950000000000000000e+01
8.300370049476623535e+01,9.100000000000000000e+01,8.800000000000000000e+01
8.400374507904052734e+01,9.100000000000000000e+01,8.750000000000000000e+01
8.300370049476623535e+01,9.100000000000000000e+01,8.900000000000000000e+01
8.300370049476623535e+01,9.100000000000000000e+01,9.000000000000000000e+01
8.300370049476623535e+01,9.100000000000000000e+01,9.100000000000000000e+01
8.300370049476623535e+01,9.100000000000000000e+01,9.200000000000000000e+01
8.300370049476623535e+01,9.100000000000000000e+01,9.300000000000000000e+01
8.400374507904052734e+01,9.100000000000000000e+01,9.350000000000000000e+01
8.400374507904052734e+01,9.050000000000000000e+01,9.400000000000000000e+01
8.400374507904052734e+01,9.050000000000000000e+01,9.500000000000000000e+01
8.400374507904052734e+01,9.100000000000000000e+01,1.115000000000000000e+02
8.300370049476623535e+01,9.200000000000000000e+01,7.000000000000000000e+01
8.400374507904052734e+01,9.150000000000000000e+01,7.000000000000000000e+01
8.300370049476623535e+01,9.200000000000000000e+01,7.100000000000000000e+01
8.400374507904052734e+01,9.150000000000000000e+01,7.100000000000000000e+01
8.300370049476623535e+01,9.200000000000000000e+01,7.200000000000000000e+01
8.400374507904052734e+01,9.150000000000000000e+01,7.200000000000000000e+01
8.300370049476623535e+01,9.200000000000000000e+01,7.300000000000000000e+01
8.400374507904052734e+01,9.150000000000000000e+01,7.300000000000000000e+01
8.300370049476623535e+01,9.200000000000000000e+01,7.400000000000000000e+01
8.400374507904052734e+01,9.150000000000000000e+01,7.400000000000000000e+01
8.300370049476623535e+01,9.200000000000000000e+01,7.500000000000000000e+01
8.400374507904052734e+01,9.150000000000000000e+01,7.500000000000000000e+01
8.300370049476623535e+01,9.200000000000000000e+01,7.600000000000000000e+01
8.400374507904052734e+01,9.150000000000000000e+01,7.600000000000000000e+01
8.400374507904052734e+01,9.200000000000000000e+01,7.650000000000000000e+01
8.300370049476623535e+01,9.200000000000000000e+01,8.800000000000000000e+01
8.400374507904052734e+01,9.200000000000000000e+01,8.750000000000000000e+01
8.300370049476623535e+01,9.200000000000000000e+01,8.900000000000000000e+01
8.300370049476623535e+01,9.200000000000000000e+01,9.000000000000000000e+01
8.300370049476623535e+01,9.200000000000000000e+01,9.100000000000000000e+01
8.300370049476623535e+01,9.200000000000000000e+01,9.200000000000000000e+01
8.400374507904052734e+01,9.200000000000000000e+01,9.250000000000000000e+01
8.400374507904052734e+01,9.150000000000000000e+01,9.300000000000000000e+01
8.300370049476623535e+01,9.200000000000000000e+01,1.110000000000000000e+02
8.400374507904052734e+01,9.150000000000000000e+01,1.110000000000000000e+02
8.400374507904052734e+01,9.200000000000000000e+01,1.105000000000000000e+02
8.300370049476623535e+01,9.300000000000000000e+01,7.600000000000000000e+01
8.400374507904052734e+01,9.250000000000000000e+01,7.700000000000000000e+01
8.300370049476623535e+01,9.300000000000000000e+01,7.700000000000000000e+01
8.300370049476623535e+01,9.300000000000000000e+01,7.800000000000000000e+01
8.400374507904052734e+01,9.250000000000000000e+01,7.800000000000000000e+01
8.300370049476623535e+01,9.300000000000000000e+01,7.900000000000000000e+01
8.400374507904052734e+01,9.250000000000000000e+01,7.900000000000000000e+01
8.300370049476623535e+01,9.300000000000000000e+01,8.000000000000000000e+01
8.400374507904052734e+01,9.250000000000000000e+01,8.000000000000000000e+01
8.400374507904052734e+01,9.300000000000000000e+01,8.050000000000000000e+01
8.300370049476623535e+01,9.300000000000000000e+01,8.600000000000000000e+01
8.400374507904052734e+01,9.250000000000000000e+01,8.600000000000000000e+01
8.400374507904052734e+01,9.300000000000000000e+01,8.550000000000000000e+01
8.300370049476623535e+01,9.300000000000000000e+01,8.700000000000000000e+01
8.400374507904052734e+01,9.250000000000000000e+01,8.700000000000000000e+01
8.300370049476623535e+01,9.300000000000000000e+01,8.800000000000000000e+01
8.300370049476623535e+01,9.300000000000000000e+01,8.900000000000000000e+01
8.300370049476623535e+01,9.300000000000000000e+01,9.000000000000000000e+01
8.300370049476623535e+01,9.300000000000000000e+01,9.100000000000000000e+01
8.400374507904052734e+01,9.300000000000000000e+01,9.150000000000000000e+01
8.400374507904052734e+01,9.250000000000000000e+01,9.200000000000000000e+01
8.300370049476623535e+01,9.300000000000000000e+01,1.110000000000000000e+02
8.400374507904052734e+01,9.300000000000000000e+01,1.105000000000000000e+02
8.300370049476623535e+01,9.400000000000000000e+01,8.000000000000000000e+01
8.400374507904052734e+01,9.350000000000000000e+01,8.100000000000000000e+01
8.300370049476623535e+01,9.400000000000000000e+01,8.100000000000000000e+01
8.300370049476623535e+01,9.400000000000000000e+01,8.200000000000000000e+01
8.400374507904052734e+01,9.350000000000000000e+01,8.200000000000000000e+01
8.300370049476623535e+01,9.400000000000000000e+01,8.300000000000000000e+01
8.400374507904052734e+01,9.350000000000000000e+01,8.300000000000000000e+01
8.300370049476623535e+01,9.400000000000000000e+01,8.400000000000000000e+01
8.400374507904052734e+01,9.350000000000000000e+01,8.400000000000000000e+01
8.300370049476623535e+01,9.400000000000000000e+01,8.500000000000000000e+01
8.400374507904052734e+01,9.350000000000000000e+01,8.500000000000000000e+01
8.300370049476623535e+01,9.400000000000000000e+01,8.600000000000000000e+01
8.300370049476623535e+01,9.400000000000000000e+01,8.700000000000000000e+01
8.300370049476623535e+01,9.400000000000000000e+01,8.800000000000000000e+01
8.300370049476623535e+01,9.400000000000000000e+01,8.900000000000000000e+01
8.300370049476623535e+01,9.400000000000000000e+01,9.000000000000000000e+01
8.400374507904052734e+01,9.400000000000000000e+01,9.050000000000000000e+01
8.400374507904052734e+01,9.350000000000000000e+01,9.100000000000000000e+01
8.300370049476623535e+01,9.400000000000000000e+01,1.100000000000000000e+02
8.400374507904052734e+01,9.350000000000000000e+01,1.100000000000000000e+02
8.400374507904052734e+01,9.400000000000000000e+01,1.095000000000000000e+02
8.300370049476623535e+01,9.500000000000000000e+01,8.400000000000000000e+01
8.300370049476623535e+01,9.500000000000000000e+01,8.500000000000000000e+01
8.300370049476623535e+01,9.500000000000000000e+01,8.600000000000000000e+01
8.300370049476623535e+01,9.500000000000000000e+01,8.700000000000000000e+01
8.300370049476623535e+01,9.500000000000000000e+01,8.800000000000000000e+01
8.300370049476623535e+01,9.500000000000000000e+01,8.900000000000000000e+01
8.400374507904052734e+01,9.500000000000000000e+01,8.950000000000000000e+01
8.400374507904052734e+01,9.450000000000000000e+01,9.000000000000000000e+01
8.300370049476623535e+01,9.500000000000000000e+01,1.080000000000000000e+02
8.400374507904052734e+01,9.450000000000000000e+01,1.080000000000000000e+02
8.400374507904052734e+01,9.500000000000000000e+01,1.075000000000000000e+02
8.300370049476623535e+01,9.500000000000000000e+01,1.090000000000000000e+02
8.400374507904052734e+01,9.450000000000000000e+01,1.090000000000000000e+02
8.300370049476623535e+01,9.600000000000000000e+01,8.700000000000000000e+01
8.300370049476623535e+01,9.600000000000000000e+01,8.800000000000000000e+01
8.300370049476623535e+01,9.600000000000000000e+01,8.900000000000000000e+01
8.400374507904052734e+01,9.600000000000000000e+01,8.950000000000000000e+01
8.300370049476623535e+01,9.600000000000000000e+01,1.070000000000000000e+02
8.400374507904052734e+01,9.550000000000000000e+01,1.070000000000000000e+02
8.400374507904052734e+01,9.600000000000000000e+01,1.065000000000000000e+02
8.300370049476623535e+01,9.600000000000000000e+01,1.080000000000000000e+02
8.300370049476623535e+01,9.700000000000000000e+01,8.800000000000000000e+01
8.300370049476623535e+01,9.700000000000000000e+01,8.900000000000000000e+01
8.400374507904052734e+01,9.700000000000000000e+01,8.950000000000000000e+01
8.300370049476623535e+01,9.700000000000000000e+01,1.060000000000000000e+02
8.400374507904052734e+01,9.650000000000000000e+01,1.060000000000000000e+02
8.400374507904052734e+01,9.700000000000000000e+01,1.055000000000000000e+02
8.300370049476623535e+01,9.800000000000000000e+01,8.900000000000000000e+01
8.400374507904052734e+01,9.800000000000000000e+01,8.950000000000000000e+01
8.300370049476623535e+01,9.800000000000000000e+01,1.050000000000000000e+02
8.400374507904052734e+01,9.750000000000000000e+01,1.050000000000000000e+02
8.400374507904052734e+01,9.800000000000000000e+01,1.045000000000000000e+02
8.300370049476623535e+01,9.900000000000000000e+01,9.000000000000000000e+01
8.400374507904052734e+01,9.850000000000000000e+01,9.000000000000000000e+01
8.400374507904052734e+01,9.900000000000000000e+01,9.050000000000000000e+01
8.300370049476623535e+01,9.900000000000000000e+01,1.040000000000000000e+02
8.400374507904052734e+01,9.850000000000000000e+01,1.040000000000000000e+02
8.400374507904052734e+01,9.900000000000000000e+01,1.035000000000000000e+02
8.300370049476623535e+01,1.000000000000000000e+02,9.000000000000000000e+01
8.400374507904052734e+01,1.000000000000000000e+02,9.050000000000000000e+01
8.300370049476623535e+01,1.000000000000000000e+02,1.040000000000000000e+02
8.400374507904052734e+01,1.000000000000000000e+02,1.035000000000000000e+02
8.400374507904052734e+01,1.010000000000000000e+02,9.050000000000000000e+01
8.400374507904052734e+01,1.010000000000000000e+02,1.035000000000000000e+02
8.400374507904052734e+01,1.015000000000000000e+02,9.100000000000000000e+01
8.300370049476623535e+01,1.020000000000000000e+02,9.100000000000000000e+01
8.400374507904052734e+01,1.020000000000000000e+02,9.150000000000000000e+01
8.300370049476623535e+01,1.020000000000000000e+02,1.030000000000000000e+02
8.400374507904052734e+01,1.015000000000000000e+02,1.030000000000000000e+02
8.400374507904052734e+01,1.020000000000000000e+02,1.025000000000000000e+02
8.400374507904052734e+01,1.030000000000000000e+02,9.150000000000000000e+01
8.300370049476623535e+01,1.030000000000000000e+02,1.030000000000000000e+02
8.400374507904052734e+01,1.030000000000000000e+02,1.025000000000000000e+02
8.400374507904052734e+01,1.040000000000000000e+02,9.150000000000000000e+01
8.300370049476623535e+01,1.040000000000000000e+02,1.030000000000000000e+02
8.400374507904052734e+01,1.040000000000000000e+02,1.025000000000000000e+02
8.400374507904052734e+01,1.050000000000000000e+02,9.150000000000000000e+01
8.300370049476623535e+01,1.050000000000000000e+02,1.030000000000000000e+02
8.400374507904052734e+01,1.050000000000000000e+02,1.025000000000000000e+02
8.400374507904052734e+01,1.060000000000000000e+02,9.150000000000000000e+01
8.300370049476623535e+01,1.060000000000000000e+02,1.030000000000000000e+02
8.400374507904052734e+01,1.060000000000000000e+02,1.025000000000000000e+02
8.300370049476623535e+01,1.070000000000000000e+02,9.100000000000000000e+01
8.400374507904052734e+01,1.070000000000000000e+02,9.150000000000000000e+01
8.300370049476623535e+01,1.070000000000000000e+02,1.030000000000000000e+02
8.400374507904052734e+01,1.070000000000000000e+02,1.025000000000000000e+02
8.300370049476623535e+01,1.070000000000000000e+02,1.040000000000000000e+02
8.400374507904052734e+01,1.080000000000000000e+02,9.050000000000000000e+01
8.400374507904052734e+01,1.075000000000000000e+02,9.100000000000000000e+01
8.400374507904052734e+01,1.075000000000000000e+02,1.030000000000000000e+02
8.400374507904052734e+01,1.080000000000000000e+02,1.035000000000000000e+02
8.300370049476623535e+01,1.080000000000000000e+02,1.040000000000000000e+02
8.300370049476623535e+01,1.080000000000000000e+02,1.050000000000000000e+02
8.300370049476623535e+01,1.090000000000000000e+02,9.000000000000000000e+01
8.400374507904052734e+01,1.090000000000000000e+02,9.050000000000000000e+01
8.400374507904052734e+01,1.085000000000000000e+02,1.040000000000000000e+02
8.400374507904052734e+01,1.085000000000000000e+02,1.050000000000000000e+02
8.300370049476623535e+01,1.090000000000000000e+02,1.060000000000000000e+02
8.400374507904052734e+01,1.090000000000000000e+02,1.055000000000000000e+02
8.300370049476623535e+01,1.100000000000000000e+02,8.900000000000000000e+01
8.400374507904052734e+01,1.100000000000000000e+02,8.950000000000000000e+01
8.400374507904052734e+01,1.095000000000000000e+02,9.000000000000000000e+01
8.400374507904052734e+01,1.095000000000000000e+02,1.060000000000000000e+02
8.400374507904052734e+01,1.100000000000000000e+02,1.065000000000000000e+02
8.300370049476623535e+01,1.110000000000000000e+02,8.200000000000000000e+01
8.300370049476623535e+01,1.110000000000000000e+02,8.300000000000000000e+01
8.300370049476623535e+01,1.110000000000000000e+02,8.400000000000000000e+01
8.300370049476623535e+01,1.110000000000000000e+02,8.500000000000000000e+01
8.300370049476623535e+01,1.110000000000000000e+02,8.600000000000000000e+01
8.300370049476623535e+01,1.110000000000000000e+02,8.700000000000000000e+01
8.300370049476623535e+01,1.110000000000000000e+02,8.800000000000000000e+01
8.400374507904052734e+01,1.110000000000000000e+02,8.850000000000000000e+01
8.400374507904052734e+01,1.105000000000000000e+02,8.900000000000000000e+01
8.400374507904052734e+01,1.110000000000000000e+02,1.065000000000000000e+02
8.300370049476623535e+01,1.120000000000000000e+02,8.100000000000000000e+01
8.400374507904052734e+01,1.120000000000000000e+02,8.150000000000000000e+01
8.400374507904052734e+01,1.115000000000000000e+02,8.200000000000000000e+01
8.400374507904052734e+01,1.115000000000000000e+02,8.300000000000000000e+01
8.400374507904052734e+01,1.115000000000000000e+02,8.400000000000000000e+01
8.400374507904052734e+01,1.115000000000000000e+02,8.500000000000000000e+01
8.400374507904052734e+01,1.115000000000000000e+02,8.600000000000000000e+01
8.400374507904052734e+01,1.115000000000000000e+02,8.700000000000000000e+01
8.400374507904052734e+01,1.115000000000000000e+02,8.800000000000000000e+01
8.400374507904052734e+01,1.120000000000000000e+02,1.065000000000000000e+02
8.400374507904052734e+01,1.130000000000000000e+02,8.050000000000000000e+01
8.400374507904052734e+01,1.125000000000000000e+02,8.100000000000000000e+01
8.400374507904052734e+01,1.130000000000000000e+02,1.065000000000000000e+02
8.400374507904052734e+01,1.140000000000000000e+02,8.050000000000000000e+01
8.400374507904052734e+01,1.140000000000000000e+02,1.065000000000000000e+02
8.400374507904052734e+01,1.150000000000000000e+02,8.050000000000000000e+01
8.400374507904052734e+01,1.150000000000000000e+02,1.065000000000000000e+02
8.400374507904052734e+01,1.160000000000000000e+02,8.050000000000000000e+01
8.400374507904052734e+01,1.160000000000000000e+02,1.065000000000000000e+02
8.400374507904052734e+01,1.170000000000000000e+02,8.050000000000000000e+01
8.400374507904052734e+01,1.170000000000000000e+02,1.065000000000000000e+02
8.400374507904052734e+01,1.180000000000000000e+02,8.050000000000000000e+01
8.400374507904052734e+01,1.180000000000000000e+02,1.065000000000000000e+02
8.400374507904052734e+01,1.190000000000000000e+02,8.050000000000000000e+01
8.400374507904052734e+01,1.190000000000000000e+02,1.065000000000000000e+02
8.400374507904052734e+01,1.200000000000000000e+02,8.050000000000000000e+01
8.400374507904052734e+01,1.200000000000000000e+02,1.065000000000000000e+02
8.400374507904052734e+01,1.210000000000000000e+02,8.050000000000000000e+01
8.400374507904052734e+01,1.210000000000000000e+02,1.065000000000000000e+02
8.400374507904052734e+01,1.220000000000000000e+02,8.050000000000000000e+01
8.400374507904052734e+01,1.220000000000000000e+02,1.065000000000000000e+02
8.400374507904052734e+01,1.230000000000000000e+02,8.050000000000000000e+01
8.400374507904052734e+01,1.225000000000000000e+02,1.070000000000000000e+02
8.400374507904052734e+01,1.230000000000000000e+02,1.075000000000000000e+02
8.400374507904052734e+01,1.240000000000000000e+02,8.050000000000000000e+01
8.400374507904052734e+01,1.240000000000000000e+02,1.075000000000000000e+02
8.400374507904052734e+01,1.250000000000000000e+02,8.050000000000000000e+01
8.400374507904052734e+01,1.250000000000000000e+02,1.075000000000000000e+02
8.400374507904052734e+01,1.260000000000000000e+02,8.050000000000000000e+01
8.400374507904052734e+01,1.260000000000000000e+02,1.075000000000000000e+02
8.400374507904052734e+01,1.270000000000000000e+02,8.050000000000000000e+01
8.300370049476623535e+01,1.270000000000000000e+02,1.080000000000000000e+02
8.400374507904052734e+01,1.270000000000000000e+02,1.075000000000000000e+02
8.400374507904052734e+01,1.280000000000000000e+02,8.050000000000000000e+01
8.300370049476623535e+01,1.280000000000000000e+02,1.080000000000000000e+02
8.400374507904052734e+01,1.280000000000000000e+02,1.075000000000000000e+02
8.400374507904052734e+01,1.290000000000000000e+02,8.050000000000000000e+01
8.300370049476623535e+01,1.290000000000000000e+02,9.400000000000000000e+01
8.400374507904052734e+01,1.285000000000000000e+02,9.400000000000000000e+01
8.400374507904052734e+01,1.290000000000000000e+02,9.350000000000000000e+01
8.300370049476623535e+01,1.290000000000000000e+02,9.500000000000000000e+01
8.400374507904052734e+01,1.285000000000000000e+02,9.500000000000000000e+01
8.300370049476623535e+01,1.290000000000000000e+02,9.600000000000000000e+01
8.400374507904052734e+01,1.285000000000000000e+02,9.600000000000000000e+01
8.300370049476623535e+01,1.290000000000000000e+02,9.700000000000000000e+01
8.400374507904052734e+01,1.285000000000000000e+02,9.700000000000000000e+01
8.300370049476623535e+01,1.290000000000000000e+02,9.800000000000000000e+01
8.400374507904052734e+01,1.285000000000000000e+02,9.800000000000000000e+01
8.400374507904052734e+01,1.290000000000000000e+02,9.850000000000000000e+01
8.300370049476623535e+01,1.290000000000000000e+02,1.080000000000000000e+02
8.400374507904052734e+01,1.290000000000000000e+02,1.075000000000000000e+02
8.400374507904052734e+01,1.300000000000000000e+02,8.050000000000000000e+01
8.300370049476623535e+01,1.300000000000000000e+02,9.200000000000000000e+01
8.400374507904052734e+01,1.295000000000000000e+02,9.200000000000000000e+01
8.400374507904052734e+01,1.300000000000000000e+02,9.150000000000000000e+01
8.300370049476623535e+01,1.300000000000000000e+02,9.300000000000000000e+01
8.400374507904052734e+01,1.295000000000000000e+02,9.300000000000000000e+01
8.300370049476623535e+01,1.300000000000000000e+02,9.400000000000000000e+01
8.300370049476623535e+01,1.300000000000000000e+02,9.500000000000000000e+01
8.300370049476623535e+01,1.300000000000000000e+02,9.600000000000000000e+01
8.300370049476623535e+01,1.300000000000000000e+02,9.700000000000000000e+01
8.300370049476623535e+01,1.300000000000000000e+02,9.800000000000000000e+01
8.400374507904052734e+01,1.295000000000000000e+02,9.900000000000000000e+01
8.300370049476623535e+01,1.300000000000000000e+02,9.900000000000000000e+01
8.300370049476623535e+01,1.300000000000000000e+02,1.000000000000000000e+02
8.400374507904052734e+01,1.295000000000000000e+02,1.000000000000000000e+02
8.400374507904052734e+01,1.300000000000000000e+02,1.005000000000000000e+02
8.300370049476623535e+01,1.300000000000000000e+02,1.080000000000000000e+02
8.400374507904052734e+01,1.300000000000000000e+02,1.075000000000000000e+02
8.400374507904052734e+01,1.310000000000000000e+02,8.050000000000000000e+01
8.300370049476623535e+01,1.310000000000000000e+02,9.100000000000000000e+01
8.400374507904052734e+01,1.305000000000000000e+02,9.100000000000000000e+01
8.400374507904052734e+01,1.310000000000000000e+02,9.050000000000000000e+01
8.300370049476623535e+01,1.310000000000000000e+02,9.200000000000000000e+01
8.300370049476623535e+01,1.310000000000000000e+02,9.300000000000000000e+01
8.300370049476623535e+01,1.310000000000000000e+02,9.400000000000000000e+01
8.300370049476623535e+01,1.310000000000000000e+02,9.500000000000000000e+01
8.300370049476623535e+01,1.310000000000000000e+02,9.600000000000000000e+01
8.300370049476623535e+01,1.310000000000000000e+02,9.700000000000000000e+01
8.300370049476623535e+01,1.310000000000000000e+02,9.800000000000000000e+01
8.300370049476623535e+01,1.310000000000000000e+02,9.900000000000000000e+01
8.300370049476623535e+01,1.310000000000000000e+02,1.000000000000000000e+02
8.400374507904052734e+01,1.305000000000000000e+02,1.010000000000000000e+02
8.300370049476623535e+01,1.310000000000000000e+02,1.010000000000000000e+02
8.300370049476623535e+01,1.310000000000000000e+02,1.020000000000000000e+02
8.400374507904052734e+01,1.305000000000000000e+02,1.020000000000000000e+02
8.400374507904052734e+01,1.310000000000000000e+02,1.025000000000000000e+02
8.300370049476623535e+01,1.310000000000000000e+02,1.080000000000000000e+02
8.400374507904052734e+01,1.310000000000000000e+02,1.075000000000000000e+02
8.400374507904052734e+01,1.320000000000000000e+02,8.050000000000000000e+01
8.300370049476623535e+01,1.320000000000000000e+02,8.900000000000000000e+01
8.400374507904052734e+01,1.315000000000000000e+02,8.900000000000000000e+01
8.400374507904052734e+01,1.320000000000000000e+02,8.850000000000000000e+01
8.300370049476623535e+01,1.320000000000000000e+02,9.000000000000000000e+01
8.400374507904052734e+01,1.315000000000000000e+02,9.000000000000000000e+01
8.300370049476623535e+01,1.320000000000000000e+02,9.100000000000000000e+01
8.300370049476623535e+01,1.320000000000000000e+02,9.200000000000000000e+01
8.300370049476623535e+01,1.320000000000000000e+02,9.300000000000000000e+01
8.300370049476623535e+01,1.320000000000000000e+02,9.400000000000000000e+01
8.300370049476623535e+01,1.320000000000000000e+02,9.500000000000000000e+01
8.300370049476623535e+01,1.320000000000000000e+02,1.000000000000000000e+02
8.300370049476623535e+01,1.320000000000000000e+02,1.010000000000000000e+02
8.300370049476623535e+01,1.320000000000000000e+02,1.020000000000000000e+02
8.400374507904052734e+01,1.320000000000000000e+02,1.025000000000000000e+02
8.300370049476623535e+01,1.320000000000000000e+02,1.080000000000000000e+02
8.400374507904052734e+01,1.320000000000000000e+02,1.075000000000000000e+02
8.400374507904052734e+01,1.330000000000000000e+02,8.050000000000000000e+01
8.300370049476623535e+01,1.330000000000000000e+02,8.700000000000000000e+01
8.400374507904052734e+01,1.325000000000000000e+02,8.700000000000000000e+01
8.400374507904052734e+01,1.330000000000000000e+02,8.650000000000000000e+01
8.300370049476623535e+01,1.330000000000000000e+02,8.800000000000000000e+01
8.400374507904052734e+01,1.325000000000000000e+02,8.800000000000000000e+01
8.300370049476623535e+01,1.330000000000000000e+02,8.900000000000000000e+01
8.300370049476623535e+01,1.330000000000000000e+02,9.000000000000000000e+01
8.300370049476623535e+01,1.330000000000000000e+02,9.100000000000000000e+01
8.300370049476623535e+01,1.330000000000000000e+02,1.020000000000000000e+02
8.400374507904052734e+01,1.325000000000000000e+02,1.030000000000000000e+02
8.300370049476623535e+01,1.330000000000000000e+02,1.030000000000000000e+02
8.400374507904052734e+01,1.330000000000000000e+02,1.035000000000000000e+02
8.300370049476623535e+01,1.330000000000000000e+02,1.070000000000000000e+02
8.400374507904052734e+01,1.325000000000000000e+02,1.070000000000000000e+02
8.400374507904052734e+01,1.330000000000000000e+02,1.065000000000000000e+02
8.400374507904052734e+01,1.335000000000000000e+02,8.100000000000000000e+01
8.300370049476623535e+01,1.340000000000000000e+02,8.100000000000000000e+01
8.400374507904052734e+01,1.340000000000000000e+02,8.150000000000000000e+01
8.300370049476623535e+01,1.340000000000000000e+02,8.600000000000000000e+01
8.400374507904052734e+01,1.335000000000000000e+02,8.600000000000000000e+01
8.400374507904052734e+01,1.340000000000000000e+02,8.550000000000000000e+01
8.300370049476623535e+01,1.340000000000000000e+02,8.700000000000000000e+01
8.300370049476623535e+01,1.340000000000000000e+02,8.800000000000000000e+01
8.300370049476623535e+01,1.340000000000000000e+02,1.040000000000000000e+02
8.400374507904052734e+01,1.335000000000000000e+02,1.040000000000000000e+02
8.400374507904052734e+01,1.340000000000000000e+02,1.045000000000000000e+02
8.300370049476623535e+01,1.340000000000000000e+02,1.070000000000000000e+02
8.400374507904052734e+01,1.340000000000000000e+02,1.065000000000000000e+02
8.300370049476623535e+01,1.350000000000000000e+02,8.200000000000000000e+01
8.400374507904052734e+01,1.345000000000000000e+02,8.200000000000000000e+01
8.300370049476623535e+01,1.350000000000000000e+02,8.300000000000000000e+01
8.400374507904052734e+01,1.345000000000000000e+02,8.300000000000000000e+01
8.300370049476623535e+01,1.350000000000000000e+02,8.400000000000000000e+01
8.400374507904052734e+01,1.345000000000000000e+02,8.400000000000000000e+01
8.300370049476623535e+01,1.350000000000000000e+02,8.500000000000000000e+01
8.400374507904052734e+01,1.345000000000000000e+02,8.500000000000000000e+01
8.300370049476623535e+01,1.350000000000000000e+02,1.050000000000000000e+02
8.400374507904052734e+01,1.345000000000000000e+02,1.050000000000000000e+02
8.300370049476623535e+01,1.350000000000000000e+02,1.060000000000000000e+02
8.400374507904052734e+01,1.345000000000000000e+02,1.060000000000000000e+02
8.500378966331481934e+01,8.100000000000000000e+01,1.020000000000000000e+02
8.600383424758911133e+01,8.100000000000000000e+01,1.015000000000000000e+02
8.600383424758911133e+01,8.050000000000000000e+01,1.020000000000000000e+02
8.600383424758911133e+01,8.050000000000000000e+01,1.030000000000000000e+02
8.500378966331481934e+01,8.100000000000000000e+01,1.030000000000000000e+02
8.600383424758911133e+01,8.050000000000000000e+01,1.040000000000000000e+02
8.500378966331481934e+01,8.100000000000000000e+01,1.040000000000000000e+02
8.600383424758911133e+01,8.050000000000000000e+01,1.050000000000000000e+02
8.500378966331481934e+01,8.100000000000000000e+01,1.050000000000000000e+02
8.600383424758911133e+01,8.100000000000000000e+01,1.055000000000000000e+02
8.500378966331481934e+01,8.200000000000000000e+01,1.010000000000000000e+02
8.600383424758911133e+01,8.200000000000000000e+01,1.005000000000000000e+02
8.600383424758911133e+01,8.150000000000000000e+01,1.010000000000000000e+02
8.500378966331481934e+01,8.200000000000000000e+01,1.020000000000000000e+02
8.500378966331481934e+01,8.200000000000000000e+01,1.030000000000000000e+02
8.500378966331481934e+01,8.200000000000000000e+01,1.040000000000000000e+02
8.500378966331481934e+01,8.200000000000000000e+01,1.050000000000000000e+02
8.600383424758911133e+01,8.150000000000000000e+01,1.060000000000000000e+02
8.500378966331481934e+01,8.200000000000000000e+01,1.060000000000000000e+02
8.600383424758911133e+01,8.200000000000000000e+01,1.065000000000000000e+02
8.500378966331481934e+01,8.300000000000000000e+01,7.400000000000000000e+01
8.600383424758911133e+01,8.300000000000000000e+01,7.350000000000000000e+01
8.600383424758911133e+01,8.250000000000000000e+01,7.400000000000000000e+01
8.600383424758911133e+01,8.250000000000000000e+01,7.500000000000000000e+01
8.500378966331481934e+01,8.300000000000000000e+01,7.500000000000000000e+01
8.600383424758911133e+01,8.250000000000000000e+01,7.600000000000000000e+01
8.500378966331481934e+01,8.300000000000000000e+01,7.600000000000000000e+01
8.600383424758911133e+01,8.250000000000000000e+01,7.700000000000000000e+01
8.500378966331481934e+01,8.300000000000000000e+01,7.700000000000000000e+01
8.600383424758911133e+01,8.300000000000000000e+01,7.750000000000000000e+01
8.500378966331481934e+01,8.300000000000000000e+01,1.000000000000000000e+02
8.600383424758911133e+01,8.300000000000000000e+01,9.950000000000000000e+01
8.600383424758911133e+01,8.250000000000000000e+01,1.000000000000000000e+02
8.600383424758911133e+01,8.250000000000000000e+01,1.070000000000000000e+02
8.500378966331481934e+01,8.300000000000000000e+01,1.070000000000000000e+02
8.600383424758911133e+01,8.300000000000000000e+01,1.075000000000000000e+02
8.500378966331481934e+01,8.400000000000000000e+01,7.200000000000000000e+01
8.600383424758911133e+01,8.400000000000000000e+01,7.150000000000000000e+01
8.600383424758911133e+01,8.350000000000000000e+01,7.200000000000000000e+01
8.600383424758911133e+01,8.350000000000000000e+01,7.300000000000000000e+01
8.600383424758911133e+01,8.350000000000000000e+01,7.800000000000000000e+01
8.600383424758911133e+01,8.350000000000000000e+01,7.900000000000000000e+01
8.600383424758911133e+01,8.350000000000000000e+01,8.000000000000000000e+01
8.500378966331481934e+01,8.400000000000000000e+01,8.000000000000000000e+01
8.600383424758911133e+01,8.400000000000000000e+01,8.050000000000000000e+01
8.500378966331481934e+01,8.400000000000000000e+01,9.900000000000000000e+01
8.600383424758911133e+01,8.400000000000000000e+01,9.850000000000000000e+01
8.600383424758911133e+01,8.350000000000000000e+01,9.900000000000000000e+01
8.600383424758911133e+01,8.350000000000000000e+01,1.080000000000000000e+02
8.500378966331481934e+01,8.400000000000000000e+01,1.080000000000000000e+02
8.600383424758911133e+01,8.400000000000000000e+01,1.085000000000000000e+02
8.500378966331481934e+01,8.500000000000000000e+01,7.100000000000000000e+01
8.600383424758911133e+01,8.500000000000000000e+01,7.050000000000000000e+01
8.600383424758911133e+01,8.450000000000000000e+01,7.100000000000000000e+01
8.600383424758911133e+01,8.450000000000000000e+01,8.100000000000000000e+01
8.600383424758911133e+01,8.500000000000000000e+01,8.150000000000000000e+01
8.600383424758911133e+01,8.500000000000000000e+01,9.850000000000000000e+01
8.600383424758911133e+01,8.500000000000000000e+01,1.085000000000000000e+02
8.500378966331481934e+01,8.600000000000000000e+01,7.000000000000000000e+01
8.600383424758911133e+01,8.600000000000000000e+01,6.950000000000000000e+01
8.600383424758911133e+01,8.550000000000000000e+01,7.000000000000000000e+01
8.500378966331481934e+01,8.600000000000000000e+01,8.200000000000000000e+01
8.600383424758911133e+01,8.600000000000000000e+01,8.150000000000000000e+01
8.500378966331481934e+01,8.600000000000000000e+01,8.300000000000000000e+01
8.500378966331481934e+01,8.600000000000000000e+01,9.800000000000000000e+01
8.600383424758911133e+01,8.600000000000000000e+01,9.750000000000000000e+01
8.600383424758911133e+01,8.550000000000000000e+01,9.800000000000000000e+01
8.600383424758911133e+01,8.550000000000000000e+01,1.090000000000000000e+02
8.600383424758911133e+01,8.600000000000000000e+01,1.095000000000000000e+02
8.600383424758911133e+01,8.700000000000000000e+01,6.950000000000000000e+01
8.600383424758911133e+01,8.650000000000000000e+01,8.200000000000000000e+01
8.600383424758911133e+01,8.650000000000000000e+01,8.300000000000000000e+01
8.500378966331481934e+01,8.700000000000000000e+01,8.400000000000000000e+01
8.600383424758911133e+01,8.700000000000000000e+01,8.350000000000000000e+01
8.500378966331481934e+01,8.700000000000000000e+01,9.800000000000000000e+01
8.600383424758911133e+01,8.700000000000000000e+01,9.750000000000000000e+01
8.600383424758911133e+01,8.700000000000000000e+01,1.095000000000000000e+02
8.500378966331481934e+01,8.800000000000000000e+01,6.900000000000000000e+01
8.600383424758911133e+01,8.750000000000000000e+01,7.000000000000000000e+01
8.500378966331481934e+01,8.800000000000000000e+01,7.000000000000000000e+01
8.600383424758911133e+01,8.800000000000000000e+01,7.050000000000000000e+01
8.500378966331481934e+01,8.800000000000000000e+01,8.400000000000000000e+01
8.600383424758911133e+01,8.800000000000000000e+01,8.350000000000000000e+01
8.500378966331481934e+01,8.800000000000000000e+01,8.500000000000000000e+01
8.600383424758911133e+01,8.800000000000000000e+01,9.750000000000000000e+01
8.500378966331481934e+01,8.800000000000000000e+01,1.100000000000000000e+02
8.600383424758911133e+01,8.800000000000000000e+01,1.095000000000000000e+02
8.500378966331481934e+01,8.900000000000000000e+01,6.900000000000000000e+01
8.500378966331481934e+01,8.900000000000000000e+01,7.000000000000000000e+01
8.600383424758911133e+01,8.900000000000000000e+01,7.050000000000000000e+01
8.600383424758911133e+01,8.850000000000000000e+01,8.400000000000000000e+01
8.600383424758911133e+01,8.900000000000000000e+01,8.450000000000000000e+01
8.500378966331481934e+01,8.900000000000000000e+01,8.500000000000000000e+01
8.500378966331481934e+01,8.900000000000000000e+01,8.600000000000000000e+01
8.600383424758911133e+01,8.900000000000000000e+01,9.650000000000000000e+01
8.600383424758911133e+01,8.850000000000000000e+01,9.700000000000000000e+01
8.500378966331481934e+01,8.900000000000000000e+01,1.100000000000000000e+02
8.600383424758911133e+01,8.900000000000000000e+01,1.095000000000000000e+02
8.500378966331481934e+01,9.000000000000000000e+01,7.000000000000000000e+01
8.600383424758911133e+01,8.950000000000000000e+01,7.100000000000000000e+01
8.500378966331481934e+01,9.000000000000000000e+01,7.100000000000000000e+01
8.600383424758911133e+01,9.000000000000000000e+01,7.150000000000000000e+01
8.500378966331481934e+01,9.000000000000000000e+01,8.400000000000000000e+01
8.600383424758911133e+01,8.950000000000000000e+01,8.400000000000000000e+01
8.600383424758911133e+01,9.000000000000000000e+01,8.350000000000000000e+01
8.500378966331481934e+01,9.000000000000000000e+01,8.500000000000000000e+01
8.500378966331481934e+01,9.000000000000000000e+01,8.600000000000000000e+01
8.500378966331481934e+01,9.000000000000000000e+01,8.700000000000000000e+01
8.600383424758911133e+01,9.000000000000000000e+01,9.550000000000000000e+01
8.600383424758911133e+01,8.950000000000000000e+01,9.600000000000000000e+01
8.500378966331481934e+01,9.000000000000000000e+01,1.090000000000000000e+02
8.600383424758911133e+01,8.950000000000000000e+01,1.090000000000000000e+02
8.600383424758911133e+01,9.000000000000000000e+01,1.085000000000000000e+02
8.500378966331481934e+01,9.000000000000000000e+01,1.100000000000000000e+02
8.500378966331481934e+01,9.000000000000000000e+01,1.110000000000000000e+02
8.500378966331481934e+01,9.100000000000000000e+01,7.000000000000000000e+01
8.500378966331481934e+01,9.100000000000000000e+01,7.100000000000000000e+01
8.600383424758911133e+01,9.050000000000000000e+01,7.200000000000000000e+01
8.500378966331481934e+01,9.100000000000000000e+01,7.200000000000000000e+01
8.500378966331481934e+01,9.100000000000000000e+01,7.300000000000000000e+01
8.600383424758911133e+01,9.050000000000000000e+01,7.300000000000000000e+01
8.500378966331481934e+01,9.100000000000000000e+01,7.400000000000000000e+01
8.600383424758911133e+01,9.050000000000000000e+01,7.400000000000000000e+01
8.500378966331481934e+01,9.100000000000000000e+01,7.500000000000000000e+01
8.600383424758911133e+01,9.050000000000000000e+01,7.500000000000000000e+01
8.500378966331481934e+01,9.100000000000000000e+01,7.600000000000000000e+01
8.600383424758911133e+01,9.050000000000000000e+01,7.600000000000000000e+01
8.500378966331481934e+01,9.100000000000000000e+01,7.700000000000000000e+01
8.600383424758911133e+01,9.050000000000000000e+01,7.700000000000000000e+01
8.600383424758911133e+01,9.100000000000000000e+01,7.750000000000000000e+01
8.500378966331481934e+01,9.100000000000000000e+01,8.400000000000000000e+01
8.600383424758911133e+01,9.100000000000000000e+01,8.350000000000000000e+01
8.500378966331481934e+01,9.100000000000000000e+01,8.500000000000000000e+01
8.500378966331481934e+01,9.100000000000000000e+01,8.600000000000000000e+01
8.500378966331481934e+01,9.100000000000000000e+01,8.700000000000000000e+01
8.500378966331481934e+01,9.100000000000000000e+01,9.400000000000000000e+01
8.500378966331481934e+01,9.100000000000000000e+01,9.500000000000000000e+01
8.600383424758911133e+01,9.100000000000000000e+01,9.550000000000000000e+01
8.500378966331481934e+01,9.100000000000000000e+01,1.090000000000000000e+02
8.600383424758911133e+01,9.100000000000000000e+01,1.085000000000000000e+02
8.500378966331481934e+01,9.100000000000000000e+01,1.100000000000000000e+02
8.500378966331481934e+01,9.100000000000000000e+01,1.110000000000000000e+02
8.500378966331481934e+01,9.200000000000000000e+01,7.700000000000000000e+01
8.600383424758911133e+01,9.150000000000000000e+01,7.800000000000000000e+01
8.500378966331481934e+01,9.200000000000000000e+01,7.800000000000000000e+01
8.500378966331481934e+01,9.200000000000000000e+01,7.900000000000000000e+01
8.600383424758911133e+01,9.150000000000000000e+01,7.900000000000000000e+01
8.500378966331481934e+01,9.200000000000000000e+01,8.000000000000000000e+01
8.600383424758911133e+01,9.150000000000000000e+01,8.000000000000000000e+01
8.500378966331481934e+01,9.200000000000000000e+01,8.100000000000000000e+01
8.600383424758911133e+01,9.150000000000000000e+01,8.100000000000000000e+01
8.500378966331481934e+01,9.200000000000000000e+01,8.200000000000000000e+01
8.600383424758911133e+01,9.150000000000000000e+01,8.200000000000000000e+01
8.500378966331481934e+01,9.200000000000000000e+01,8.300000000000000000e+01
8.600383424758911133e+01,9.150000000000000000e+01,8.300000000000000000e+01
8.500378966331481934e+01,9.200000000000000000e+01,8.400000000000000000e+01
8.500378966331481934e+01,9.200000000000000000e+01,8.500000000000000000e+01
8.500378966331481934e+01,9.200000000000000000e+01,8.600000000000000000e+01
8.500378966331481934e+01,9.200000000000000000e+01,8.700000000000000000e+01
8.500378966331481934e+01,9.200000000000000000e+01,9.300000000000000000e+01
8.500378966331481934e+01,9.200000000000000000e+01,9.400000000000000000e+01
8.600383424758911133e+01,9.200000000000000000e+01,9.450000000000000000e+01
8.600383424758911133e+01,9.150000000000000000e+01,9.500000000000000000e+01
8.500378966331481934e+01,9.200000000000000000e+01,1.080000000000000000e+02
8.600383424758911133e+01,9.150000000000000000e+01,1.080000000000000000e+02
8.600383424758911133e+01,9.200000000000000000e+01,1.075000000000000000e+02
8.500378966331481934e+01,9.200000000000000000e+01,1.090000000000000000e+02
8.500378966331481934e+01,9.200000000000000000e+01,1.100000000000000000e+02
8.500378966331481934e+01,9.300000000000000000e+01,8.100000000000000000e+01
8.500378966331481934e+01,9.300000000000000000e+01,8.200000000000000000e+01
8.500378966331481934e+01,9.300000000000000000e+01,8.300000000000000000e+01
8.500378966331481934e+01,9.300000000000000000e+01,8.400000000000000000e+01
8.500378966331481934e+01,9.300000000000000000e+01,8.500000000000000000e+01
8.500378966331481934e+01,9.300000000000000000e+01,9.200000000000000000e+01
8.500378966331481934e+01,9.300000000000000000e+01,9.300000000000000000e+01
8.600383424758911133e+01,9.300000000000000000e+01,9.350000000000000000e+01
8.600383424758911133e+01,9.250000000000000000e+01,9.400000000000000000e+01
8.500378966331481934e+01,9.300000000000000000e+01,1.070000000000000000e+02
8.600383424758911133e+01,9.250000000000000000e+01,1.070000000000000000e+02
8.600383424758911133e+01,9.300000000000000000e+01,1.065000000000000000e+02
8.500378966331481934e+01,9.300000000000000000e+01,1.080000000000000000e+02
8.500378966331481934e+01,9.300000000000000000e+01,1.090000000000000000e+02
8.500378966331481934e+01,9.300000000000000000e+01,1.100000000000000000e+02
8.500378966331481934e+01,9.400000000000000000e+01,9.100000000000000000e+01
8.500378966331481934e+01,9.400000000000000000e+01,9.200000000000000000e+01
8.600383424758911133e+01,9.400000000000000000e+01,9.250000000000000000e+01
8.600383424758911133e+01,9.350000000000000000e+01,9.300000000000000000e+01
8.500378966331481934e+01,9.400000000000000000e+01,1.070000000000000000e+02
8.600383424758911133e+01,9.400000000000000000e+01,1.065000000000000000e+02
8.500378966331481934e+01,9.400000000000000000e+01,1.080000000000000000e+02
8.500378966331481934e+01,9.400000000000000000e+01,1.090000000000000000e+02
8.500378966331481934e+01,9.500000000000000000e+01,9.000000000000000000e+01
8.500378966331481934e+01,9.500000000000000000e+01,9.100000000000000000e+01
8.600383424758911133e+01,9.500000000000000000e+01,9.150000000000000000e+01
8.600383424758911133e+01,9.450000000000000000e+01,9.200000000000000000e+01
8.500378966331481934e+01,9.500000000000000000e+01,1.060000000000000000e+02
8.600383424758911133e+01,9.450000000000000000e+01,1.060000000000000000e+02
8.600383424758911133e+01,9.500000000000000000e+01,1.055000000000000000e+02
8.500378966331481934e+01,9.500000000000000000e+01,1.070000000000000000e+02
8.500378966331481934e+01,9.600000000000000000e+01,9.000000000000000000e+01
8.500378966331481934e+01,9.600000000000000000e+01,9.100000000000000000e+01
8.600383424758911133e+01,9.600000000000000000e+01,9.150000000000000000e+01
8.500378966331481934e+01,9.600000000000000000e+01,1.050000000000000000e+02
8.600383424758911133e+01,9.550000000000000000e+01,1.050000000000000000e+02
8.600383424758911133e+01,9.600000000000000000e+01,1.045000000000000000e+02
8.500378966331481934e+01,9.600000000000000000e+01,1.060000000000000000e+02
8.500378966331481934e+01,9.700000000000000000e+01,9.000000000000000000e+01
8.600383424758911133e+01,9.700000000000000000e+01,9.050000000000000000e+01
8.600383424758911133e+01,9.650000000000000000e+01,9.100000000000000000e+01
8.500378966331481934e+01,9.700000000000000000e+01,1.040000000000000000e+02
8.600383424758911133e+01,9.650000000000000000e+01,1.040000000000000000e+02
8.600383424758911133e+01,9.700000000000000000e+01,1.035000000000000000e+02
8.500378966331481934e+01,9.700000000000000000e+01,1.050000000000000000e+02
8.500378966331481934e+01,9.800000000000000000e+01,9.000000000000000000e+01
8.600383424758911133e+01,9.800000000000000000e+01,9.050000000000000000e+01
8.500378966331481934e+01,9.800000000000000000e+01,1.040000000000000000e+02
8.600383424758911133e+01,9.800000000000000000e+01,1.035000000000000000e+02
8.500378966331481934e+01,9.900000000000000000e+01,9.100000000000000000e+01
8.600383424758911133e+01,9.850000000000000000e+01,9.100000000000000000e+01
8.600383424758911133e+01,9.900000000000000000e+01,9.150000000000000000e+01
8.500378966331481934e+01,9.900000000000000000e+01,1.030000000000000000e+02
8.600383424758911133e+01,9.850000000000000000e+01,1.030000000000000000e+02
8.600383424758911133e+01,9.900000000000000000e+01,1.025000000000000000e+02
8.500378966331481934e+01,1.000000000000000000e+02,9.100000000000000000e+01
8.600383424758911133e+01,1.000000000000000000e+02,9.150000000000000000e+01
8.500378966331481934e+01,1.000000000000000000e+02,1.030000000000000000e+02
8.600383424758911133e+01,1.000000000000000000e+02,1.025000000000000000e+02
8.500378966331481934e+01,1.010000000000000000e+02,9.100000000000000000e+01
8.600383424758911133e+01,1.010000000000000000e+02,9.150000000000000000e+01
8.500378966331481934e+01,1.010000000000000000e+02,1.020000000000000000e+02
8.600383424758911133e+01,1.005000000000000000e+02,1.020000000000000000e+02
8.600383424758911133e+01,1.010000000000000000e+02,1.015000000000000000e+02
8.500378966331481934e+01,1.010000000000000000e+02,1.030000000000000000e+02
8.600383424758911133e+01,1.020000000000000000e+02,9.150000000000000000e+01
8.500378966331481934e+01,1.020000000000000000e+02,1.020000000000000000e+02
8.600383424758911133e+01,1.020000000000000000e+02,1.015000000000000000e+02
8.600383424758911133e+01,1.025000000000000000e+02,9.200000000000000000e+01
8.500378966331481934e+01,1.030000000000000000e+02,9.200000000000000000e+01
8.600383424758911133e+01,1.030000000000000000e+02,9.250000000000000000e+01
8.500378966331481934e+01,1.030000000000000000e+02,1.010000000000000000e+02
8.600383424758911133e+01,1.025000000000000000e+02,1.010000000000000000e+02
8.600383424758911133e+01,1.030000000000000000e+02,1.005000000000000000e+02
8.500378966331481934e+01,1.030000000000000000e+02,1.020000000000000000e+02
8.500378966331481934e+01,1.040000000000000000e+02,9.200000000000000000e+01
8.600383424758911133e+01,1.040000000000000000e+02,9.250000000000000000e+01
8.500378966331481934e+01,1.040000000000000000e+02,1.010000000000000000e+02
8.600383424758911133e+01,1.040000000000000000e+02,1.005000000000000000e+02
8.500378966331481934e+01,1.040000000000000000e+02,1.020000000000000000e+02
8.500378966331481934e+01,1.050000000000000000e+02,9.200000000000000000e+01
8.600383424758911133e+01,1.050000000000000000e+02,9.250000000000000000e+01
8.500378966331481934e+01,1.050000000000000000e+02,1.010000000000000000e+02
8.600383424758911133e+01,1.050000000000000000e+02,1.005000000000000000e+02
8.500378966331481934e+01,1.050000000000000000e+02,1.020000000000000000e+02
8.500378966331481934e+01,1.060000000000000000e+02,9.200000000000000000e+01
8.600383424758911133e+01,1.060000000000000000e+02,9.250000000000000000e+01
8.500378966331481934e+01,1.060000000000000000e+02,1.010000000000000000e+02
8.600383424758911133e+01,1.060000000000000000e+02,1.005000000000000000e+02
8.500378966331481934e+01,1.060000000000000000e+02,1.020000000000000000e+02
8.500378966331481934e+01,1.070000000000000000e+02,9.200000000000000000e+01
8.600383424758911133e+01,1.070000000000000000e+02,9.250000000000000000e+01
8.500378966331481934e+01,1.070000000000000000e+02,1.010000000000000000e+02
8.600383424758911133e+01,1.070000000000000000e+02,1.005000000000000000e+02
8.500378966331481934e+01,1.070000000000000000e+02,1.020000000000000000e+02
8.500378966331481934e+01,1.080000000000000000e+02,9.100000000000000000e+01
8.500378966331481934e+01,1.080000000000000000e+02,9.200000000000000000e+01
8.600383424758911133e+01,1.080000000000000000e+02,9.250000000000000000e+01
8.600383424758911133e+01,1.075000000000000000e+02,1.010000000000000000e+02
8.600383424758911133e+01,1.080000000000000000e+02,1.015000000000000000e+02
8.500378966331481934e+01,1.080000000000000000e+02,1.020000000000000000e+02
8.500378966331481934e+01,1.080000000000000000e+02,1.030000000000000000e+02
8.500378966331481934e+01,1.090000000000000000e+02,9.100000000000000000e+01
8.500378966331481934e+01,1.090000000000000000e+02,9.200000000000000000e+01
8.600383424758911133e+01,1.090000000000000000e+02,9.250000000000000000e+01
8.600383424758911133e+01,1.085000000000000000e+02,1.020000000000000000e+02
8.600383424758911133e+01,1.090000000000000000e+02,1.025000000000000000e+02
8.500378966331481934e+01,1.090000000000000000e+02,1.030000000000000000e+02
8.500378966331481934e+01,1.090000000000000000e+02,1.040000000000000000e+02
8.500378966331481934e+01,1.090000000000000000e+02,1.050000000000000000e+02
8.500378966331481934e+01,1.100000000000000000e+02,9.000000000000000000e+01
8.500378966331481934e+01,1.100000000000000000e+02,9.100000000000000000e+01
8.600383424758911133e+01,1.100000000000000000e+02,9.150000000000000000e+01
8.600383424758911133e+01,1.095000000000000000e+02,9.200000000000000000e+01
8.600383424758911133e+01,1.095000000000000000e+02,1.030000000000000000e+02
8.600383424758911133e+01,1.095000000000000000e+02,1.040000000000000000e+02
8.600383424758911133e+01,1.100000000000000000e+02,1.045000000000000000e+02
8.500378966331481934e+01,1.100000000000000000e+02,1.050000000000000000e+02
8.500378966331481934e+01,1.100000000000000000e+02,1.060000000000000000e+02
8.500378966331481934e+01,1.110000000000000000e+02,8.900000000000000000e+01
8.500378966331481934e+01,1.110000000000000000e+02,9.000000000000000000e+01
8.600383424758911133e+01,1.110000000000000000e+02,9.050000000000000000e+01
8.600383424758911133e+01,1.105000000000000000e+02,9.100000000000000000e+01
8.600383424758911133e+01,1.105000000000000000e+02,1.050000000000000000e+02
8.600383424758911133e+01,1.110000000000000000e+02,1.055000000000000000e+02
8.500378966331481934e+01,1.110000000000000000e+02,1.060000000000000000e+02
8.500378966331481934e+01,1.120000000000000000e+02,8.200000000000000000e+01
8.500378966331481934e+01,1.120000000000000000e+02,8.300000000000000000e+01
8.500378966331481934e+01,1.120000000000000000e+02,8.400000000000000000e+01
8.500378966331481934e+01,1.120000000000000000e+02,8.500000000000000000e+01
8.500378966331481934e+01,1.120000000000000000e+02,8.600000000000000000e+01
8.500378966331481934e+01,1.120000000000000000e+02,8.700000000000000000e+01
8.500378966331481934e+01,1.120000000000000000e+02,8.800000000000000000e+01
8.500378966331481934e+01,1.120000000000000000e+02,8.900000000000000000e+01
8.600383424758911133e+01,1.120000000000000000e+02,8.950000000000000000e+01
8.600383424758911133e+01,1.115000000000000000e+02,9.000000000000000000e+01
8.600383424758911133e+01,1.115000000000000000e+02,1.060000000000000000e+02
8.600383424758911133e+01,1.120000000000000000e+02,1.065000000000000000e+02
8.500378966331481934e+01,1.130000000000000000e+02,8.100000000000000000e+01
8.600383424758911133e+01,1.130000000000000000e+02,8.150000000000000000e+01
8.600383424758911133e+01,1.125000000000000000e+02,8.200000000000000000e+01
8.600383424758911133e+01,1.125000000000000000e+02,8.300000000000000000e+01
8.600383424758911133e+01,1.125000000000000000e+02,8.400000000000000000e+01
8.600383424758911133e+01,1.125000000000000000e+02,8.500000000000000000e+01
8.600383424758911133e+01,1.125000000000000000e+02,8.600000000000000000e+01
8.600383424758911133e+01,1.125000000000000000e+02,8.700000000000000000e+01
8.600383424758911133e+01,1.125000000000000000e+02,8.800000000000000000e+01
8.600383424758911133e+01,1.125000000000000000e+02,8.900000000000000000e+01
8.600383424758911133e+01,1.130000000000000000e+02,1.065000000000000000e+02
8.600383424758911133e+01,1.140000000000000000e+02,8.050000000000000000e+01
8.600383424758911133e+01,1.135000000000000000e+02,8.100000000000000000e+01
8.600383424758911133e+01,1.140000000000000000e+02,1.065000000000000000e+02
8.600383424758911133e+01,1.150000000000000000e+02,8.050000000000000000e+01
8.600383424758911133e+01,1.150000000000000000e+02,1.065000000000000000e+02
8.600383424758911133e+01,1.160000000000000000e+02,8.050000000000000000e+01
8.600383424758911133e+01,1.160000000000000000e+02,1.065000000000000000e+02
8.600383424758911133e+01,1.170000000000000000e+02,8.050000000000000000e+01
8.600383424758911133e+01,1.170000000000000000e+02,1.065000000000000000e+02
8.600383424758911133e+01,1.180000000000000000e+02,8.050000000000000000e+01
8.600383424758911133e+01,1.180000000000000000e+02,1.065000000000000000e+02
8.600383424758911133e+01,1.190000000000000000e+02,8.050000000000000000e+01
8.600383424758911133e+01,1.190000000000000000e+02,1.065000000000000000e+02
8.600383424758911133e+01,1.200000000000000000e+02,8.050000000000000000e+01
8.600383424758911133e+01,1.200000000000000000e+02,1.065000000000000000e+02
8.600383424758911133e+01,1.210000000000000000e+02,8.050000000000000000e+01
8.600383424758911133e+01,1.210000000000000000e+02,1.065000000000000000e+02
8.600383424758911133e+01,1.220000000000000000e+02,8.050000000000000000e+01
8.600383424758911133e+01,1.220000000000000000e+02,1.065000000000000000e+02
8.600383424758911133e+01,1.230000000000000000e+02,8.050000000000000000e+01
8.500378966331481934e+01,1.230000000000000000e+02,9.400000000000000000e+01
8.600383424758911133e+01,1.225000000000000000e+02,9.400000000000000000e+01
8.600383424758911133e+01,1.230000000000000000e+02,9.350000000000000000e+01
8.500378966331481934e+01,1.230000000000000000e+02,9.500000000000000000e+01
8.600383424758911133e+01,1.225000000000000000e+02,9.500000000000000000e+01
8.500378966331481934e+01,1.230000000000000000e+02,9.600000000000000000e+01
8.600383424758911133e+01,1.225000000000000000e+02,9.600000000000000000e+01
8.600383424758911133e+01,1.230000000000000000e+02,9.650000000000000000e+01
8.500378966331481934e+01,1.230000000000000000e+02,1.070000000000000000e+02
8.600383424758911133e+01,1.230000000000000000e+02,1.065000000000000000e+02
8.600383424758911133e+01,1.240000000000000000e+02,8.050000000000000000e+01
8.500378966331481934e+01,1.240000000000000000e+02,9.300000000000000000e+01
8.600383424758911133e+01,1.235000000000000000e+02,9.300000000000000000e+01
8.600383424758911133e+01,1.240000000000000000e+02,9.250000000000000000e+01
8.500378966331481934e+01,1.240000000000000000e+02,9.400000000000000000e+01
8.500378966331481934e+01,1.240000000000000000e+02,9.500000000000000000e+01
8.500378966331481934e+01,1.240000000000000000e+02,9.600000000000000000e+01
8.600383424758911133e+01,1.235000000000000000e+02,9.700000000000000000e+01
8.500378966331481934e+01,1.240000000000000000e+02,9.700000000000000000e+01
8.500378966331481934e+01,1.240000000000000000e+02,9.800000000000000000e+01
8.600383424758911133e+01,1.235000000000000000e+02,9.800000000000000000e+01
8.600383424758911133e+01,1.240000000000000000e+02,9.850000000000000000e+01
8.500378966331481934e+01,1.240000000000000000e+02,1.070000000000000000e+02
8.600383424758911133e+01,1.240000000000000000e+02,1.065000000000000000e+02
8.600383424758911133e+01,1.250000000000000000e+02,8.050000000000000000e+01
8.500378966331481934e+01,1.250000000000000000e+02,9.200000000000000000e+01
8.600383424758911133e+01,1.245000000000000000e+02,9.200000000000000000e+01
8.600383424758911133e+01,1.250000000000000000e+02,9.150000000000000000e+01
8.500378966331481934e+01,1.250000000000000000e+02,9.300000000000000000e+01
8.500378966331481934e+01,1.250000000000000000e+02,9.400000000000000000e+01
8.500378966331481934e+01,1.250000000000000000e+02,9.500000000000000000e+01
8.500378966331481934e+01,1.250000000000000000e+02,9.600000000000000000e+01
8.500378966331481934e+01,1.250000000000000000e+02,9.700000000000000000e+01
8.500378966331481934e+01,1.250000000000000000e+02,9.800000000000000000e+01
8.600383424758911133e+01,1.245000000000000000e+02,9.900000000000000000e+01
8.500378966331481934e+01,1.250000000000000000e+02,9.900000000000000000e+01
8.600383424758911133e+01,1.250000000000000000e+02,9.950000000000000000e+01
8.500378966331481934e+01,1.250000000000000000e+02,1.070000000000000000e+02
8.600383424758911133e+01,1.250000000000000000e+02,1.065000000000000000e+02
8.600383424758911133e+01,1.260000000000000000e+02,8.050000000000000000e+01
8.500378966331481934e+01,1.260000000000000000e+02,9.100000000000000000e+01
8.600383424758911133e+01,1.255000000000000000e+02,9.100000000000000000e+01
8.600383424758911133e+01,1.260000000000000000e+02,9.050000000000000000e+01
8.500378966331481934e+01,1.260000000000000000e+02,9.200000000000000000e+01
8.500378966331481934e+01,1.260000000000000000e+02,9.300000000000000000e+01
8.500378966331481934e+01,1.260000000000000000e+02,9.400000000000000000e+01
8.500378966331481934e+01,1.260000000000000000e+02,9.500000000000000000e+01
8.500378966331481934e+01,1.260000000000000000e+02,9.600000000000000000e+01
8.500378966331481934e+01,1.260000000000000000e+02,9.700000000000000000e+01
8.500378966331481934e+01,1.260000000000000000e+02,9.800000000000000000e+01
8.500378966331481934e+01,1.260000000000000000e+02,9.900000000000000000e+01
8.600383424758911133e+01,1.255000000000000000e+02,1.000000000000000000e+02
8.500378966331481934e+01,1.260000000000000000e+02,1.000000000000000000e+02
8.600383424758911133e+01,1.260000000000000000e+02,1.005000000000000000e+02
8.600383424758911133e+01,1.255000000000000000e+02,1.070000000000000000e+02
8.600383424758911133e+01,1.260000000000000000e+02,1.075000000000000000e+02
8.600383424758911133e+01,1.270000000000000000e+02,8.050000000000000000e+01
8.500378966331481934e+01,1.270000000000000000e+02,9.100000000000000000e+01
8.600383424758911133e+01,1.270000000000000000e+02,9.050000000000000000e+01
8.500378966331481934e+01,1.270000000000000000e+02,9.200000000000000000e+01
8.500378966331481934e+01,1.270000000000000000e+02,9.300000000000000000e+01
8.500378966331481934e+01,1.270000000000000000e+02,9.400000000000000000e+01
8.500378966331481934e+01,1.270000000000000000e+02,9.500000000000000000e+01
8.500378966331481934e+01,1.270000000000000000e+02,9.600000000000000000e+01
8.500378966331481934e+01,1.270000000000000000e+02,9.700000000000000000e+01
8.500378966331481934e+01,1.270000000000000000e+02,9.800000000000000000e+01
8.500378966331481934e+01,1.270000000000000000e+02,9.900000000000000000e+01
8.500378966331481934e+01,1.270000000000000000e+02,1.000000000000000000e+02
8.600383424758911133e+01,1.265000000000000000e+02,1.010000000000000000e+02
8.500378966331481934e+01,1.270000000000000000e+02,1.010000000000000000e+02
8.600383424758911133e+01,1.270000000000000000e+02,1.015000000000000000e+02
8.600383424758911133e+01,1.270000000000000000e+02,1.075000000000000000e+02
8.600383424758911133e+01,1.280000000000000000e+02,8.050000000000000000e+01
8.500378966331481934e+01,1.280000000000000000e+02,9.000000000000000000e+01
8.600383424758911133e+01,1.275000000000000000e+02,9.000000000000000000e+01
8.600383424758911133e+01,1.280000000000000000e+02,8.950000000000000000e+01
8.500378966331481934e+01,1.280000000000000000e+02,9.100000000000000000e+01
8.500378966331481934e+01,1.280000000000000000e+02,9.200000000000000000e+01
8.500378966331481934e+01,1.280000000000000000e+02,9.300000000000000000e+01
8.500378966331481934e+01,1.280000000000000000e+02,9.400000000000000000e+01
8.500378966331481934e+01,1.280000000000000000e+02,9.500000000000000000e+01
8.500378966331481934e+01,1.280000000000000000e+02,9.600000000000000000e+01
8.500378966331481934e+01,1.280000000000000000e+02,9.700000000000000000e+01
8.500378966331481934e+01,1.280000000000000000e+02,9.800000000000000000e+01
8.500378966331481934e+01,1.280000000000000000e+02,9.900000000000000000e+01
8.500378966331481934e+01,1.280000000000000000e+02,1.000000000000000000e+02
8.500378966331481934e+01,1.280000000000000000e+02,1.010000000000000000e+02
8.600383424758911133e+01,1.275000000000000000e+02,1.020000000000000000e+02
8.500378966331481934e+01,1.280000000000000000e+02,1.020000000000000000e+02
8.600383424758911133e+01,1.280000000000000000e+02,1.025000000000000000e+02
8.500378966331481934e+01,1.280000000000000000e+02,1.070000000000000000e+02
8.600383424758911133e+01,1.275000000000000000e+02,1.070000000000000000e+02
8.600383424758911133e+01,1.280000000000000000e+02,1.065000000000000000e+02
8.600383424758911133e+01,1.290000000000000000e+02,8.050000000000000000e+01
8.500378966331481934e+01,1.290000000000000000e+02,8.900000000000000000e+01
8.600383424758911133e+01,1.285000000000000000e+02,8.900000000000000000e+01
8.600383424758911133e+01,1.290000000000000000e+02,8.850000000000000000e+01
8.500378966331481934e+01,1.290000000000000000e+02,9.000000000000000000e+01
8.500378966331481934e+01,1.290000000000000000e+02,9.100000000000000000e+01
8.500378966331481934e+01,1.290000000000000000e+02,9.200000000000000000e+01
8.500378966331481934e+01,1.290000000000000000e+02,9.300000000000000000e+01
8.500378966331481934e+01,1.290000000000000000e+02,9.900000000000000000e+01
8.500378966331481934e+01,1.290000000000000000e+02,1.000000000000000000e+02
8.500378966331481934e+01,1.290000000000000000e+02,1.010000000000000000e+02
8.500378966331481934e+01,1.290000000000000000e+02,1.020000000000000000e+02
8.600383424758911133e+01,1.285000000000000000e+02,1.030000000000000000e+02
8.500378966331481934e+01,1.290000000000000000e+02,1.030000000000000000e+02
8.600383424758911133e+01,1.290000000000000000e+02,1.035000000000000000e+02
8.500378966331481934e+01,1.290000000000000000e+02,1.070000000000000000e+02
8.600383424758911133e+01,1.290000000000000000e+02,1.065000000000000000e+02
8.600383424758911133e+01,1.300000000000000000e+02,8.050000000000000000e+01
8.500378966331481934e+01,1.300000000000000000e+02,8.800000000000000000e+01
8.600383424758911133e+01,1.295000000000000000e+02,8.800000000000000000e+01
8.600383424758911133e+01,1.300000000000000000e+02,8.750000000000000000e+01
8.500378966331481934e+01,1.300000000000000000e+02,8.900000000000000000e+01
8.500378966331481934e+01,1.300000000000000000e+02,9.000000000000000000e+01
8.500378966331481934e+01,1.300000000000000000e+02,9.100000000000000000e+01
8.500378966331481934e+01,1.300000000000000000e+02,1.010000000000000000e+02
8.500378966331481934e+01,1.300000000000000000e+02,1.020000000000000000e+02
8.500378966331481934e+01,1.300000000000000000e+02,1.030000000000000000e+02
8.600383424758911133e+01,1.295000000000000000e+02,1.040000000000000000e+02
8.500378966331481934e+01,1.300000000000000000e+02,1.040000000000000000e+02
8.600383424758911133e+01,1.300000000000000000e+02,1.045000000000000000e+02
8.500378966331481934e+01,1.300000000000000000e+02,1.060000000000000000e+02
8.600383424758911133e+01,1.295000000000000000e+02,1.060000000000000000e+02
8.600383424758911133e+01,1.300000000000000000e+02,1.055000000000000000e+02
8.500378966331481934e+01,1.300000000000000000e+02,1.070000000000000000e+02
8.600383424758911133e+01,1.310000000000000000e+02,8.050000000000000000e+01
8.500378966331481934e+01,1.310000000000000000e+02,8.700000000000000000e+01
8.600383424758911133e+01,1.305000000000000000e+02,8.700000000000000000e+01
8.600383424758911133e+01,1.310000000000000000e+02,8.650000000000000000e+01
8.500378966331481934e+01,1.310000000000000000e+02,8.800000000000000000e+01
8.500378966331481934e+01,1.310000000000000000e+02,8.900000000000000000e+01
8.500378966331481934e+01,1.310000000000000000e+02,9.000000000000000000e+01
8.500378966331481934e+01,1.310000000000000000e+02,1.030000000000000000e+02
8.500378966331481934e+01,1.310000000000000000e+02,1.040000000000000000e+02
8.600383424758911133e+01,1.305000000000000000e+02,1.050000000000000000e+02
8.500378966331481934e+01,1.310000000000000000e+02,1.050000000000000000e+02
8.500378966331481934e+01,1.310000000000000000e+02,1.060000000000000000e+02
8.500378966331481934e+01,1.310000000000000000e+02,1.070000000000000000e+02
8.600383424758911133e+01,1.315000000000000000e+02,8.100000000000000000e+01
8.500378966331481934e+01,1.320000000000000000e+02,8.100000000000000000e+01
8.600383424758911133e+01,1.320000000000000000e+02,8.150000000000000000e+01
8.500378966331481934e+01,1.320000000000000000e+02,8.600000000000000000e+01
8.600383424758911133e+01,1.315000000000000000e+02,8.600000000000000000e+01
8.600383424758911133e+01,1.320000000000000000e+02,8.550000000000000000e+01
8.500378966331481934e+01,1.320000000000000000e+02,8.700000000000000000e+01
8.500378966331481934e+01,1.320000000000000000e+02,8.800000000000000000e+01
8.500378966331481934e+01,1.320000000000000000e+02,1.030000000000000000e+02
8.500378966331481934e+01,1.320000000000000000e+02,1.040000000000000000e+02
8.500378966331481934e+01,1.320000000000000000e+02,1.050000000000000000e+02
8.500378966331481934e+01,1.320000000000000000e+02,1.060000000000000000e+02
8.500378966331481934e+01,1.320000000000000000e+02,1.070000000000000000e+02
8.500378966331481934e+01,1.330000000000000000e+02,8.100000000000000000e+01
8.600383424758911133e+01,1.325000000000000000e+02,8.200000000000000000e+01
8.500378966331481934e+01,1.330000000000000000e+02,8.200000000000000000e+01
8.600383424758911133e+01,1.330000000000000000e+02,8.250000000000000000e+01
8.500378966331481934e+01,1.330000000000000000e+02,8.400000000000000000e+01
8.600383424758911133e+01,1.325000000000000000e+02,8.400000000000000000e+01
8.600383424758911133e+01,1.330000000000000000e+02,8.350000000000000000e+01
8.500378966331481934e+01,1.330000000000000000e+02,8.500000000000000000e+01
8.600383424758911133e+01,1.325000000000000000e+02,8.500000000000000000e+01
8.500378966331481934e+01,1.330000000000000000e+02,8.600000000000000000e+01
8.500378966331481934e+01,1.330000000000000000e+02,1.040000000000000000e+02
8.500378966331481934e+01,1.330000000000000000e+02,1.050000000000000000e+02
8.500378966331481934e+01,1.330000000000000000e+02,1.060000000000000000e+02
8.500378966331481934e+01,1.340000000000000000e+02,8.200000000000000000e+01
8.600383424758911133e+01,1.335000000000000000e+02,8.300000000000000000e+01
8.500378966331481934e+01,1.340000000000000000e+02,8.300000000000000000e+01
8.500378966331481934e+01,1.340000000000000000e+02,8.400000000000000000e+01
8.500378966331481934e+01,1.340000000000000000e+02,8.500000000000000000e+01
8.500378966331481934e+01,1.340000000000000000e+02,1.050000000000000000e+02
8.500378966331481934e+01,1.340000000000000000e+02,1.060000000000000000e+02
8.800392341613769531e+01,8.100000000000000000e+01,1.015000000000000000e+02
8.800392341613769531e+01,8.050000000000000000e+01,1.020000000000000000e+02
8.800392341613769531e+01,8.050000000000000000e+01,1.030000000000000000e+02
8.800392341613769531e+01,8.050000000000000000e+01,1.040000000000000000e+02
8.800392341613769531e+01,8.050000000000000000e+01,1.050000000000000000e+02
8.800392341613769531e+01,8.100000000000000000e+01,1.055000000000000000e+02
8.800392341613769531e+01,8.200000000000000000e+01,1.005000000000000000e+02
8.800392341613769531e+01,8.150000000000000000e+01,1.010000000000000000e+02
8.800392341613769531e+01,8.150000000000000000e+01,1.060000000000000000e+02
8.800392341613769531e+01,8.200000000000000000e+01,1.065000000000000000e+02
8.700387883186340332e+01,8.300000000000000000e+01,7.400000000000000000e+01
8.700387883186340332e+01,8.300000000000000000e+01,7.500000000000000000e+01
8.700387883186340332e+01,8.300000000000000000e+01,7.600000000000000000e+01
8.700387883186340332e+01,8.300000000000000000e+01,7.700000000000000000e+01
8.800392341613769531e+01,8.300000000000000000e+01,9.950000000000000000e+01
8.800392341613769531e+01,8.250000000000000000e+01,1.000000000000000000e+02
8.800392341613769531e+01,8.250000000000000000e+01,1.070000000000000000e+02
8.800392341613769531e+01,8.300000000000000000e+01,1.075000000000000000e+02
8.700387883186340332e+01,8.400000000000000000e+01,7.200000000000000000e+01
8.700387883186340332e+01,8.400000000000000000e+01,7.300000000000000000e+01
8.700387883186340332e+01,8.400000000000000000e+01,7.400000000000000000e+01
8.700387883186340332e+01,8.400000000000000000e+01,7.500000000000000000e+01
8.800392341613769531e+01,8.400000000000000000e+01,7.550000000000000000e+01
8.800392341613769531e+01,8.350000000000000000e+01,7.600000000000000000e+01
8.800392341613769531e+01,8.350000000000000000e+01,7.700000000000000000e+01
8.700387883186340332e+01,8.400000000000000000e+01,7.800000000000000000e+01
8.800392341613769531e+01,8.400000000000000000e+01,7.750000000000000000e+01
8.700387883186340332e+01,8.400000000000000000e+01,7.900000000000000000e+01
8.700387883186340332e+01,8.400000000000000000e+01,8.000000000000000000e+01
8.800392341613769531e+01,8.400000000000000000e+01,9.850000000000000000e+01
8.800392341613769531e+01,8.350000000000000000e+01,9.900000000000000000e+01
8.700387883186340332e+01,8.400000000000000000e+01,1.080000000000000000e+02
8.800392341613769531e+01,8.400000000000000000e+01,1.075000000000000000e+02
8.700387883186340332e+01,8.500000000000000000e+01,7.100000000000000000e+01
8.800392341613769531e+01,8.500000000000000000e+01,7.150000000000000000e+01
8.800392341613769531e+01,8.450000000000000000e+01,7.200000000000000000e+01
8.800392341613769531e+01,8.450000000000000000e+01,7.300000000000000000e+01
8.800392341613769531e+01,8.450000000000000000e+01,7.400000000000000000e+01
8.800392341613769531e+01,8.450000000000000000e+01,7.500000000000000000e+01
8.800392341613769531e+01,8.450000000000000000e+01,7.800000000000000000e+01
8.800392341613769531e+01,8.450000000000000000e+01,7.900000000000000000e+01
8.800392341613769531e+01,8.500000000000000000e+01,7.950000000000000000e+01
8.700387883186340332e+01,8.500000000000000000e+01,8.000000000000000000e+01
8.700387883186340332e+01,8.500000000000000000e+01,8.100000000000000000e+01
8.800392341613769531e+01,8.500000000000000000e+01,9.850000000000000000e+01
8.700387883186340332e+01,8.500000000000000000e+01,1.080000000000000000e+02
8.800392341613769531e+01,8.500000000000000000e+01,1.075000000000000000e+02
8.700387883186340332e+01,8.600000000000000000e+01,7.000000000000000000e+01
8.800392341613769531e+01,8.600000000000000000e+01,7.050000000000000000e+01
8.800392341613769531e+01,8.550000000000000000e+01,7.100000000000000000e+01
8.800392341613769531e+01,8.550000000000000000e+01,8.000000000000000000e+01
8.800392341613769531e+01,8.550000000000000000e+01,8.100000000000000000e+01
8.800392341613769531e+01,8.600000000000000000e+01,8.150000000000000000e+01
8.700387883186340332e+01,8.600000000000000000e+01,9.800000000000000000e+01
8.800392341613769531e+01,8.600000000000000000e+01,9.850000000000000000e+01
8.700387883186340332e+01,8.600000000000000000e+01,1.070000000000000000e+02
8.800392341613769531e+01,8.550000000000000000e+01,1.070000000000000000e+02
8.800392341613769531e+01,8.600000000000000000e+01,1.065000000000000000e+02
8.700387883186340332e+01,8.600000000000000000e+01,1.080000000000000000e+02
8.700387883186340332e+01,8.600000000000000000e+01,1.090000000000000000e+02
8.700387883186340332e+01,8.700000000000000000e+01,7.000000000000000000e+01
8.800392341613769531e+01,8.700000000000000000e+01,7.050000000000000000e+01
8.800392341613769531e+01,8.650000000000000000e+01,8.200000000000000000e+01
8.700387883186340332e+01,8.700000000000000000e+01,8.300000000000000000e+01
8.800392341613769531e+01,8.700000000000000000e+01,8.250000000000000000e+01
8.700387883186340332e+01,8.700000000000000000e+01,9.800000000000000000e+01
8.800392341613769531e+01,8.700000000000000000e+01,9.850000000000000000e+01
8.700387883186340332e+01,8.700000000000000000e+01,1.070000000000000000e+02
8.800392341613769531e+01,8.700000000000000000e+01,1.065000000000000000e+02
8.700387883186340332e+01,8.700000000000000000e+01,1.080000000000000000e+02
8.700387883186340332e+01,8.700000000000000000e+01,1.090000000000000000e+02
8.700387883186340332e+01,8.800000000000000000e+01,7.100000000000000000e+01
8.800392341613769531e+01,8.750000000000000000e+01,7.100000000000000000e+01
8.800392341613769531e+01,8.800000000000000000e+01,7.150000000000000000e+01
8.700387883186340332e+01,8.800000000000000000e+01,8.300000000000000000e+01
8.800392341613769531e+01,8.800000000000000000e+01,8.250000000000000000e+01
8.800392341613769531e+01,8.800000000000000000e+01,9.750000000000000000e+01
8.800392341613769531e+01,8.750000000000000000e+01,9.800000000000000000e+01
8.700387883186340332e+01,8.800000000000000000e+01,1.070000000000000000e+02
8.800392341613769531e+01,8.800000000000000000e+01,1.065000000000000000e+02
8.700387883186340332e+01,8.800000000000000000e+01,1.080000000000000000e+02
8.700387883186340332e+01,8.800000000000000000e+01,1.090000000000000000e+02
8.700387883186340332e+01,8.900000000000000000e+01,7.100000000000000000e+01
8.800392341613769531e+01,8.850000000000000000e+01,7.200000000000000000e+01
8.700387883186340332e+01,8.900000000000000000e+01,7.200000000000000000e+01
8.800392341613769531e+01,8.900000000000000000e+01,7.250000000000000000e+01
8.700387883186340332e+01,8.900000000000000000e+01,8.300000000000000000e+01
8.800392341613769531e+01,8.900000000000000000e+01,8.250000000000000000e+01
8.700387883186340332e+01,8.900000000000000000e+01,8.400000000000000000e+01
8.700387883186340332e+01,8.900000000000000000e+01,9.700000000000000000e+01
8.800392341613769531e+01,8.900000000000000000e+01,9.750000000000000000e+01
8.700387883186340332e+01,8.900000000000000000e+01,1.060000000000000000e+02
8.800392341613769531e+01,8.850000000000000000e+01,1.060000000000000000e+02
8.800392341613769531e+01,8.900000000000000000e+01,1.055000000000000000e+02
8.700387883186340332e+01,8.900000000000000000e+01,1.070000000000000000e+02
8.700387883186340332e+01,8.900000000000000000e+01,1.080000000000000000e+02
8.700387883186340332e+01,8.900000000000000000e+01,1.090000000000000000e+02
8.700387883186340332e+01,9.000000000000000000e+01,7.200000000000000000e+01
8.800392341613769531e+01,8.950000000000000000e+01,7.300000000000000000e+01
8.700387883186340332e+01,9.000000000000000000e+01,7.300000000000000000e+01
8.700387883186340332e+01,9.000000000000000000e+01,7.400000000000000000e+01
8.800392341613769531e+01,8.950000000000000000e+01,7.400000000000000000e+01
8.700387883186340332e+01,9.000000000000000000e+01,7.500000000000000000e+01
8.800392341613769531e+01,8.950000000000000000e+01,7.500000000000000000e+01
8.700387883186340332e+01,9.000000000000000000e+01,7.600000000000000000e+01
8.800392341613769531e+01,8.950000000000000000e+01,7.600000000000000000e+01
8.700387883186340332e+01,9.000000000000000000e+01,7.700000000000000000e+01
8.800392341613769531e+01,8.950000000000000000e+01,7.700000000000000000e+01
8.700387883186340332e+01,9.000000000000000000e+01,7.800000000000000000e+01
8.800392341613769531e+01,8.950000000000000000e+01,7.800000000000000000e+01
8.700387883186340332e+01,9.000000000000000000e+01,7.900000000000000000e+01
8.800392341613769531e+01,8.950000000000000000e+01,7.900000000000000000e+01
8.700387883186340332e+01,9.000000000000000000e+01,8.000000000000000000e+01
8.800392341613769531e+01,8.950000000000000000e+01,8.000000000000000000e+01
8.800392341613769531e+01,9.000000000000000000e+01,8.050000000000000000e+01
8.700387883186340332e+01,9.000000000000000000e+01,8.300000000000000000e+01
8.800392341613769531e+01,9.000000000000000000e+01,8.250000000000000000e+01
8.700387883186340332e+01,9.000000000000000000e+01,9.600000000000000000e+01
8.800392341613769531e+01,9.000000000000000000e+01,9.650000000000000000e+01
8.800392341613769531e+01,8.950000000000000000e+01,9.700000000000000000e+01
8.700387883186340332e+01,9.000000000000000000e+01,1.060000000000000000e+02
8.800392341613769531e+01,9.000000000000000000e+01,1.055000000000000000e+02
8.700387883186340332e+01,9.000000000000000000e+01,1.070000000000000000e+02
8.700387883186340332e+01,9.000000000000000000e+01,1.080000000000000000e+02
8.700387883186340332e+01,9.100000000000000000e+01,7.800000000000000000e+01
8.700387883186340332e+01,9.100000000000000000e+01,7.900000000000000000e+01
8.700387883186340332e+01,9.100000000000000000e+01,8.000000000000000000e+01
8.800392341613769531e+01,9.050000000000000000e+01,8.100000000000000000e+01
8.700387883186340332e+01,9.100000000000000000e+01,8.100000000000000000e+01
8.700387883186340332e+01,9.100000000000000000e+01,8.200000000000000000e+01
8.800392341613769531e+01,9.050000000000000000e+01,8.200000000000000000e+01
8.700387883186340332e+01,9.100000000000000000e+01,8.300000000000000000e+01
8.800392341613769531e+01,9.100000000000000000e+01,9.550000000000000000e+01
8.800392341613769531e+01,9.050000000000000000e+01,9.600000000000000000e+01
8.700387883186340332e+01,9.100000000000000000e+01,1.060000000000000000e+02
8.800392341613769531e+01,9.100000000000000000e+01,1.055000000000000000e+02
8.700387883186340332e+01,9.100000000000000000e+01,1.070000000000000000e+02
8.700387883186340332e+01,9.100000000000000000e+01,1.080000000000000000e+02
8.800392341613769531e+01,9.200000000000000000e+01,9.450000000000000000e+01
8.800392341613769531e+01,9.150000000000000000e+01,9.500000000000000000e+01
8.700387883186340332e+01,9.200000000000000000e+01,1.050000000000000000e+02
8.800392341613769531e+01,9.150000000000000000e+01,1.050000000000000000e+02
8.800392341613769531e+01,9.200000000000000000e+01,1.045000000000000000e+02
8.700387883186340332e+01,9.200000000000000000e+01,1.060000000000000000e+02
8.700387883186340332e+01,9.200000000000000000e+01,1.070000000000000000e+02
8.800392341613769531e+01,9.300000000000000000e+01,9.350000000000000000e+01
8.800392341613769531e+01,9.250000000000000000e+01,9.400000000000000000e+01
8.700387883186340332e+01,9.300000000000000000e+01,1.050000000000000000e+02
8.800392341613769531e+01,9.300000000000000000e+01,1.045000000000000000e+02
8.700387883186340332e+01,9.300000000000000000e+01,1.060000000000000000e+02
8.800392341613769531e+01,9.400000000000000000e+01,9.250000000000000000e+01
8.800392341613769531e+01,9.350000000000000000e+01,9.300000000000000000e+01
8.700387883186340332e+01,9.400000000000000000e+01,1.050000000000000000e+02
8.800392341613769531e+01,9.400000000000000000e+01,1.045000000000000000e+02
8.700387883186340332e+01,9.400000000000000000e+01,1.060000000000000000e+02
8.700387883186340332e+01,9.500000000000000000e+01,9.200000000000000000e+01
8.800392341613769531e+01,9.500000000000000000e+01,9.250000000000000000e+01
8.700387883186340332e+01,9.500000000000000000e+01,1.040000000000000000e+02
8.800392341613769531e+01,9.450000000000000000e+01,1.040000000000000000e+02
8.800392341613769531e+01,9.500000000000000000e+01,1.035000000000000000e+02
8.700387883186340332e+01,9.500000000000000000e+01,1.050000000000000000e+02
8.800392341613769531e+01,9.600000000000000000e+01,9.150000000000000000e+01
8.800392341613769531e+01,9.550000000000000000e+01,9.200000000000000000e+01
8.700387883186340332e+01,9.600000000000000000e+01,1.040000000000000000e+02
8.800392341613769531e+01,9.600000000000000000e+01,1.035000000000000000e+02
8.700387883186340332e+01,9.700000000000000000e+01,9.100000000000000000e+01
8.800392341613769531e+01,9.700000000000000000e+01,9.150000000000000000e+01
8.700387883186340332e+01,9.700000000000000000e+01,1.030000000000000000e+02
8.800392341613769531e+01,9.650000000000000000e+01,1.030000000000000000e+02
8.800392341613769531e+01,9.700000000000000000e+01,1.025000000000000000e+02
8.700387883186340332e+01,9.800000000000000000e+01,9.100000000000000000e+01
8.800392341613769531e+01,9.800000000000000000e+01,9.150000000000000000e+01
8.700387883186340332e+01,9.800000000000000000e+01,1.020000000000000000e+02
8.800392341613769531e+01,9.750000000000000000e+01,1.020000000000000000e+02
8.800392341613769531e+01,9.800000000000000000e+01,1.015000000000000000e+02
8.700387883186340332e+01,9.800000000000000000e+01,1.030000000000000000e+02
8.800392341613769531e+01,9.900000000000000000e+01,9.150000000000000000e+01
8.700387883186340332e+01,9.900000000000000000e+01,1.010000000000000000e+02
8.800392341613769531e+01,9.850000000000000000e+01,1.010000000000000000e+02
8.800392341613769531e+01,9.900000000000000000e+01,1.005000000000000000e+02
8.700387883186340332e+01,9.900000000000000000e+01,1.020000000000000000e+02
8.800392341613769531e+01,9.950000000000000000e+01,9.200000000000000000e+01
8.700387883186340332e+01,1.000000000000000000e+02,9.200000000000000000e+01
8.800392341613769531e+01,1.000000000000000000e+02,9.250000000000000000e+01
8.700387883186340332e+01,1.000000000000000000e+02,1.010000000000000000e+02
8.800392341613769531e+01,1.000000000000000000e+02,1.005000000000000000e+02
8.700387883186340332e+01,1.000000000000000000e+02,1.020000000000000000e+02
8.700387883186340332e+01,1.010000000000000000e+02,9.200000000000000000e+01
8.800392341613769531e+01,1.010000000000000000e+02,9.250000000000000000e+01
8.700387883186340332e+01,1.010000000000000000e+02,1.000000000000000000e+02
8.800392341613769531e+01,1.005000000000000000e+02,1.000000000000000000e+02
8.800392341613769531e+01,1.010000000000000000e+02,9.950000000000000000e+01
8.700387883186340332e+01,1.010000000000000000e+02,1.010000000000000000e+02
8.700387883186340332e+01,1.020000000000000000e+02,9.200000000000000000e+01
8.800392341613769531e+01,1.020000000000000000e+02,9.250000000000000000e+01
8.700387883186340332e+01,1.020000000000000000e+02,9.900000000000000000e+01
8.800392341613769531e+01,1.015000000000000000e+02,9.900000000000000000e+01
8.800392341613769531e+01,1.020000000000000000e+02,9.850000000000000000e+01
8.700387883186340332e+01,1.020000000000000000e+02,1.000000000000000000e+02
8.700387883186340332e+01,1.020000000000000000e+02,1.010000000000000000e+02
8.700387883186340332e+01,1.030000000000000000e+02,9.300000000000000000e+01
8.800392341613769531e+01,1.025000000000000000e+02,9.300000000000000000e+01
8.800392341613769531e+01,1.030000000000000000e+02,9.350000000000000000e+01
8.700387883186340332e+01,1.030000000000000000e+02,9.700000000000000000e+01
8.800392341613769531e+01,1.025000000000000000e+02,9.700000000000000000e+01
8.800392341613769531e+01,1.030000000000000000e+02,9.650000000000000000e+01
8.700387883186340332e+01,1.030000000000000000e+02,9.800000000000000000e+01
8.800392341613769531e+01,1.025000000000000000e+02,9.800000000000000000e+01
8.700387883186340332e+01,1.030000000000000000e+02,9.900000000000000000e+01
8.700387883186340332e+01,1.030000000000000000e+02,1.000000000000000000e+02
8.700387883186340332e+01,1.040000000000000000e+02,9.300000000000000000e+01
8.800392341613769531e+01,1.035000000000000000e+02,9.400000000000000000e+01
8.700387883186340332e+01,1.040000000000000000e+02,9.400000000000000000e+01
8.700387883186340332e+01,1.040000000000000000e+02,9.500000000000000000e+01
8.800392341613769531e+01,1.035000000000000000e+02,9.500000000000000000e+01
8.700387883186340332e+01,1.040000000000000000e+02,9.600000000000000000e+01
8.800392341613769531e+01,1.035000000000000000e+02,9.600000000000000000e+01
8.700387883186340332e+01,1.040000000000000000e+02,9.700000000000000000e+01
8.700387883186340332e+01,1.040000000000000000e+02,9.800000000000000000e+01
8.700387883186340332e+01,1.040000000000000000e+02,9.900000000000000000e+01
8.700387883186340332e+01,1.040000000000000000e+02,1.000000000000000000e+02
8.700387883186340332e+01,1.050000000000000000e+02,9.300000000000000000e+01
8.700387883186340332e+01,1.050000000000000000e+02,9.400000000000000000e+01
8.700387883186340332e+01,1.050000000000000000e+02,9.500000000000000000e+01
8.700387883186340332e+01,1.050000000000000000e+02,9.600000000000000000e+01
8.700387883186340332e+01,1.050000000000000000e+02,9.700000000000000000e+01
8.700387883186340332e+01,1.050000000000000000e+02,9.800000000000000000e+01
8.700387883186340332e+01,1.050000000000000000e+02,9.900000000000000000e+01
8.700387883186340332e+01,1.050000000000000000e+02,1.000000000000000000e+02
8.700387883186340332e+01,1.060000000000000000e+02,9.300000000000000000e+01
8.700387883186340332e+01,1.060000000000000000e+02,9.400000000000000000e+01
8.700387883186340332e+01,1.060000000000000000e+02,9.500000000000000000e+01
8.700387883186340332e+01,1.060000000000000000e+02,9.600000000000000000e+01
8.700387883186340332e+01,1.060000000000000000e+02,9.700000000000000000e+01
8.700387883186340332e+01,1.060000000000000000e+02,9.800000000000000000e+01
8.700387883186340332e+01,1.060000000000000000e+02,9.900000000000000000e+01
8.700387883186340332e+01,1.060000000000000000e+02,1.000000000000000000e+02
8.700387883186340332e+01,1.070000000000000000e+02,9.300000000000000000e+01
8.700387883186340332e+01,1.070000000000000000e+02,9.400000000000000000e+01
8.700387883186340332e+01,1.070000000000000000e+02,9.500000000000000000e+01
8.700387883186340332e+01,1.070000000000000000e+02,9.600000000000000000e+01
8.700387883186340332e+01,1.070000000000000000e+02,9.700000000000000000e+01
8.700387883186340332e+01,1.070000000000000000e+02,9.800000000000000000e+01
8.700387883186340332e+01,1.070000000000000000e+02,9.900000000000000000e+01
8.700387883186340332e+01,1.070000000000000000e+02,1.000000000000000000e+02
8.700387883186340332e+01,1.080000000000000000e+02,9.300000000000000000e+01
8.700387883186340332e+01,1.080000000000000000e+02,9.400000000000000000e+01
8.700387883186340332e+01,1.080000000000000000e+02,9.500000000000000000e+01
8.700387883186340332e+01,1.080000000000000000e+02,9.600000000000000000e+01
8.700387883186340332e+01,1.080000000000000000e+02,9.700000000000000000e+01
8.700387883186340332e+01,1.080000000000000000e+02,9.800000000000000000e+01
8.700387883186340332e+01,1.080000000000000000e+02,9.900000000000000000e+01
8.700387883186340332e+01,1.080000000000000000e+02,1.000000000000000000e+02
8.700387883186340332e+01,1.080000000000000000e+02,1.010000000000000000e+02
8.700387883186340332e+01,1.090000000000000000e+02,9.300000000000000000e+01
8.700387883186340332e+01,1.090000000000000000e+02,9.400000000000000000e+01
8.700387883186340332e+01,1.090000000000000000e+02,9.500000000000000000e+01
8.700387883186340332e+01,1.090000000000000000e+02,9.600000000000000000e+01
8.700387883186340332e+01,1.090000000000000000e+02,9.700000000000000000e+01
8.700387883186340332e+01,1.090000000000000000e+02,9.800000000000000000e+01
8.700387883186340332e+01,1.090000000000000000e+02,9.900000000000000000e+01
8.700387883186340332e+01,1.090000000000000000e+02,1.000000000000000000e+02
8.700387883186340332e+01,1.090000000000000000e+02,1.010000000000000000e+02
8.700387883186340332e+01,1.090000000000000000e+02,1.020000000000000000e+02
8.700387883186340332e+01,1.100000000000000000e+02,9.200000000000000000e+01
8.700387883186340332e+01,1.100000000000000000e+02,9.300000000000000000e+01
8.700387883186340332e+01,1.100000000000000000e+02,9.400000000000000000e+01
8.700387883186340332e+01,1.100000000000000000e+02,9.500000000000000000e+01
8.700387883186340332e+01,1.100000000000000000e+02,9.600000000000000000e+01
8.700387883186340332e+01,1.100000000000000000e+02,9.700000000000000000e+01
8.700387883186340332e+01,1.100000000000000000e+02,9.800000000000000000e+01
8.700387883186340332e+01,1.100000000000000000e+02,9.900000000000000000e+01
8.700387883186340332e+01,1.100000000000000000e+02,1.000000000000000000e+02
8.700387883186340332e+01,1.100000000000000000e+02,1.010000000000000000e+02
8.700387883186340332e+01,1.100000000000000000e+02,1.020000000000000000e+02
8.700387883186340332e+01,1.100000000000000000e+02,1.030000000000000000e+02
8.700387883186340332e+01,1.100000000000000000e+02,1.040000000000000000e+02
8.700387883186340332e+01,1.110000000000000000e+02,9.100000000000000000e+01
8.700387883186340332e+01,1.110000000000000000e+02,9.200000000000000000e+01
8.700387883186340332e+01,1.110000000000000000e+02,9.300000000000000000e+01
8.700387883186340332e+01,1.110000000000000000e+02,9.400000000000000000e+01
8.700387883186340332e+01,1.110000000000000000e+02,9.500000000000000000e+01
8.700387883186340332e+01,1.110000000000000000e+02,9.600000000000000000e+01
8.700387883186340332e+01,1.110000000000000000e+02,9.700000000000000000e+01
8.700387883186340332e+01,1.110000000000000000e+02,9.800000000000000000e+01
8.700387883186340332e+01,1.110000000000000000e+02,9.900000000000000000e+01
8.800392341613769531e+01,1.110000000000000000e+02,9.950000000000000000e+01
8.800392341613769531e+01,1.105000000000000000e+02,1.000000000000000000e+02
8.800392341613769531e+01,1.105000000000000000e+02,1.010000000000000000e+02
8.800392341613769531e+01,1.105000000000000000e+02,1.020000000000000000e+02
8.800392341613769531e+01,1.105000000000000000e+02,1.030000000000000000e+02
8.800392341613769531e+01,1.110000000000000000e+02,1.035000000000000000e+02
8.700387883186340332e+01,1.110000000000000000e+02,1.040000000000000000e+02
8.700387883186340332e+01,1.110000000000000000e+02,1.050000000000000000e+02
8.700387883186340332e+01,1.120000000000000000e+02,9.000000000000000000e+01
8.700387883186340332e+01,1.120000000000000000e+02,9.100000000000000000e+01
8.700387883186340332e+01,1.120000000000000000e+02,9.200000000000000000e+01
8.700387883186340332e+01,1.120000000000000000e+02,9.300000000000000000e+01
8.700387883186340332e+01,1.120000000000000000e+02,9.400000000000000000e+01
8.700387883186340332e+01,1.120000000000000000e+02,9.500000000000000000e+01
8.700387883186340332e+01,1.120000000000000000e+02,9.600000000000000000e+01
8.700387883186340332e+01,1.120000000000000000e+02,9.700000000000000000e+01
8.700387883186340332e+01,1.120000000000000000e+02,9.800000000000000000e+01
8.800392341613769531e+01,1.120000000000000000e+02,9.850000000000000000e+01
8.800392341613769531e+01,1.115000000000000000e+02,9.900000000000000000e+01
8.800392341613769531e+01,1.115000000000000000e+02,1.040000000000000000e+02
8.800392341613769531e+01,1.115000000000000000e+02,1.050000000000000000e+02
8.700387883186340332e+01,1.120000000000000000e+02,1.060000000000000000e+02
8.800392341613769531e+01,1.120000000000000000e+02,1.055000000000000000e+02
8.700387883186340332e+01,1.130000000000000000e+02,8.200000000000000000e+01
8.700387883186340332e+01,1.130000000000000000e+02,8.300000000000000000e+01
8.700387883186340332e+01,1.130000000000000000e+02,8.400000000000000000e+01
8.700387883186340332e+01,1.130000000000000000e+02,8.500000000000000000e+01
8.700387883186340332e+01,1.130000000000000000e+02,8.600000000000000000e+01
8.700387883186340332e+01,1.130000000000000000e+02,8.700000000000000000e+01
8.700387883186340332e+01,1.130000000000000000e+02,8.800000000000000000e+01
8.700387883186340332e+01,1.130000000000000000e+02,8.900000000000000000e+01
8.700387883186340332e+01,1.130000000000000000e+02,9.000000000000000000e+01
8.700387883186340332e+01,1.130000000000000000e+02,9.100000000000000000e+01
8.700387883186340332e+01,1.130000000000000000e+02,9.200000000000000000e+01
8.700387883186340332e+01,1.130000000000000000e+02,9.300000000000000000e+01
8.700387883186340332e+01,1.130000000000000000e+02,9.400000000000000000e+01
8.700387883186340332e+01,1.130000000000000000e+02,9.500000000000000000e+01
8.700387883186340332e+01,1.130000000000000000e+02,9.600000000000000000e+01
8.700387883186340332e+01,1.130000000000000000e+02,9.700000000000000000e+01
8.700387883186340332e+01,1.130000000000000000e+02,9.800000000000000000e+01
8.800392341613769531e+01,1.130000000000000000e+02,9.850000000000000000e+01
8.700387883186340332e+01,1.130000000000000000e+02,1.060000000000000000e+02
8.800392341613769531e+01,1.130000000000000000e+02,1.055000000000000000e+02
8.700387883186340332e+01,1.140000000000000000e+02,8.100000000000000000e+01
8.800392341613769531e+01,1.140000000000000000e+02,8.150000000000000000e+01
8.800392341613769531e+01,1.135000000000000000e+02,8.200000000000000000e+01
8.800392341613769531e+01,1.135000000000000000e+02,8.300000000000000000e+01
8.800392341613769531e+01,1.135000000000000000e+02,8.400000000000000000e+01
8.800392341613769531e+01,1.140000000000000000e+02,8.450000000000000000e+01
8.700387883186340332e+01,1.140000000000000000e+02,8.500000000000000000e+01
8.700387883186340332e+01,1.140000000000000000e+02,8.600000000000000000e+01
8.700387883186340332e+01,1.140000000000000000e+02,8.700000000000000000e+01
8.700387883186340332e+01,1.140000000000000000e+02,8.800000000000000000e+01
8.700387883186340332e+01,1.140000000000000000e+02,8.900000000000000000e+01
8.700387883186340332e+01,1.140000000000000000e+02,9.000000000000000000e+01
8.700387883186340332e+01,1.140000000000000000e+02,9.100000000000000000e+01
8.700387883186340332e+01,1.140000000000000000e+02,9.200000000000000000e+01
8.700387883186340332e+01,1.140000000000000000e+02,9.300000000000000000e+01
8.700387883186340332e+01,1.140000000000000000e+02,9.400000000000000000e+01
8.700387883186340332e+01,1.140000000000000000e+02,9.500000000000000000e+01
8.700387883186340332e+01,1.140000000000000000e+02,9.600000000000000000e+01
8.700387883186340332e+01,1.140000000000000000e+02,9.700000000000000000e+01
8.700387883186340332e+01,1.140000000000000000e+02,9.800000000000000000e+01
8.800392341613769531e+01,1.140000000000000000e+02,9.850000000000000000e+01
8.700387883186340332e+01,1.140000000000000000e+02,1.060000000000000000e+02
8.800392341613769531e+01,1.140000000000000000e+02,1.055000000000000000e+02
8.800392341613769531e+01,1.150000000000000000e+02,8.050000000000000000e+01
8.800392341613769531e+01,1.145000000000000000e+02,8.100000000000000000e+01
8.800392341613769531e+01,1.145000000000000000e+02,8.500000000000000000e+01
8.800392341613769531e+01,1.145000000000000000e+02,8.600000000000000000e+01
8.800392341613769531e+01,1.150000000000000000e+02,8.650000000000000000e+01
8.700387883186340332e+01,1.150000000000000000e+02,8.700000000000000000e+01
8.700387883186340332e+01,1.150000000000000000e+02,8.800000000000000000e+01
8.700387883186340332e+01,1.150000000000000000e+02,8.900000000000000000e+01
8.700387883186340332e+01,1.150000000000000000e+02,9.000000000000000000e+01
8.700387883186340332e+01,1.150000000000000000e+02,9.100000000000000000e+01
8.700387883186340332e+01,1.150000000000000000e+02,9.200000000000000000e+01
8.700387883186340332e+01,1.150000000000000000e+02,9.300000000000000000e+01
8.700387883186340332e+01,1.150000000000000000e+02,9.400000000000000000e+01
8.700387883186340332e+01,1.150000000000000000e+02,9.500000000000000000e+01
8.700387883186340332e+01,1.150000000000000000e+02,9.600000000000000000e+01
8.700387883186340332e+01,1.150000000000000000e+02,9.700000000000000000e+01
8.700387883186340332e+01,1.150000000000000000e+02,9.800000000000000000e+01
8.800392341613769531e+01,1.150000000000000000e+02,9.850000000000000000e+01
8.800392341613769531e+01,1.145000000000000000e+02,1.060000000000000000e+02
8.800392341613769531e+01,1.150000000000000000e+02,1.065000000000000000e+02
8.800392341613769531e+01,1.160000000000000000e+02,8.050000000000000000e+01
8.700387883186340332e+01,1.160000000000000000e+02,8.700000000000000000e+01
8.800392341613769531e+01,1.160000000000000000e+02,8.650000000000000000e+01
8.700387883186340332e+01,1.160000000000000000e+02,8.800000000000000000e+01
8.700387883186340332e+01,1.160000000000000000e+02,8.900000000000000000e+01
8.700387883186340332e+01,1.160000000000000000e+02,9.000000000000000000e+01
8.700387883186340332e+01,1.160000000000000000e+02,9.100000000000000000e+01
8.700387883186340332e+01,1.160000000000000000e+02,9.200000000000000000e+01
8.700387883186340332e+01,1.160000000000000000e+02,9.300000000000000000e+01
8.700387883186340332e+01,1.160000000000000000e+02,9.400000000000000000e+01
8.700387883186340332e+01,1.160000000000000000e+02,9.500000000000000000e+01
8.700387883186340332e+01,1.160000000000000000e+02,9.600000000000000000e+01
8.700387883186340332e+01,1.160000000000000000e+02,9.700000000000000000e+01
8.700387883186340332e+01,1.160000000000000000e+02,9.800000000000000000e+01
8.800392341613769531e+01,1.155000000000000000e+02,9.900000000000000000e+01
8.700387883186340332e+01,1.160000000000000000e+02,9.900000000000000000e+01
8.800392341613769531e+01,1.160000000000000000e+02,9.950000000000000000e+01
8.800392341613769531e+01,1.160000000000000000e+02,1.065000000000000000e+02
8.800392341613769531e+01,1.170000000000000000e+02,8.050000000000000000e+01
8.800392341613769531e+01,1.165000000000000000e+02,8.700000000000000000e+01
8.800392341613769531e+01,1.170000000000000000e+02,8.750000000000000000e+01
8.700387883186340332e+01,1.170000000000000000e+02,8.800000000000000000e+01
8.700387883186340332e+01,1.170000000000000000e+02,8.900000000000000000e+01
8.700387883186340332e+01,1.170000000000000000e+02,9.000000000000000000e+01
8.700387883186340332e+01,1.170000000000000000e+02,9.100000000000000000e+01
8.700387883186340332e+01,1.170000000000000000e+02,9.200000000000000000e+01
8.700387883186340332e+01,1.170000000000000000e+02,9.300000000000000000e+01
8.700387883186340332e+01,1.170000000000000000e+02,9.400000000000000000e+01
8.700387883186340332e+01,1.170000000000000000e+02,9.500000000000000000e+01
8.700387883186340332e+01,1.170000000000000000e+02,9.600000000000000000e+01
8.700387883186340332e+01,1.170000000000000000e+02,9.700000000000000000e+01
8.700387883186340332e+01,1.170000000000000000e+02,9.800000000000000000e+01
8.700387883186340332e+01,1.170000000000000000e+02,9.900000000000000000e+01
8.800392341613769531e+01,1.170000000000000000e+02,9.950000000000000000e+01
8.800392341613769531e+01,1.170000000000000000e+02,1.065000000000000000e+02
8.800392341613769531e+01,1.180000000000000000e+02,8.050000000000000000e+01
8.700387883186340332e+01,1.180000000000000000e+02,8.800000000000000000e+01
8.800392341613769531e+01,1.180000000000000000e+02,8.750000000000000000e+01
8.700387883186340332e+01,1.180000000000000000e+02,8.900000000000000000e+01
8.700387883186340332e+01,1.180000000000000000e+02,9.000000000000000000e+01
8.700387883186340332e+01,1.180000000000000000e+02,9.100000000000000000e+01
8.700387883186340332e+01,1.180000000000000000e+02,9.200000000000000000e+01
8.700387883186340332e+01,1.180000000000000000e+02,9.300000000000000000e+01
8.700387883186340332e+01,1.180000000000000000e+02,9.400000000000000000e+01
8.700387883186340332e+01,1.180000000000000000e+02,9.500000000000000000e+01
8.700387883186340332e+01,1.180000000000000000e+02,9.600000000000000000e+01
8.700387883186340332e+01,1.180000000000000000e+02,9.700000000000000000e+01
8.700387883186340332e+01,1.180000000000000000e+02,9.800000000000000000e+01
8.700387883186340332e+01,1.180000000000000000e+02,9.900000000000000000e+01
8.800392341613769531e+01,1.180000000000000000e+02,9.950000000000000000e+01
8.800392341613769531e+01,1.180000000000000000e+02,1.065000000000000000e+02
8.800392341613769531e+01,1.190000000000000000e+02,8.050000000000000000e+01
8.700387883186340332e+01,1.190000000000000000e+02,8.800000000000000000e+01
8.800392341613769531e+01,1.190000000000000000e+02,8.750000000000000000e+01
8.700387883186340332e+01,1.190000000000000000e+02,8.900000000000000000e+01
8.700387883186340332e+01,1.190000000000000000e+02,9.000000000000000000e+01
8.700387883186340332e+01,1.190000000000000000e+02,9.100000000000000000e+01
8.700387883186340332e+01,1.190000000000000000e+02,9.200000000000000000e+01
8.700387883186340332e+01,1.190000000000000000e+02,9.300000000000000000e+01
8.700387883186340332e+01,1.190000000000000000e+02,9.400000000000000000e+01
8.700387883186340332e+01,1.190000000000000000e+02,9.500000000000000000e+01
8.700387883186340332e+01,1.190000000000000000e+02,9.600000000000000000e+01
8.700387883186340332e+01,1.190000000000000000e+02,9.700000000000000000e+01
8.700387883186340332e+01,1.190000000000000000e+02,9.800000000000000000e+01
8.700387883186340332e+01,1.190000000000000000e+02,9.900000000000000000e+01
8.800392341613769531e+01,1.190000000000000000e+02,9.950000000000000000e+01
8.800392341613769531e+01,1.190000000000000000e+02,1.065000000000000000e+02
8.800392341613769531e+01,1.200000000000000000e+02,8.050000000000000000e+01
8.800392341613769531e+01,1.195000000000000000e+02,8.800000000000000000e+01
8.800392341613769531e+01,1.200000000000000000e+02,8.850000000000000000e+01
8.700387883186340332e+01,1.200000000000000000e+02,8.900000000000000000e+01
8.700387883186340332e+01,1.200000000000000000e+02,9.000000000000000000e+01
8.700387883186340332e+01,1.200000000000000000e+02,9.100000000000000000e+01
8.700387883186340332e+01,1.200000000000000000e+02,9.200000000000000000e+01
8.700387883186340332e+01,1.200000000000000000e+02,9.300000000000000000e+01
8.700387883186340332e+01,1.200000000000000000e+02,9.400000000000000000e+01
8.700387883186340332e+01,1.200000000000000000e+02,9.500000000000000000e+01
8.700387883186340332e+01,1.200000000000000000e+02,9.600000000000000000e+01
8.700387883186340332e+01,1.200000000000000000e+02,9.700000000000000000e+01
8.700387883186340332e+01,1.200000000000000000e+02,9.800000000000000000e+01
8.700387883186340332e+01,1.200000000000000000e+02,9.900000000000000000e+01
8.800392341613769531e+01,1.195000000000000000e+02,1.000000000000000000e+02
8.700387883186340332e+01,1.200000000000000000e+02,1.000000000000000000e+02
8.800392341613769531e+01,1.200000000000000000e+02,1.005000000000000000e+02
8.800392341613769531e+01,1.200000000000000000e+02,1.065000000000000000e+02
8.800392341613769531e+01,1.210000000000000000e+02,8.050000000000000000e+01
8.700387883186340332e+01,1.210000000000000000e+02,8.900000000000000000e+01
8.800392341613769531e+01,1.210000000000000000e+02,8.850000000000000000e+01
8.700387883186340332e+01,1.210000000000000000e+02,9.000000000000000000e+01
8.700387883186340332e+01,1.210000000000000000e+02,9.100000000000000000e+01
8.700387883186340332e+01,1.210000000000000000e+02,9.200000000000000000e+01
8.700387883186340332e+01,1.210000000000000000e+02,9.300000000000000000e+01
8.700387883186340332e+01,1.210000000000000000e+02,9.400000000000000000e+01
8.700387883186340332e+01,1.210000000000000000e+02,9.500000000000000000e+01
8.700387883186340332e+01,1.210000000000000000e+02,9.600000000000000000e+01
8.700387883186340332e+01,1.210000000000000000e+02,9.700000000000000000e+01
8.700387883186340332e+01,1.210000000000000000e+02,9.800000000000000000e+01
8.700387883186340332e+01,1.210000000000000000e+02,9.900000000000000000e+01
8.700387883186340332e+01,1.210000000000000000e+02,1.000000000000000000e+02
8.800392341613769531e+01,1.210000000000000000e+02,1.005000000000000000e+02
8.800392341613769531e+01,1.210000000000000000e+02,1.065000000000000000e+02
8.800392341613769531e+01,1.220000000000000000e+02,8.050000000000000000e+01
8.700387883186340332e+01,1.220000000000000000e+02,8.900000000000000000e+01
8.800392341613769531e+01,1.220000000000000000e+02,8.850000000000000000e+01
8.700387883186340332e+01,1.220000000000000000e+02,9.000000000000000000e+01
8.700387883186340332e+01,1.220000000000000000e+02,9.100000000000000000e+01
8.700387883186340332e+01,1.220000000000000000e+02,9.200000000000000000e+01
8.700387883186340332e+01,1.220000000000000000e+02,9.300000000000000000e+01
8.700387883186340332e+01,1.220000000000000000e+02,9.400000000000000000e+01
8.700387883186340332e+01,1.220000000000000000e+02,9.500000000000000000e+01
8.700387883186340332e+01,1.220000000000000000e+02,9.600000000000000000e+01
8.700387883186340332e+01,1.220000000000000000e+02,9.700000000000000000e+01
8.700387883186340332e+01,1.220000000000000000e+02,9.800000000000000000e+01
8.700387883186340332e+01,1.220000000000000000e+02,9.900000000000000000e+01
8.700387883186340332e+01,1.220000000000000000e+02,1.000000000000000000e+02
8.800392341613769531e+01,1.215000000000000000e+02,1.010000000000000000e+02
8.700387883186340332e+01,1.220000000000000000e+02,1.010000000000000000e+02
8.800392341613769531e+01,1.220000000000000000e+02,1.015000000000000000e+02
8.800392341613769531e+01,1.220000000000000000e+02,1.065000000000000000e+02
8.800392341613769531e+01,1.230000000000000000e+02,8.050000000000000000e+01
8.700387883186340332e+01,1.230000000000000000e+02,8.900000000000000000e+01
8.800392341613769531e+01,1.230000000000000000e+02,8.850000000000000000e+01
8.700387883186340332e+01,1.230000000000000000e+02,9.000000000000000000e+01
8.700387883186340332e+01,1.230000000000000000e+02,9.100000000000000000e+01
8.700387883186340332e+01,1.230000000000000000e+02,9.200000000000000000e+01
8.700387883186340332e+01,1.230000000000000000e+02,9.300000000000000000e+01
8.700387883186340332e+01,1.230000000000000000e+02,9.700000000000000000e+01
8.700387883186340332e+01,1.230000000000000000e+02,9.800000000000000000e+01
8.700387883186340332e+01,1.230000000000000000e+02,9.900000000000000000e+01
8.700387883186340332e+01,1.230000000000000000e+02,1.000000000000000000e+02
8.700387883186340332e+01,1.230000000000000000e+02,1.010000000000000000e+02
8.800392341613769531e+01,1.230000000000000000e+02,1.015000000000000000e+02
8.800392341613769531e+01,1.230000000000000000e+02,1.065000000000000000e+02
8.800392341613769531e+01,1.240000000000000000e+02,8.050000000000000000e+01
8.700387883186340332e+01,1.240000000000000000e+02,8.900000000000000000e+01
8.800392341613769531e+01,1.240000000000000000e+02,8.850000000000000000e+01
8.700387883186340332e+01,1.240000000000000000e+02,9.000000000000000000e+01
8.700387883186340332e+01,1.240000000000000000e+02,9.100000000000000000e+01
8.700387883186340332e+01,1.240000000000000000e+02,9.200000000000000000e+01
8.700387883186340332e+01,1.240000000000000000e+02,9.900000000000000000e+01
8.700387883186340332e+01,1.240000000000000000e+02,1.000000000000000000e+02
8.700387883186340332e+01,1.240000000000000000e+02,1.010000000000000000e+02
8.800392341613769531e+01,1.235000000000000000e+02,1.020000000000000000e+02
8.700387883186340332e+01,1.240000000000000000e+02,1.020000000000000000e+02
8.800392341613769531e+01,1.240000000000000000e+02,1.025000000000000000e+02
8.800392341613769531e+01,1.240000000000000000e+02,1.065000000000000000e+02
8.800392341613769531e+01,1.250000000000000000e+02,8.050000000000000000e+01
8.700387883186340332e+01,1.250000000000000000e+02,8.900000000000000000e+01
8.800392341613769531e+01,1.250000000000000000e+02,8.850000000000000000e+01
8.700387883186340332e+01,1.250000000000000000e+02,9.000000000000000000e+01
8.700387883186340332e+01,1.250000000000000000e+02,9.100000000000000000e+01
8.700387883186340332e+01,1.250000000000000000e+02,1.000000000000000000e+02
8.700387883186340332e+01,1.250000000000000000e+02,1.010000000000000000e+02
8.700387883186340332e+01,1.250000000000000000e+02,1.020000000000000000e+02
8.800392341613769531e+01,1.250000000000000000e+02,1.025000000000000000e+02
8.800392341613769531e+01,1.250000000000000000e+02,1.065000000000000000e+02
8.800392341613769531e+01,1.260000000000000000e+02,8.050000000000000000e+01
8.700387883186340332e+01,1.260000000000000000e+02,8.800000000000000000e+01
8.800392341613769531e+01,1.255000000000000000e+02,8.800000000000000000e+01
8.800392341613769531e+01,1.260000000000000000e+02,8.750000000000000000e+01
8.700387883186340332e+01,1.260000000000000000e+02,8.900000000000000000e+01
8.700387883186340332e+01,1.260000000000000000e+02,9.000000000000000000e+01
8.700387883186340332e+01,1.260000000000000000e+02,1.010000000000000000e+02
8.700387883186340332e+01,1.260000000000000000e+02,1.020000000000000000e+02
8.800392341613769531e+01,1.255000000000000000e+02,1.030000000000000000e+02
8.700387883186340332e+01,1.260000000000000000e+02,1.030000000000000000e+02
8.800392341613769531e+01,1.260000000000000000e+02,1.035000000000000000e+02
8.700387883186340332e+01,1.260000000000000000e+02,1.070000000000000000e+02
8.800392341613769531e+01,1.260000000000000000e+02,1.065000000000000000e+02
8.800392341613769531e+01,1.270000000000000000e+02,8.050000000000000000e+01
8.700387883186340332e+01,1.270000000000000000e+02,8.800000000000000000e+01
8.800392341613769531e+01,1.270000000000000000e+02,8.750000000000000000e+01
8.700387883186340332e+01,1.270000000000000000e+02,8.900000000000000000e+01
8.700387883186340332e+01,1.270000000000000000e+02,9.000000000000000000e+01
8.700387883186340332e+01,1.270000000000000000e+02,1.020000000000000000e+02
8.700387883186340332e+01,1.270000000000000000e+02,1.030000000000000000e+02
8.800392341613769531e+01,1.265000000000000000e+02,1.040000000000000000e+02
8.700387883186340332e+01,1.270000000000000000e+02,1.040000000000000000e+02
8.800392341613769531e+01,1.270000000000000000e+02,1.045000000000000000e+02
8.700387883186340332e+01,1.270000000000000000e+02,1.060000000000000000e+02
8.800392341613769531e+01,1.265000000000000000e+02,1.060000000000000000e+02
8.800392341613769531e+01,1.270000000000000000e+02,1.055000000000000000e+02
8.700387883186340332e+01,1.270000000000000000e+02,1.070000000000000000e+02
8.800392341613769531e+01,1.280000000000000000e+02,8.050000000000000000e+01
8.700387883186340332e+01,1.280000000000000000e+02,8.700000000000000000e+01
8.800392341613769531e+01,1.275000000000000000e+02,8.700000000000000000e+01
8.800392341613769531e+01,1.280000000000000000e+02,8.650000000000000000e+01
8.700387883186340332e+01,1.280000000000000000e+02,8.800000000000000000e+01
8.700387883186340332e+01,1.280000000000000000e+02,8.900000000000000000e+01
8.700387883186340332e+01,1.280000000000000000e+02,1.030000000000000000e+02
8.700387883186340332e+01,1.280000000000000000e+02,1.040000000000000000e+02
8.800392341613769531e+01,1.275000000000000000e+02,1.050000000000000000e+02
8.700387883186340332e+01,1.280000000000000000e+02,1.050000000000000000e+02
8.700387883186340332e+01,1.280000000000000000e+02,1.060000000000000000e+02
8.800392341613769531e+01,1.290000000000000000e+02,8.050000000000000000e+01
8.700387883186340332e+01,1.290000000000000000e+02,8.700000000000000000e+01
8.800392341613769531e+01,1.290000000000000000e+02,8.650000000000000000e+01
8.700387883186340332e+01,1.290000000000000000e+02,8.800000000000000000e+01
8.700387883186340332e+01,1.290000000000000000e+02,1.040000000000000000e+02
8.700387883186340332e+01,1.290000000000000000e+02,1.050000000000000000e+02
8.700387883186340332e+01,1.290000000000000000e+02,1.060000000000000000e+02
8.800392341613769531e+01,1.295000000000000000e+02,8.100000000000000000e+01
8.700387883186340332e+01,1.300000000000000000e+02,8.100000000000000000e+01
8.800392341613769531e+01,1.300000000000000000e+02,8.150000000000000000e+01
8.700387883186340332e+01,1.300000000000000000e+02,8.600000000000000000e+01
8.800392341613769531e+01,1.295000000000000000e+02,8.600000000000000000e+01
8.800392341613769531e+01,1.300000000000000000e+02,8.550000000000000000e+01
8.700387883186340332e+01,1.300000000000000000e+02,8.700000000000000000e+01
8.700387883186340332e+01,1.300000000000000000e+02,1.050000000000000000e+02
8.700387883186340332e+01,1.310000000000000000e+02,8.100000000000000000e+01
8.800392341613769531e+01,1.310000000000000000e+02,8.150000000000000000e+01
8.700387883186340332e+01,1.310000000000000000e+02,8.500000000000000000e+01
8.800392341613769531e+01,1.305000000000000000e+02,8.500000000000000000e+01
8.800392341613769531e+01,1.310000000000000000e+02,8.450000000000000000e+01
8.700387883186340332e+01,1.310000000000000000e+02,8.600000000000000000e+01
8.700387883186340332e+01,1.320000000000000000e+02,8.200000000000000000e+01
8.800392341613769531e+01,1.315000000000000000e+02,8.200000000000000000e+01
8.700387883186340332e+01,1.320000000000000000e+02,8.300000000000000000e+01
8.800392341613769531e+01,1.315000000000000000e+02,8.300000000000000000e+01
8.700387883186340332e+01,1.320000000000000000e+02,8.400000000000000000e+01
8.800392341613769531e+01,1.315000000000000000e+02,8.400000000000000000e+01
8.700387883186340332e+01,1.320000000000000000e+02,8.500000000000000000e+01
8.700387883186340332e+01,1.330000000000000000e+02,8.300000000000000000e+01
8.900396800041198730e+01,8.100000000000000000e+01,1.020000000000000000e+02
8.900396800041198730e+01,8.100000000000000000e+01,1.030000000000000000e+02
8.900396800041198730e+01,8.100000000000000000e+01,1.040000000000000000e+02
8.900396800041198730e+01,8.100000000000000000e+01,1.050000000000000000e+02
8.900396800041198730e+01,8.200000000000000000e+01,1.010000000000000000e+02
8.900396800041198730e+01,8.200000000000000000e+01,1.020000000000000000e+02
8.900396800041198730e+01,8.200000000000000000e+01,1.030000000000000000e+02
8.900396800041198730e+01,8.200000000000000000e+01,1.040000000000000000e+02
8.900396800041198730e+01,8.200000000000000000e+01,1.050000000000000000e+02
8.900396800041198730e+01,8.200000000000000000e+01,1.060000000000000000e+02
8.900396800041198730e+01,8.300000000000000000e+01,1.000000000000000000e+02
8.900396800041198730e+01,8.300000000000000000e+01,1.010000000000000000e+02
9.000401258468627930e+01,8.300000000000000000e+01,1.015000000000000000e+02
9.000401258468627930e+01,8.250000000000000000e+01,1.020000000000000000e+02
9.000401258468627930e+01,8.250000000000000000e+01,1.030000000000000000e+02
9.000401258468627930e+01,8.250000000000000000e+01,1.040000000000000000e+02
9.000401258468627930e+01,8.300000000000000000e+01,1.045000000000000000e+02
8.900396800041198730e+01,8.300000000000000000e+01,1.050000000000000000e+02
8.900396800041198730e+01,8.300000000000000000e+01,1.060000000000000000e+02
8.900396800041198730e+01,8.300000000000000000e+01,1.070000000000000000e+02
8.900396800041198730e+01,8.400000000000000000e+01,7.600000000000000000e+01
8.900396800041198730e+01,8.400000000000000000e+01,7.700000000000000000e+01
8.900396800041198730e+01,8.400000000000000000e+01,9.900000000000000000e+01
8.900396800041198730e+01,8.400000000000000000e+01,1.000000000000000000e+02
9.000401258468627930e+01,8.400000000000000000e+01,1.005000000000000000e+02
9.000401258468627930e+01,8.350000000000000000e+01,1.010000000000000000e+02
8.900396800041198730e+01,8.400000000000000000e+01,1.040000000000000000e+02
9.000401258468627930e+01,8.350000000000000000e+01,1.040000000000000000e+02
9.000401258468627930e+01,8.400000000000000000e+01,1.035000000000000000e+02
8.900396800041198730e+01,8.400000000000000000e+01,1.050000000000000000e+02
8.900396800041198730e+01,8.400000000000000000e+01,1.060000000000000000e+02
8.900396800041198730e+01,8.400000000000000000e+01,1.070000000000000000e+02
8.900396800041198730e+01,8.500000000000000000e+01,7.200000000000000000e+01
8.900396800041198730e+01,8.500000000000000000e+01,7.300000000000000000e+01
8.900396800041198730e+01,8.500000000000000000e+01,7.400000000000000000e+01
8.900396800041198730e+01,8.500000000000000000e+01,7.500000000000000000e+01
8.900396800041198730e+01,8.500000000000000000e+01,7.600000000000000000e+01
8.900396800041198730e+01,8.500000000000000000e+01,7.700000000000000000e+01
8.900396800041198730e+01,8.500000000000000000e+01,7.800000000000000000e+01
8.900396800041198730e+01,8.500000000000000000e+01,7.900000000000000000e+01
8.900396800041198730e+01,8.500000000000000000e+01,9.900000000000000000e+01
8.900396800041198730e+01,8.500000000000000000e+01,1.000000000000000000e+02
9.000401258468627930e+01,8.500000000000000000e+01,1.005000000000000000e+02
8.900396800041198730e+01,8.500000000000000000e+01,1.020000000000000000e+02
9.000401258468627930e+01,8.450000000000000000e+01,1.020000000000000000e+02
9.000401258468627930e+01,8.500000000000000000e+01,1.015000000000000000e+02
8.900396800041198730e+01,8.500000000000000000e+01,1.030000000000000000e+02
9.000401258468627930e+01,8.450000000000000000e+01,1.030000000000000000e+02
8.900396800041198730e+01,8.500000000000000000e+01,1.040000000000000000e+02
8.900396800041198730e+01,8.500000000000000000e+01,1.050000000000000000e+02
8.900396800041198730e+01,8.500000000000000000e+01,1.060000000000000000e+02
8.900396800041198730e+01,8.500000000000000000e+01,1.070000000000000000e+02
8.900396800041198730e+01,8.600000000000000000e+01,7.100000000000000000e+01
8.900396800041198730e+01,8.600000000000000000e+01,7.200000000000000000e+01
8.900396800041198730e+01,8.600000000000000000e+01,7.300000000000000000e+01
8.900396800041198730e+01,8.600000000000000000e+01,7.400000000000000000e+01
8.900396800041198730e+01,8.600000000000000000e+01,7.500000000000000000e+01
8.900396800041198730e+01,8.600000000000000000e+01,7.600000000000000000e+01
8.900396800041198730e+01,8.600000000000000000e+01,7.700000000000000000e+01
8.900396800041198730e+01,8.600000000000000000e+01,7.800000000000000000e+01
8.900396800041198730e+01,8.600000000000000000e+01,7.900000000000000000e+01
8.900396800041198730e+01,8.600000000000000000e+01,8.000000000000000000e+01
8.900396800041198730e+01,8.600000000000000000e+01,8.100000000000000000e+01
8.900396800041198730e+01,8.600000000000000000e+01,9.900000000000000000e+01
8.900396800041198730e+01,8.600000000000000000e+01,1.000000000000000000e+02
9.000401258468627930e+01,8.550000000000000000e+01,1.010000000000000000e+02
8.900396800041198730e+01,8.600000000000000000e+01,1.010000000000000000e+02
8.900396800041198730e+01,8.600000000000000000e+01,1.020000000000000000e+02
8.900396800041198730e+01,8.600000000000000000e+01,1.030000000000000000e+02
8.900396800041198730e+01,8.600000000000000000e+01,1.040000000000000000e+02
8.900396800041198730e+01,8.600000000000000000e+01,1.050000000000000000e+02
8.900396800041198730e+01,8.600000000000000000e+01,1.060000000000000000e+02
8.900396800041198730e+01,8.700000000000000000e+01,7.100000000000000000e+01
8.900396800041198730e+01,8.700000000000000000e+01,7.200000000000000000e+01
8.900396800041198730e+01,8.700000000000000000e+01,7.300000000000000000e+01
8.900396800041198730e+01,8.700000000000000000e+01,7.400000000000000000e+01
8.900396800041198730e+01,8.700000000000000000e+01,7.500000000000000000e+01
8.900396800041198730e+01,8.700000000000000000e+01,7.600000000000000000e+01
8.900396800041198730e+01,8.700000000000000000e+01,7.700000000000000000e+01
8.900396800041198730e+01,8.700000000000000000e+01,7.800000000000000000e+01
8.900396800041198730e+01,8.700000000000000000e+01,7.900000000000000000e+01
8.900396800041198730e+01,8.700000000000000000e+01,8.000000000000000000e+01
8.900396800041198730e+01,8.700000000000000000e+01,8.100000000000000000e+01
8.900396800041198730e+01,8.700000000000000000e+01,8.200000000000000000e+01
8.900396800041198730e+01,8.700000000000000000e+01,9.900000000000000000e+01
8.900396800041198730e+01,8.700000000000000000e+01,1.000000000000000000e+02
8.900396800041198730e+01,8.700000000000000000e+01,1.010000000000000000e+02
8.900396800041198730e+01,8.700000000000000000e+01,1.020000000000000000e+02
8.900396800041198730e+01,8.700000000000000000e+01,1.030000000000000000e+02
8.900396800041198730e+01,8.700000000000000000e+01,1.040000000000000000e+02
8.900396800041198730e+01,8.700000000000000000e+01,1.050000000000000000e+02
8.900396800041198730e+01,8.700000000000000000e+01,1.060000000000000000e+02
8.900396800041198730e+01,8.800000000000000000e+01,7.200000000000000000e+01
8.900396800041198730e+01,8.800000000000000000e+01,7.300000000000000000e+01
8.900396800041198730e+01,8.800000000000000000e+01,7.400000000000000000e+01
8.900396800041198730e+01,8.800000000000000000e+01,7.500000000000000000e+01
8.900396800041198730e+01,8.800000000000000000e+01,7.600000000000000000e+01
8.900396800041198730e+01,8.800000000000000000e+01,7.700000000000000000e+01
8.900396800041198730e+01,8.800000000000000000e+01,7.800000000000000000e+01
8.900396800041198730e+01,8.800000000000000000e+01,7.900000000000000000e+01
8.900396800041198730e+01,8.800000000000000000e+01,8.000000000000000000e+01
8.900396800041198730e+01,8.800000000000000000e+01,8.100000000000000000e+01
8.900396800041198730e+01,8.800000000000000000e+01,8.200000000000000000e+01
8.900396800041198730e+01,8.800000000000000000e+01,9.800000000000000000e+01
8.900396800041198730e+01,8.800000000000000000e+01,9.900000000000000000e+01
8.900396800041198730e+01,8.800000000000000000e+01,1.000000000000000000e+02
8.900396800041198730e+01,8.800000000000000000e+01,1.010000000000000000e+02
8.900396800041198730e+01,8.800000000000000000e+01,1.020000000000000000e+02
8.900396800041198730e+01,8.800000000000000000e+01,1.030000000000000000e+02
8.900396800041198730e+01,8.800000000000000000e+01,1.040000000000000000e+02
8.900396800041198730e+01,8.800000000000000000e+01,1.050000000000000000e+02
8.900396800041198730e+01,8.800000000000000000e+01,1.060000000000000000e+02
8.900396800041198730e+01,8.900000000000000000e+01,7.300000000000000000e+01
8.900396800041198730e+01,8.900000000000000000e+01,7.400000000000000000e+01
8.900396800041198730e+01,8.900000000000000000e+01,7.500000000000000000e+01
8.900396800041198730e+01,8.900000000000000000e+01,7.600000000000000000e+01
8.900396800041198730e+01,8.900000000000000000e+01,7.700000000000000000e+01
8.900396800041198730e+01,8.900000000000000000e+01,7.800000000000000000e+01
8.900396800041198730e+01,8.900000000000000000e+01,7.900000000000000000e+01
8.900396800041198730e+01,8.900000000000000000e+01,8.000000000000000000e+01
8.900396800041198730e+01,8.900000000000000000e+01,8.100000000000000000e+01
8.900396800041198730e+01,8.900000000000000000e+01,8.200000000000000000e+01
8.900396800041198730e+01,8.900000000000000000e+01,9.800000000000000000e+01
8.900396800041198730e+01,8.900000000000000000e+01,9.900000000000000000e+01
8.900396800041198730e+01,8.900000000000000000e+01,1.000000000000000000e+02
8.900396800041198730e+01,8.900000000000000000e+01,1.010000000000000000e+02
8.900396800041198730e+01,8.900000000000000000e+01,1.020000000000000000e+02
8.900396800041198730e+01,8.900000000000000000e+01,1.030000000000000000e+02
8.900396800041198730e+01,8.900000000000000000e+01,1.040000000000000000e+02
8.900396800041198730e+01,8.900000000000000000e+01,1.050000000000000000e+02
8.900396800041198730e+01,9.000000000000000000e+01,8.100000000000000000e+01
8.900396800041198730e+01,9.000000000000000000e+01,8.200000000000000000e+01
9.000401258468627930e+01,9.000000000000000000e+01,9.650000000000000000e+01
9.000401258468627930e+01,8.950000000000000000e+01,9.700000000000000000e+01
9.000401258468627930e+01,8.950000000000000000e+01,9.800000000000000000e+01
9.000401258468627930e+01,8.950000000000000000e+01,9.900000000000000000e+01
9.000401258468627930e+01,9.000000000000000000e+01,9.950000000000000000e+01
8.900396800041198730e+01,9.000000000000000000e+01,1.000000000000000000e+02
8.900396800041198730e+01,9.000000000000000000e+01,1.010000000000000000e+02
8.900396800041198730e+01,9.000000000000000000e+01,1.020000000000000000e+02
8.900396800041198730e+01,9.000000000000000000e+01,1.030000000000000000e+02
8.900396800041198730e+01,9.000000000000000000e+01,1.040000000000000000e+02
8.900396800041198730e+01,9.000000000000000000e+01,1.050000000000000000e+02
8.900396800041198730e+01,9.100000000000000000e+01,9.500000000000000000e+01
9.000401258468627930e+01,9.100000000000000000e+01,9.450000000000000000e+01
9.000401258468627930e+01,9.050000000000000000e+01,9.500000000000000000e+01
9.000401258468627930e+01,9.050000000000000000e+01,9.600000000000000000e+01
9.000401258468627930e+01,9.050000000000000000e+01,1.000000000000000000e+02
9.000401258468627930e+01,9.100000000000000000e+01,1.005000000000000000e+02
8.900396800041198730e+01,9.100000000000000000e+01,1.010000000000000000e+02
8.900396800041198730e+01,9.100000000000000000e+01,1.020000000000000000e+02
8.900396800041198730e+01,9.100000000000000000e+01,1.030000000000000000e+02
8.900396800041198730e+01,9.100000000000000000e+01,1.040000000000000000e+02
8.900396800041198730e+01,9.100000000000000000e+01,1.050000000000000000e+02
8.900396800041198730e+01,9.200000000000000000e+01,9.400000000000000000e+01
9.000401258468627930e+01,9.200000000000000000e+01,9.350000000000000000e+01
9.000401258468627930e+01,9.150000000000000000e+01,9.400000000000000000e+01
9.000401258468627930e+01,9.150000000000000000e+01,1.010000000000000000e+02
9.000401258468627930e+01,9.150000000000000000e+01,1.020000000000000000e+02
9.000401258468627930e+01,9.200000000000000000e+01,1.025000000000000000e+02
8.900396800041198730e+01,9.200000000000000000e+01,1.030000000000000000e+02
8.900396800041198730e+01,9.200000000000000000e+01,1.040000000000000000e+02
9.000401258468627930e+01,9.300000000000000000e+01,9.350000000000000000e+01
8.900396800041198730e+01,9.300000000000000000e+01,1.030000000000000000e+02
9.000401258468627930e+01,9.300000000000000000e+01,1.025000000000000000e+02
8.900396800041198730e+01,9.300000000000000000e+01,1.040000000000000000e+02
9.000401258468627930e+01,9.400000000000000000e+01,9.250000000000000000e+01
9.000401258468627930e+01,9.350000000000000000e+01,9.300000000000000000e+01
9.000401258468627930e+01,9.350000000000000000e+01,1.030000000000000000e+02
9.000401258468627930e+01,9.400000000000000000e+01,1.035000000000000000e+02
8.900396800041198730e+01,9.400000000000000000e+01,1.040000000000000000e+02
9.000401258468627930e+01,9.500000000000000000e+01,9.250000000000000000e+01
8.900396800041198730e+01,9.500000000000000000e+01,1.030000000000000000e+02
9.000401258468627930e+01,9.450000000000000000e+01,1.030000000000000000e+02
9.000401258468627930e+01,9.500000000000000000e+01,1.025000000000000000e+02
9.000401258468627930e+01,9.600000000000000000e+01,9.150000000000000000e+01
9.000401258468627930e+01,9.550000000000000000e+01,9.200000000000000000e+01
8.900396800041198730e+01,9.600000000000000000e+01,1.030000000000000000e+02
9.000401258468627930e+01,9.600000000000000000e+01,1.025000000000000000e+02
9.000401258468627930e+01,9.650000000000000000e+01,9.200000000000000000e+01
8.900396800041198730e+01,9.700000000000000000e+01,9.200000000000000000e+01
9.000401258468627930e+01,9.700000000000000000e+01,9.250000000000000000e+01
8.900396800041198730e+01,9.700000000000000000e+01,1.020000000000000000e+02
9.000401258468627930e+01,9.650000000000000000e+01,1.020000000000000000e+02
9.000401258468627930e+01,9.700000000000000000e+01,1.015000000000000000e+02
8.900396800041198730e+01,9.800000000000000000e+01,9.200000000000000000e+01
9.000401258468627930e+01,9.800000000000000000e+01,9.250000000000000000e+01
8.900396800041198730e+01,9.800000000000000000e+01,1.000000000000000000e+02
9.000401258468627930e+01,9.750000000000000000e+01,1.000000000000000000e+02
9.000401258468627930e+01,9.800000000000000000e+01,9.950000000000000000e+01
8.900396800041198730e+01,9.800000000000000000e+01,1.010000000000000000e+02
9.000401258468627930e+01,9.750000000000000000e+01,1.010000000000000000e+02
8.900396800041198730e+01,9.900000000000000000e+01,9.200000000000000000e+01
9.000401258468627930e+01,9.900000000000000000e+01,9.250000000000000000e+01
8.900396800041198730e+01,9.900000000000000000e+01,9.900000000000000000e+01
9.000401258468627930e+01,9.850000000000000000e+01,9.900000000000000000e+01
9.000401258468627930e+01,9.900000000000000000e+01,9.850000000000000000e+01
8.900396800041198730e+01,9.900000000000000000e+01,1.000000000000000000e+02
8.900396800041198730e+01,1.000000000000000000e+02,9.300000000000000000e+01
9.000401258468627930e+01,9.950000000000000000e+01,9.300000000000000000e+01
8.900396800041198730e+01,1.000000000000000000e+02,9.400000000000000000e+01
9.000401258468627930e+01,9.950000000000000000e+01,9.400000000000000000e+01
9.000401258468627930e+01,1.000000000000000000e+02,9.450000000000000000e+01
8.900396800041198730e+01,1.000000000000000000e+02,9.700000000000000000e+01
9.000401258468627930e+01,9.950000000000000000e+01,9.700000000000000000e+01
9.000401258468627930e+01,1.000000000000000000e+02,9.650000000000000000e+01
8.900396800041198730e+01,1.000000000000000000e+02,9.800000000000000000e+01
9.000401258468627930e+01,9.950000000000000000e+01,9.800000000000000000e+01
8.900396800041198730e+01,1.000000000000000000e+02,9.900000000000000000e+01
8.900396800041198730e+01,1.000000000000000000e+02,1.000000000000000000e+02
8.900396800041198730e+01,1.010000000000000000e+02,9.300000000000000000e+01
8.900396800041198730e+01,1.010000000000000000e+02,9.400000000000000000e+01
9.000401258468627930e+01,1.005000000000000000e+02,9.500000000000000000e+01
8.900396800041198730e+01,1.010000000000000000e+02,9.500000000000000000e+01
8.900396800041198730e+01,1.010000000000000000e+02,9.600000000000000000e+01
9.000401258468627930e+01,1.005000000000000000e+02,9.600000000000000000e+01
8.900396800041198730e+01,1.010000000000000000e+02,9.700000000000000000e+01
8.900396800041198730e+01,1.010000000000000000e+02,9.800000000000000000e+01
8.900396800041198730e+01,1.010000000000000000e+02,9.900000000000000000e+01
8.900396800041198730e+01,1.020000000000000000e+02,9.300000000000000000e+01
8.900396800041198730e+01,1.020000000000000000e+02,9.400000000000000000e+01
8.900396800041198730e+01,1.020000000000000000e+02,9.500000000000000000e+01
8.900396800041198730e+01,1.020000000000000000e+02,9.600000000000000000e+01
8.900396800041198730e+01,1.020000000000000000e+02,9.700000000000000000e+01
8.900396800041198730e+01,1.020000000000000000e+02,9.800000000000000000e+01
8.900396800041198730e+01,1.030000000000000000e+02,9.400000000000000000e+01
8.900396800041198730e+01,1.030000000000000000e+02,9.500000000000000000e+01
8.900396800041198730e+01,1.030000000000000000e+02,9.600000000000000000e+01
8.900396800041198730e+01,1.110000000000000000e+02,1.000000000000000000e+02
8.900396800041198730e+01,1.110000000000000000e+02,1.010000000000000000e+02
8.900396800041198730e+01,1.110000000000000000e+02,1.020000000000000000e+02
8.900396800041198730e+01,1.110000000000000000e+02,1.030000000000000000e+02
8.900396800041198730e+01,1.120000000000000000e+02,9.900000000000000000e+01
8.900396800041198730e+01,1.120000000000000000e+02,1.000000000000000000e+02
8.900396800041198730e+01,1.120000000000000000e+02,1.010000000000000000e+02
8.900396800041198730e+01,1.120000000000000000e+02,1.020000000000000000e+02
8.900396800041198730e+01,1.120000000000000000e+02,1.030000000000000000e+02
8.900396800041198730e+01,1.120000000000000000e+02,1.040000000000000000e+02
8.900396800041198730e+01,1.120000000000000000e+02,1.050000000000000000e+02
8.900396800041198730e+01,1.130000000000000000e+02,9.900000000000000000e+01
8.900396800041198730e+01,1.130000000000000000e+02,1.000000000000000000e+02
8.900396800041198730e+01,1.130000000000000000e+02,1.010000000000000000e+02
8.900396800041198730e+01,1.130000000000000000e+02,1.020000000000000000e+02
8.900396800041198730e+01,1.130000000000000000e+02,1.030000000000000000e+02
8.900396800041198730e+01,1.130000000000000000e+02,1.040000000000000000e+02
8.900396800041198730e+01,1.130000000000000000e+02,1.050000000000000000e+02
8.900396800041198730e+01,1.140000000000000000e+02,8.200000000000000000e+01
8.900396800041198730e+01,1.140000000000000000e+02,8.300000000000000000e+01
8.900396800041198730e+01,1.140000000000000000e+02,8.400000000000000000e+01
8.900396800041198730e+01,1.140000000000000000e+02,9.900000000000000000e+01
8.900396800041198730e+01,1.140000000000000000e+02,1.000000000000000000e+02
8.900396800041198730e+01,1.140000000000000000e+02,1.010000000000000000e+02
8.900396800041198730e+01,1.140000000000000000e+02,1.020000000000000000e+02
9.000401258468627930e+01,1.140000000000000000e+02,1.025000000000000000e+02
9.000401258468627930e+01,1.135000000000000000e+02,1.030000000000000000e+02
9.000401258468627930e+01,1.135000000000000000e+02,1.040000000000000000e+02
9.000401258468627930e+01,1.140000000000000000e+02,1.045000000000000000e+02
8.900396800041198730e+01,1.140000000000000000e+02,1.050000000000000000e+02
8.900396800041198730e+01,1.150000000000000000e+02,8.100000000000000000e+01
8.900396800041198730e+01,1.150000000000000000e+02,8.200000000000000000e+01
8.900396800041198730e+01,1.150000000000000000e+02,8.300000000000000000e+01
8.900396800041198730e+01,1.150000000000000000e+02,8.400000000000000000e+01
8.900396800041198730e+01,1.150000000000000000e+02,8.500000000000000000e+01
8.900396800041198730e+01,1.150000000000000000e+02,8.600000000000000000e+01
8.900396800041198730e+01,1.150000000000000000e+02,9.900000000000000000e+01
8.900396800041198730e+01,1.150000000000000000e+02,1.000000000000000000e+02
8.900396800041198730e+01,1.150000000000000000e+02,1.010000000000000000e+02
8.900396800041198730e+01,1.150000000000000000e+02,1.020000000000000000e+02
9.000401258468627930e+01,1.150000000000000000e+02,1.025000000000000000e+02
9.000401258468627930e+01,1.145000000000000000e+02,1.050000000000000000e+02
8.900396800041198730e+01,1.150000000000000000e+02,1.060000000000000000e+02
9.000401258468627930e+01,1.150000000000000000e+02,1.055000000000000000e+02
8.900396800041198730e+01,1.160000000000000000e+02,8.100000000000000000e+01
9.000401258468627930e+01,1.160000000000000000e+02,8.150000000000000000e+01
9.000401258468627930e+01,1.155000000000000000e+02,8.200000000000000000e+01
9.000401258468627930e+01,1.155000000000000000e+02,8.300000000000000000e+01
9.000401258468627930e+01,1.160000000000000000e+02,8.350000000000000000e+01
8.900396800041198730e+01,1.160000000000000000e+02,8.400000000000000000e+01
8.900396800041198730e+01,1.160000000000000000e+02,8.500000000000000000e+01
8.900396800041198730e+01,1.160000000000000000e+02,8.600000000000000000e+01
8.900396800041198730e+01,1.160000000000000000e+02,1.000000000000000000e+02
8.900396800041198730e+01,1.160000000000000000e+02,1.010000000000000000e+02
8.900396800041198730e+01,1.160000000000000000e+02,1.020000000000000000e+02
9.000401258468627930e+01,1.160000000000000000e+02,1.025000000000000000e+02
8.900396800041198730e+01,1.160000000000000000e+02,1.060000000000000000e+02
9.000401258468627930e+01,1.160000000000000000e+02,1.055000000000000000e+02
9.000401258468627930e+01,1.170000000000000000e+02,8.050000000000000000e+01
9.000401258468627930e+01,1.165000000000000000e+02,8.100000000000000000e+01
9.000401258468627930e+01,1.165000000000000000e+02,8.400000000000000000e+01
9.000401258468627930e+01,1.170000000000000000e+02,8.450000000000000000e+01
8.900396800041198730e+01,1.170000000000000000e+02,8.500000000000000000e+01
8.900396800041198730e+01,1.170000000000000000e+02,8.600000000000000000e+01
8.900396800041198730e+01,1.170000000000000000e+02,8.700000000000000000e+01
8.900396800041198730e+01,1.170000000000000000e+02,1.000000000000000000e+02
8.900396800041198730e+01,1.170000000000000000e+02,1.010000000000000000e+02
8.900396800041198730e+01,1.170000000000000000e+02,1.020000000000000000e+02
9.000401258468627930e+01,1.170000000000000000e+02,1.025000000000000000e+02
8.900396800041198730e+01,1.170000000000000000e+02,1.060000000000000000e+02
9.000401258468627930e+01,1.170000000000000000e+02,1.055000000000000000e+02
9.000401258468627930e+01,1.180000000000000000e+02,8.050000000000000000e+01
9.000401258468627930e+01,1.175000000000000000e+02,8.500000000000000000e+01
9.000401258468627930e+01,1.180000000000000000e+02,8.550000000000000000e+01
8.900396800041198730e+01,1.180000000000000000e+02,8.600000000000000000e+01
8.900396800041198730e+01,1.180000000000000000e+02,8.700000000000000000e+01
8.900396800041198730e+01,1.180000000000000000e+02,1.000000000000000000e+02
8.900396800041198730e+01,1.180000000000000000e+02,1.010000000000000000e+02
8.900396800041198730e+01,1.180000000000000000e+02,1.020000000000000000e+02
9.000401258468627930e+01,1.180000000000000000e+02,1.025000000000000000e+02
8.900396800041198730e+01,1.180000000000000000e+02,1.060000000000000000e+02
9.000401258468627930e+01,1.180000000000000000e+02,1.055000000000000000e+02
9.000401258468627930e+01,1.190000000000000000e+02,8.050000000000000000e+01
8.900396800041198730e+01,1.190000000000000000e+02,8.600000000000000000e+01
9.000401258468627930e+01,1.190000000000000000e+02,8.550000000000000000e+01
8.900396800041198730e+01,1.190000000000000000e+02,8.700000000000000000e+01
8.900396800041198730e+01,1.190000000000000000e+02,1.000000000000000000e+02
8.900396800041198730e+01,1.190000000000000000e+02,1.010000000000000000e+02
8.900396800041198730e+01,1.190000000000000000e+02,1.020000000000000000e+02
9.000401258468627930e+01,1.190000000000000000e+02,1.025000000000000000e+02
8.900396800041198730e+01,1.190000000000000000e+02,1.060000000000000000e+02
9.000401258468627930e+01,1.190000000000000000e+02,1.055000000000000000e+02
9.000401258468627930e+01,1.200000000000000000e+02,8.050000000000000000e+01
8.900396800041198730e+01,1.200000000000000000e+02,8.600000000000000000e+01
9.000401258468627930e+01,1.200000000000000000e+02,8.550000000000000000e+01
8.900396800041198730e+01,1.200000000000000000e+02,8.700000000000000000e+01
8.900396800041198730e+01,1.200000000000000000e+02,8.800000000000000000e+01
8.900396800041198730e+01,1.200000000000000000e+02,1.010000000000000000e+02
8.900396800041198730e+01,1.200000000000000000e+02,1.020000000000000000e+02
9.000401258468627930e+01,1.195000000000000000e+02,1.030000000000000000e+02
8.900396800041198730e+01,1.200000000000000000e+02,1.030000000000000000e+02
9.000401258468627930e+01,1.200000000000000000e+02,1.035000000000000000e+02
8.900396800041198730e+01,1.200000000000000000e+02,1.060000000000000000e+02
9.000401258468627930e+01,1.200000000000000000e+02,1.055000000000000000e+02
9.000401258468627930e+01,1.210000000000000000e+02,8.050000000000000000e+01
9.000401258468627930e+01,1.205000000000000000e+02,8.600000000000000000e+01
9.000401258468627930e+01,1.210000000000000000e+02,8.650000000000000000e+01
8.900396800041198730e+01,1.210000000000000000e+02,8.700000000000000000e+01
8.900396800041198730e+01,1.210000000000000000e+02,8.800000000000000000e+01
8.900396800041198730e+01,1.210000000000000000e+02,1.010000000000000000e+02
8.900396800041198730e+01,1.210000000000000000e+02,1.020000000000000000e+02
8.900396800041198730e+01,1.210000000000000000e+02,1.030000000000000000e+02
9.000401258468627930e+01,1.210000000000000000e+02,1.035000000000000000e+02
8.900396800041198730e+01,1.210000000000000000e+02,1.060000000000000000e+02
9.000401258468627930e+01,1.210000000000000000e+02,1.055000000000000000e+02
9.000401258468627930e+01,1.220000000000000000e+02,8.050000000000000000e+01
8.900396800041198730e+01,1.220000000000000000e+02,8.700000000000000000e+01
9.000401258468627930e+01,1.220000000000000000e+02,8.650000000000000000e+01
8.900396800041198730e+01,1.220000000000000000e+02,8.800000000000000000e+01
8.900396800041198730e+01,1.220000000000000000e+02,1.020000000000000000e+02
8.900396800041198730e+01,1.220000000000000000e+02,1.030000000000000000e+02
9.000401258468627930e+01,1.220000000000000000e+02,1.035000000000000000e+02
8.900396800041198730e+01,1.220000000000000000e+02,1.060000000000000000e+02
9.000401258468627930e+01,1.220000000000000000e+02,1.055000000000000000e+02
9.000401258468627930e+01,1.230000000000000000e+02,8.050000000000000000e+01
8.900396800041198730e+01,1.230000000000000000e+02,8.700000000000000000e+01
9.000401258468627930e+01,1.230000000000000000e+02,8.650000000000000000e+01
8.900396800041198730e+01,1.230000000000000000e+02,8.800000000000000000e+01
8.900396800041198730e+01,1.230000000000000000e+02,1.020000000000000000e+02
8.900396800041198730e+01,1.230000000000000000e+02,1.030000000000000000e+02
9.000401258468627930e+01,1.225000000000000000e+02,1.040000000000000000e+02
8.900396800041198730e+01,1.230000000000000000e+02,1.040000000000000000e+02
8.900396800041198730e+01,1.230000000000000000e+02,1.050000000000000000e+02
9.000401258468627930e+01,1.225000000000000000e+02,1.050000000000000000e+02
8.900396800041198730e+01,1.230000000000000000e+02,1.060000000000000000e+02
9.000401258468627930e+01,1.240000000000000000e+02,8.050000000000000000e+01
8.900396800041198730e+01,1.240000000000000000e+02,8.700000000000000000e+01
9.000401258468627930e+01,1.240000000000000000e+02,8.650000000000000000e+01
8.900396800041198730e+01,1.240000000000000000e+02,8.800000000000000000e+01
8.900396800041198730e+01,1.240000000000000000e+02,1.030000000000000000e+02
8.900396800041198730e+01,1.240000000000000000e+02,1.040000000000000000e+02
8.900396800041198730e+01,1.240000000000000000e+02,1.050000000000000000e+02
8.900396800041198730e+01,1.240000000000000000e+02,1.060000000000000000e+02
9.000401258468627930e+01,1.250000000000000000e+02,8.050000000000000000e+01
8.900396800041198730e+01,1.250000000000000000e+02,8.700000000000000000e+01
9.000401258468627930e+01,1.250000000000000000e+02,8.650000000000000000e+01
8.900396800041198730e+01,1.250000000000000000e+02,8.800000000000000000e+01
8.900396800041198730e+01,1.250000000000000000e+02,1.030000000000000000e+02
8.900396800041198730e+01,1.250000000000000000e+02,1.040000000000000000e+02
8.900396800041198730e+01,1.250000000000000000e+02,1.050000000000000000e+02
8.900396800041198730e+01,1.250000000000000000e+02,1.060000000000000000e+02
9.000401258468627930e+01,1.260000000000000000e+02,8.050000000000000000e+01
8.900396800041198730e+01,1.260000000000000000e+02,8.600000000000000000e+01
9.000401258468627930e+01,1.255000000000000000e+02,8.600000000000000000e+01
9.000401258468627930e+01,1.260000000000000000e+02,8.550000000000000000e+01
8.900396800041198730e+01,1.260000000000000000e+02,8.700000000000000000e+01
8.900396800041198730e+01,1.260000000000000000e+02,1.040000000000000000e+02
8.900396800041198730e+01,1.260000000000000000e+02,1.050000000000000000e+02
8.900396800041198730e+01,1.260000000000000000e+02,1.060000000000000000e+02
9.000401258468627930e+01,1.265000000000000000e+02,8.100000000000000000e+01
8.900396800041198730e+01,1.270000000000000000e+02,8.100000000000000000e+01
9.000401258468627930e+01,1.270000000000000000e+02,8.150000000000000000e+01
8.900396800041198730e+01,1.270000000000000000e+02,8.600000000000000000e+01
9.000401258468627930e+01,1.270000000000000000e+02,8.550000000000000000e+01
8.900396800041198730e+01,1.270000000000000000e+02,8.700000000000000000e+01
8.900396800041198730e+01,1.270000000000000000e+02,1.050000000000000000e+02
8.900396800041198730e+01,1.280000000000000000e+02,8.100000000000000000e+01
9.000401258468627930e+01,1.280000000000000000e+02,8.150000000000000000e+01
8.900396800041198730e+01,1.280000000000000000e+02,8.500000000000000000e+01
9.000401258468627930e+01,1.275000000000000000e+02,8.500000000000000000e+01
9.000401258468627930e+01,1.280000000000000000e+02,8.450000000000000000e+01
8.900396800041198730e+01,1.280000000000000000e+02,8.600000000000000000e+01
8.900396800041198730e+01,1.290000000000000000e+02,8.100000000000000000e+01
9.000401258468627930e+01,1.285000000000000000e+02,8.200000000000000000e+01
8.900396800041198730e+01,1.290000000000000000e+02,8.200000000000000000e+01
9.000401258468627930e+01,1.290000000000000000e+02,8.250000000000000000e+01
8.900396800041198730e+01,1.290000000000000000e+02,8.400000000000000000e+01
9.000401258468627930e+01,1.285000000000000000e+02,8.400000000000000000e+01
9.000401258468627930e+01,1.290000000000000000e+02,8.350000000000000000e+01
8.900396800041198730e+01,1.290000000000000000e+02,8.500000000000000000e+01
8.900396800041198730e+01,1.290000000000000000e+02,8.600000000000000000e+01
8.900396800041198730e+01,1.300000000000000000e+02,8.200000000000000000e+01
9.000401258468627930e+01,1.295000000000000000e+02,8.300000000000000000e+01
8.900396800041198730e+01,1.300000000000000000e+02,8.300000000000000000e+01
8.900396800041198730e+01,1.300000000000000000e+02,8.400000000000000000e+01
8.900396800041198730e+01,1.300000000000000000e+02,8.500000000000000000e+01
8.900396800041198730e+01,1.310000000000000000e+02,8.200000000000000000e+01
8.900396800041198730e+01,1.310000000000000000e+02,8.300000000000000000e+01
8.900396800041198730e+01,1.310000000000000000e+02,8.400000000000000000e+01
9.100405716896057129e+01,8.300000000000000000e+01,1.020000000000000000e+02
9.100405716896057129e+01,8.300000000000000000e+01,1.030000000000000000e+02
9.100405716896057129e+01,8.300000000000000000e+01,1.040000000000000000e+02
9.100405716896057129e+01,8.400000000000000000e+01,1.010000000000000000e+02
9.100405716896057129e+01,8.400000000000000000e+01,1.020000000000000000e+02
9.100405716896057129e+01,8.400000000000000000e+01,1.030000000000000000e+02
9.100405716896057129e+01,8.500000000000000000e+01,1.010000000000000000e+02
9.100405716896057129e+01,9.000000000000000000e+01,9.700000000000000000e+01
9.100405716896057129e+01,9.000000000000000000e+01,9.800000000000000000e+01
9.100405716896057129e+01,9.000000000000000000e+01,9.900000000000000000e+01
9.100405716896057129e+01,9.100000000000000000e+01,9.400000000000000000e+01
9.200410175323486328e+01,9.100000000000000000e+01,9.350000000000000000e+01
9.200410175323486328e+01,9.050000000000000000e+01,9.400000000000000000e+01
9.200410175323486328e+01,9.050000000000000000e+01,9.500000000000000000e+01
9.200410175323486328e+01,9.050000000000000000e+01,9.600000000000000000e+01
9.200410175323486328e+01,9.050000000000000000e+01,9.700000000000000000e+01
9.200410175323486328e+01,9.050000000000000000e+01,9.800000000000000000e+01
9.200410175323486328e+01,9.100000000000000000e+01,9.850000000000000000e+01
9.100405716896057129e+01,9.100000000000000000e+01,9.900000000000000000e+01
9.100405716896057129e+01,9.100000000000000000e+01,1.000000000000000000e+02
9.200410175323486328e+01,9.200000000000000000e+01,9.350000000000000000e+01
9.200410175323486328e+01,9.150000000000000000e+01,9.900000000000000000e+01
9.200410175323486328e+01,9.150000000000000000e+01,1.000000000000000000e+02
9.100405716896057129e+01,9.200000000000000000e+01,1.010000000000000000e+02
9.200410175323486328e+01,9.200000000000000000e+01,1.005000000000000000e+02
9.100405716896057129e+01,9.200000000000000000e+01,1.020000000000000000e+02
9.100405716896057129e+01,9.300000000000000000e+01,9.300000000000000000e+01
9.200410175323486328e+01,9.300000000000000000e+01,9.250000000000000000e+01
9.200410175323486328e+01,9.250000000000000000e+01,9.300000000000000000e+01
9.200410175323486328e+01,9.250000000000000000e+01,1.010000000000000000e+02
9.200410175323486328e+01,9.250000000000000000e+01,1.020000000000000000e+02
9.200410175323486328e+01,9.300000000000000000e+01,1.025000000000000000e+02
9.200410175323486328e+01,9.400000000000000000e+01,9.250000000000000000e+01
9.100405716896057129e+01,9.400000000000000000e+01,1.030000000000000000e+02
9.200410175323486328e+01,9.400000000000000000e+01,1.025000000000000000e+02
9.200410175323486328e+01,9.500000000000000000e+01,9.250000000000000000e+01
9.200410175323486328e+01,9.500000000000000000e+01,1.025000000000000000e+02
9.100405716896057129e+01,9.600000000000000000e+01,9.200000000000000000e+01
9.200410175323486328e+01,9.600000000000000000e+01,9.250000000000000000e+01
9.100405716896057129e+01,9.600000000000000000e+01,1.020000000000000000e+02
9.200410175323486328e+01,9.550000000000000000e+01,1.020000000000000000e+02
9.200410175323486328e+01,9.600000000000000000e+01,1.015000000000000000e+02
9.100405716896057129e+01,9.700000000000000000e+01,9.300000000000000000e+01
9.200410175323486328e+01,9.650000000000000000e+01,9.300000000000000000e+01
9.200410175323486328e+01,9.700000000000000000e+01,9.350000000000000000e+01
9.100405716896057129e+01,9.700000000000000000e+01,1.000000000000000000e+02
9.200410175323486328e+01,9.650000000000000000e+01,1.000000000000000000e+02
9.200410175323486328e+01,9.700000000000000000e+01,9.950000000000000000e+01
9.100405716896057129e+01,9.700000000000000000e+01,1.010000000000000000e+02
9.200410175323486328e+01,9.650000000000000000e+01,1.010000000000000000e+02
9.100405716896057129e+01,9.800000000000000000e+01,9.300000000000000000e+01
9.200410175323486328e+01,9.750000000000000000e+01,9.400000000000000000e+01
9.100405716896057129e+01,9.800000000000000000e+01,9.400000000000000000e+01
9.200410175323486328e+01,9.800000000000000000e+01,9.450000000000000000e+01
9.100405716896057129e+01,9.800000000000000000e+01,9.800000000000000000e+01
9.200410175323486328e+01,9.750000000000000000e+01,9.800000000000000000e+01
9.200410175323486328e+01,9.800000000000000000e+01,9.750000000000000000e+01
9.100405716896057129e+01,9.800000000000000000e+01,9.900000000000000000e+01
9.200410175323486328e+01,9.750000000000000000e+01,9.900000000000000000e+01
9.100405716896057129e+01,9.900000000000000000e+01,9.300000000000000000e+01
9.100405716896057129e+01,9.900000000000000000e+01,9.400000000000000000e+01
9.200410175323486328e+01,9.850000000000000000e+01,9.500000000000000000e+01
9.100405716896057129e+01,9.900000000000000000e+01,9.500000000000000000e+01
9.100405716896057129e+01,9.900000000000000000e+01,9.600000000000000000e+01
9.200410175323486328e+01,9.850000000000000000e+01,9.600000000000000000e+01
9.100405716896057129e+01,9.900000000000000000e+01,9.700000000000000000e+01
9.200410175323486328e+01,9.850000000000000000e+01,9.700000000000000000e+01
9.100405716896057129e+01,9.900000000000000000e+01,9.800000000000000000e+01
9.100405716896057129e+01,1.000000000000000000e+02,9.500000000000000000e+01
9.100405716896057129e+01,1.000000000000000000e+02,9.600000000000000000e+01
9.100405716896057129e+01,1.140000000000000000e+02,1.030000000000000000e+02
9.100405716896057129e+01,1.140000000000000000e+02,1.040000000000000000e+02
9.100405716896057129e+01,1.150000000000000000e+02,1.030000000000000000e+02
9.100405716896057129e+01,1.150000000000000000e+02,1.040000000000000000e+02
9.100405716896057129e+01,1.150000000000000000e+02,1.050000000000000000e+02
9.100405716896057129e+01,1.160000000000000000e+02,8.200000000000000000e+01
9.100405716896057129e+01,1.160000000000000000e+02,8.300000000000000000e+01
9.100405716896057129e+01,1.160000000000000000e+02,1.030000000000000000e+02
9.100405716896057129e+01,1.160000000000000000e+02,1.040000000000000000e+02
9.100405716896057129e+01,1.160000000000000000e+02,1.050000000000000000e+02
9.100405716896057129e+01,1.170000000000000000e+02,8.100000000000000000e+01
9.100405716896057129e+01,1.170000000000000000e+02,8.200000000000000000e+01
9.100405716896057129e+01,1.170000000000000000e+02,8.300000000000000000e+01
9.100405716896057129e+01,1.170000000000000000e+02,8.400000000000000000e+01
9.100405716896057129e+01,1.170000000000000000e+02,1.030000000000000000e+02
9.100405716896057129e+01,1.170000000000000000e+02,1.040000000000000000e+02
9.100405716896057129e+01,1.170000000000000000e+02,1.050000000000000000e+02
9.100405716896057129e+01,1.180000000000000000e+02,8.100000000000000000e+01
9.100405716896057129e+01,1.180000000000000000e+02,8.200000000000000000e+01
9.100405716896057129e+01,1.180000000000000000e+02,8.300000000000000000e+01
9.100405716896057129e+01,1.180000000000000000e+02,8.400000000000000000e+01
9.100405716896057129e+01,1.180000000000000000e+02,8.500000000000000000e+01
9.100405716896057129e+01,1.180000000000000000e+02,1.030000000000000000e+02
9.100405716896057129e+01,1.180000000000000000e+02,1.040000000000000000e+02
9.100405716896057129e+01,1.180000000000000000e+02,1.050000000000000000e+02
9.100405716896057129e+01,1.190000000000000000e+02,8.100000000000000000e+01
9.100405716896057129e+01,1.190000000000000000e+02,8.200000000000000000e+01
9.100405716896057129e+01,1.190000000000000000e+02,8.300000000000000000e+01
9.100405716896057129e+01,1.190000000000000000e+02,8.400000000000000000e+01
9.100405716896057129e+01,1.190000000000000000e+02,8.500000000000000000e+01
9.100405716896057129e+01,1.190000000000000000e+02,1.030000000000000000e+02
9.100405716896057129e+01,1.190000000000000000e+02,1.040000000000000000e+02
9.100405716896057129e+01,1.190000000000000000e+02,1.050000000000000000e+02
9.100405716896057129e+01,1.200000000000000000e+02,8.100000000000000000e+01
9.100405716896057129e+01,1.200000000000000000e+02,8.200000000000000000e+01
9.100405716896057129e+01,1.200000000000000000e+02,8.300000000000000000e+01
9.100405716896057129e+01,1.200000000000000000e+02,8.400000000000000000e+01
9.100405716896057129e+01,1.200000000000000000e+02,8.500000000000000000e+01
9.100405716896057129e+01,1.200000000000000000e+02,1.040000000000000000e+02
9.100405716896057129e+01,1.200000000000000000e+02,1.050000000000000000e+02
9.100405716896057129e+01,1.210000000000000000e+02,8.100000000000000000e+01
9.100405716896057129e+01,1.210000000000000000e+02,8.200000000000000000e+01
9.100405716896057129e+01,1.210000000000000000e+02,8.300000000000000000e+01
9.100405716896057129e+01,1.210000000000000000e+02,8.400000000000000000e+01
9.100405716896057129e+01,1.210000000000000000e+02,8.500000000000000000e+01
9.100405716896057129e+01,1.210000000000000000e+02,8.600000000000000000e+01
9.100405716896057129e+01,1.210000000000000000e+02,1.040000000000000000e+02
9.100405716896057129e+01,1.210000000000000000e+02,1.050000000000000000e+02
9.100405716896057129e+01,1.220000000000000000e+02,8.100000000000000000e+01
9.100405716896057129e+01,1.220000000000000000e+02,8.200000000000000000e+01
9.100405716896057129e+01,1.220000000000000000e+02,8.300000000000000000e+01
9.100405716896057129e+01,1.220000000000000000e+02,8.400000000000000000e+01
9.100405716896057129e+01,1.220000000000000000e+02,8.500000000000000000e+01
9.100405716896057129e+01,1.220000000000000000e+02,8.600000000000000000e+01
9.100405716896057129e+01,1.220000000000000000e+02,1.040000000000000000e+02
9.100405716896057129e+01,1.220000000000000000e+02,1.050000000000000000e+02
9.100405716896057129e+01,1.230000000000000000e+02,8.100000000000000000e+01
9.100405716896057129e+01,1.230000000000000000e+02,8.200000000000000000e+01
9.100405716896057129e+01,1.230000000000000000e+02,8.300000000000000000e+01
9.100405716896057129e+01,1.230000000000000000e+02,8.400000000000000000e+01
9.100405716896057129e+01,1.230000000000000000e+02,8.500000000000000000e+01
9.100405716896057129e+01,1.230000000000000000e+02,8.600000000000000000e+01
9.100405716896057129e+01,1.240000000000000000e+02,8.100000000000000000e+01
9.100405716896057129e+01,1.240000000000000000e+02,8.200000000000000000e+01
9.100405716896057129e+01,1.240000000000000000e+02,8.300000000000000000e+01
9.100405716896057129e+01,1.240000000000000000e+02,8.400000000000000000e+01
9.100405716896057129e+01,1.240000000000000000e+02,8.500000000000000000e+01
9.100405716896057129e+01,1.240000000000000000e+02,8.600000000000000000e+01
9.100405716896057129e+01,1.250000000000000000e+02,8.100000000000000000e+01
9.100405716896057129e+01,1.250000000000000000e+02,8.200000000000000000e+01
9.100405716896057129e+01,1.250000000000000000e+02,8.300000000000000000e+01
9.100405716896057129e+01,1.250000000000000000e+02,8.400000000000000000e+01
9.100405716896057129e+01,1.250000000000000000e+02,8.500000000000000000e+01
9.100405716896057129e+01,1.250000000000000000e+02,8.600000000000000000e+01
9.100405716896057129e+01,1.260000000000000000e+02,8.100000000000000000e+01
9.100405716896057129e+01,1.260000000000000000e+02,8.200000000000000000e+01
9.100405716896057129e+01,1.260000000000000000e+02,8.300000000000000000e+01
9.100405716896057129e+01,1.260000000000000000e+02,8.400000000000000000e+01
9.100405716896057129e+01,1.260000000000000000e+02,8.500000000000000000e+01
9.100405716896057129e+01,1.270000000000000000e+02,8.200000000000000000e+01
9.100405716896057129e+01,1.270000000000000000e+02,8.300000000000000000e+01
9.100405716896057129e+01,1.270000000000000000e+02,8.400000000000000000e+01
9.100405716896057129e+01,1.270000000000000000e+02,8.500000000000000000e+01
9.100405716896057129e+01,1.280000000000000000e+02,8.200000000000000000e+01
9.100405716896057129e+01,1.280000000000000000e+02,8.300000000000000000e+01
9.100405716896057129e+01,1.280000000000000000e+02,8.400000000000000000e+01
9.100405716896057129e+01,1.290000000000000000e+02,8.300000000000000000e+01
9.300414633750915527e+01,9.100000000000000000e+01,9.400000000000000000e+01
9.300414633750915527e+01,9.100000000000000000e+01,9.500000000000000000e+01
9.400419092178344727e+01,9.100000000000000000e+01,9.550000000000000000e+01
9.400419092178344727e+01,9.050000000000000000e+01,9.600000000000000000e+01
9.400419092178344727e+01,9.050000000000000000e+01,9.700000000000000000e+01
9.300414633750915527e+01,9.100000000000000000e+01,9.800000000000000000e+01
9.400419092178344727e+01,9.100000000000000000e+01,9.750000000000000000e+01
9.300414633750915527e+01,9.200000000000000000e+01,9.400000000000000000e+01
9.400419092178344727e+01,9.200000000000000000e+01,9.450000000000000000e+01
9.400419092178344727e+01,9.150000000000000000e+01,9.500000000000000000e+01
9.400419092178344727e+01,9.150000000000000000e+01,9.800000000000000000e+01
9.400419092178344727e+01,9.150000000000000000e+01,9.900000000000000000e+01
9.400419092178344727e+01,9.150000000000000000e+01,1.000000000000000000e+02
9.400419092178344727e+01,9.200000000000000000e+01,1.005000000000000000e+02
9.300414633750915527e+01,9.300000000000000000e+01,9.300000000000000000e+01
9.400419092178344727e+01,9.300000000000000000e+01,9.350000000000000000e+01
9.400419092178344727e+01,9.250000000000000000e+01,9.400000000000000000e+01
9.400419092178344727e+01,9.250000000000000000e+01,1.010000000000000000e+02
9.400419092178344727e+01,9.250000000000000000e+01,1.020000000000000000e+02
9.400419092178344727e+01,9.300000000000000000e+01,1.025000000000000000e+02
9.400419092178344727e+01,9.400000000000000000e+01,9.250000000000000000e+01
9.400419092178344727e+01,9.350000000000000000e+01,9.300000000000000000e+01
9.400419092178344727e+01,9.400000000000000000e+01,1.025000000000000000e+02
9.400419092178344727e+01,9.500000000000000000e+01,9.250000000000000000e+01
9.400419092178344727e+01,9.500000000000000000e+01,1.025000000000000000e+02
9.400419092178344727e+01,9.550000000000000000e+01,9.300000000000000000e+01
9.300414633750915527e+01,9.600000000000000000e+01,9.300000000000000000e+01
9.400419092178344727e+01,9.600000000000000000e+01,9.350000000000000000e+01
9.300414633750915527e+01,9.600000000000000000e+01,1.000000000000000000e+02
9.400419092178344727e+01,9.550000000000000000e+01,1.000000000000000000e+02
9.400419092178344727e+01,9.600000000000000000e+01,9.950000000000000000e+01
9.300414633750915527e+01,9.600000000000000000e+01,1.010000000000000000e+02
9.400419092178344727e+01,9.550000000000000000e+01,1.010000000000000000e+02
9.400419092178344727e+01,9.550000000000000000e+01,1.020000000000000000e+02
9.300414633750915527e+01,9.700000000000000000e+01,9.400000000000000000e+01
9.400419092178344727e+01,9.650000000000000000e+01,9.400000000000000000e+01
9.300414633750915527e+01,9.700000000000000000e+01,9.500000000000000000e+01
9.400419092178344727e+01,9.650000000000000000e+01,9.500000000000000000e+01
9.300414633750915527e+01,9.700000000000000000e+01,9.600000000000000000e+01
9.400419092178344727e+01,9.650000000000000000e+01,9.600000000000000000e+01
9.300414633750915527e+01,9.700000000000000000e+01,9.700000000000000000e+01
9.400419092178344727e+01,9.650000000000000000e+01,9.700000000000000000e+01
9.300414633750915527e+01,9.700000000000000000e+01,9.800000000000000000e+01
9.400419092178344727e+01,9.650000000000000000e+01,9.800000000000000000e+01
9.300414633750915527e+01,9.700000000000000000e+01,9.900000000000000000e+01
9.400419092178344727e+01,9.650000000000000000e+01,9.900000000000000000e+01
9.300414633750915527e+01,9.800000000000000000e+01,9.500000000000000000e+01
9.300414633750915527e+01,9.800000000000000000e+01,9.600000000000000000e+01
9.300414633750915527e+01,9.800000000000000000e+01,9.700000000000000000e+01
9.500423550605773926e+01,9.100000000000000000e+01,9.600000000000000000e+01
9.500423550605773926e+01,9.100000000000000000e+01,9.700000000000000000e+01
9.500423550605773926e+01,9.200000000000000000e+01,9.500000000000000000e+01
9.600428009033203125e+01,9.200000000000000000e+01,9.550000000000000000e+01
9.600428009033203125e+01,9.150000000000000000e+01,9.600000000000000000e+01
9.600428009033203125e+01,9.150000000000000000e+01,9.700000000000000000e+01
9.600428009033203125e+01,9.150000000000000000e+01,9.800000000000000000e+01
9.600428009033203125e+01,9.150000000000000000e+01,9.900000000000000000e+01
9.600428009033203125e+01,9.150000000000000000e+01,1.000000000000000000e+02
9.600428009033203125e+01,9.150000000000000000e+01,1.010000000000000000e+02
9.500423550605773926e+01,9.200000000000000000e+01,1.010000000000000000e+02
9.600428009033203125e+01,9.150000000000000000e+01,1.020000000000000000e+02
9.500423550605773926e+01,9.200000000000000000e+01,1.020000000000000000e+02
9.600428009033203125e+01,9.200000000000000000e+01,1.025000000000000000e+02
9.500423550605773926e+01,9.300000000000000000e+01,9.400000000000000000e+01
9.600428009033203125e+01,9.300000000000000000e+01,9.450000000000000000e+01
9.600428009033203125e+01,9.250000000000000000e+01,9.500000000000000000e+01
9.600428009033203125e+01,9.250000000000000000e+01,1.030000000000000000e+02
9.500423550605773926e+01,9.300000000000000000e+01,1.030000000000000000e+02
9.600428009033203125e+01,9.300000000000000000e+01,1.035000000000000000e+02
9.500423550605773926e+01,9.400000000000000000e+01,9.300000000000000000e+01
9.600428009033203125e+01,9.400000000000000000e+01,9.350000000000000000e+01
9.600428009033203125e+01,9.350000000000000000e+01,9.400000000000000000e+01
9.600428009033203125e+01,9.350000000000000000e+01,1.030000000000000000e+02
9.600428009033203125e+01,9.400000000000000000e+01,1.025000000000000000e+02
9.500423550605773926e+01,9.500000000000000000e+01,9.300000000000000000e+01
9.600428009033203125e+01,9.450000000000000000e+01,9.400000000000000000e+01
9.500423550605773926e+01,9.500000000000000000e+01,9.400000000000000000e+01
9.600428009033203125e+01,9.500000000000000000e+01,9.450000000000000000e+01
9.500423550605773926e+01,9.500000000000000000e+01,1.010000000000000000e+02
9.600428009033203125e+01,9.450000000000000000e+01,1.010000000000000000e+02
9.600428009033203125e+01,9.500000000000000000e+01,1.005000000000000000e+02
9.500423550605773926e+01,9.500000000000000000e+01,1.020000000000000000e+02
9.600428009033203125e+01,9.450000000000000000e+01,1.020000000000000000e+02
9.500423550605773926e+01,9.600000000000000000e+01,9.400000000000000000e+01
9.600428009033203125e+01,9.550000000000000000e+01,9.500000000000000000e+01
9.500423550605773926e+01,9.600000000000000000e+01,9.500000000000000000e+01
9.500423550605773926e+01,9.600000000000000000e+01,9.600000000000000000e+01
9.600428009033203125e+01,9.550000000000000000e+01,9.600000000000000000e+01
9.500423550605773926e+01,9.600000000000000000e+01,9.700000000000000000e+01
9.600428009033203125e+01,9.550000000000000000e+01,9.700000000000000000e+01
9.500423550605773926e+01,9.600000000000000000e+01,9.800000000000000000e+01
9.600428009033203125e+01,9.550000000000000000e+01,9.800000000000000000e+01
9.500423550605773926e+01,9.600000000000000000e+01,9.900000000000000000e+01
9.600428009033203125e+01,9.550000000000000000e+01,9.900000000000000000e+01
9.600428009033203125e+01,9.550000000000000000e+01,1.000000000000000000e+02
9.700432467460632324e+01,9.100000000000000000e+01,9.900000000000000000e+01
9.800436925888061523e+01,9.100000000000000000e+01,9.850000000000000000e+01
9.800436925888061523e+01,9.050000000000000000e+01,9.900000000000000000e+01
9.800436925888061523e+01,9.050000000000000000e+01,1.000000000000000000e+02
9.700432467460632324e+01,9.100000000000000000e+01,1.000000000000000000e+02
9.800436925888061523e+01,9.050000000000000000e+01,1.010000000000000000e+02
9.700432467460632324e+01,9.100000000000000000e+01,1.010000000000000000e+02
9.800436925888061523e+01,9.050000000000000000e+01,1.020000000000000000e+02
9.700432467460632324e+01,9.100000000000000000e+01,1.020000000000000000e+02
9.800436925888061523e+01,9.100000000000000000e+01,1.025000000000000000e+02
9.800436925888061523e+01,9.200000000000000000e+01,9.550000000000000000e+01
9.800436925888061523e+01,9.150000000000000000e+01,9.600000000000000000e+01
9.800436925888061523e+01,9.150000000000000000e+01,9.700000000000000000e+01
9.800436925888061523e+01,9.150000000000000000e+01,9.800000000000000000e+01
9.800436925888061523e+01,9.150000000000000000e+01,1.030000000000000000e+02
9.700432467460632324e+01,9.200000000000000000e+01,1.030000000000000000e+02
9.800436925888061523e+01,9.200000000000000000e+01,1.035000000000000000e+02
9.800436925888061523e+01,9.300000000000000000e+01,9.450000000000000000e+01
9.800436925888061523e+01,9.250000000000000000e+01,9.500000000000000000e+01
9.800436925888061523e+01,9.300000000000000000e+01,1.035000000000000000e+02
9.700432467460632324e+01,9.400000000000000000e+01,9.400000000000000000e+01
9.800436925888061523e+01,9.400000000000000000e+01,9.450000000000000000e+01
9.800436925888061523e+01,9.350000000000000000e+01,1.030000000000000000e+02
9.800436925888061523e+01,9.400000000000000000e+01,1.025000000000000000e+02
9.800436925888061523e+01,9.500000000000000000e+01,9.450000000000000000e+01
9.700432467460632324e+01,9.500000000000000000e+01,9.900000000000000000e+01
9.800436925888061523e+01,9.450000000000000000e+01,9.900000000000000000e+01
9.800436925888061523e+01,9.500000000000000000e+01,9.850000000000000000e+01
9.700432467460632324e+01,9.500000000000000000e+01,1.000000000000000000e+02
9.800436925888061523e+01,9.450000000000000000e+01,1.000000000000000000e+02
9.800436925888061523e+01,9.450000000000000000e+01,1.010000000000000000e+02
9.800436925888061523e+01,9.450000000000000000e+01,1.020000000000000000e+02
9.800436925888061523e+01,9.550000000000000000e+01,9.500000000000000000e+01
9.800436925888061523e+01,9.550000000000000000e+01,9.600000000000000000e+01
9.800436925888061523e+01,9.550000000000000000e+01,9.700000000000000000e+01
9.800436925888061523e+01,9.550000000000000000e+01,9.800000000000000000e+01
9.900441384315490723e+01,9.000000000000000000e+01,1.000000000000000000e+02
1.000044584274291992e+02,9.000000000000000000e+01,9.950000000000000000e+01
1.000044584274291992e+02,8.950000000000000000e+01,1.000000000000000000e+02
1.000044584274291992e+02,8.950000000000000000e+01,1.010000000000000000e+02
9.900441384315490723e+01,9.000000000000000000e+01,1.010000000000000000e+02
1.000044584274291992e+02,8.950000000000000000e+01,1.020000000000000000e+02
9.900441384315490723e+01,9.000000000000000000e+01,1.020000000000000000e+02
1.000044584274291992e+02,9.000000000000000000e+01,1.025000000000000000e+02
9.900441384315490723e+01,9.100000000000000000e+01,9.800000000000000000e+01
1.000044584274291992e+02,9.100000000000000000e+01,9.750000000000000000e+01
1.000044584274291992e+02,9.050000000000000000e+01,9.800000000000000000e+01
1.000044584274291992e+02,9.050000000000000000e+01,9.900000000000000000e+01
1.000044584274291992e+02,9.050000000000000000e+01,1.030000000000000000e+02
9.900441384315490723e+01,9.100000000000000000e+01,1.030000000000000000e+02
1.000044584274291992e+02,9.100000000000000000e+01,1.035000000000000000e+02
1.000044584274291992e+02,9.200000000000000000e+01,9.550000000000000000e+01
1.000044584274291992e+02,9.150000000000000000e+01,9.600000000000000000e+01
1.000044584274291992e+02,9.150000000000000000e+01,9.700000000000000000e+01
1.000044584274291992e+02,9.200000000000000000e+01,1.035000000000000000e+02
1.000044584274291992e+02,9.300000000000000000e+01,9.450000000000000000e+01
1.000044584274291992e+02,9.250000000000000000e+01,9.500000000000000000e+01
9.900441384315490723e+01,9.300000000000000000e+01,1.030000000000000000e+02
1.000044584274291992e+02,9.250000000000000000e+01,1.030000000000000000e+02
1.000044584274291992e+02,9.300000000000000000e+01,1.025000000000000000e+02
1.000044584274291992e+02,9.400000000000000000e+01,9.450000000000000000e+01
9.900441384315490723e+01,9.400000000000000000e+01,1.010000000000000000e+02
1.000044584274291992e+02,9.350000000000000000e+01,1.010000000000000000e+02
1.000044584274291992e+02,9.400000000000000000e+01,1.005000000000000000e+02
9.900441384315490723e+01,9.400000000000000000e+01,1.020000000000000000e+02
1.000044584274291992e+02,9.350000000000000000e+01,1.020000000000000000e+02
1.000044584274291992e+02,9.450000000000000000e+01,9.500000000000000000e+01
9.900441384315490723e+01,9.500000000000000000e+01,9.500000000000000000e+01
9.900441384315490723e+01,9.500000000000000000e+01,9.600000000000000000e+01
1.000044584274291992e+02,9.450000000000000000e+01,9.600000000000000000e+01
9.900441384315490723e+01,9.500000000000000000e+01,9.700000000000000000e+01
1.000044584274291992e+02,9.450000000000000000e+01,9.700000000000000000e+01
9.900441384315490723e+01,9.500000000000000000e+01,9.800000000000000000e+01
1.000044584274291992e+02,9.450000000000000000e+01,9.800000000000000000e+01
1.000044584274291992e+02,9.450000000000000000e+01,9.900000000000000000e+01
1.000044584274291992e+02,9.450000000000000000e+01,1.000000000000000000e+02
1.010045030117034912e+02,8.900000000000000000e+01,9.800000000000000000e+01
1.020045475959777832e+02,8.900000000000000000e+01,9.750000000000000000e+01
1.020045475959777832e+02,8.850000000000000000e+01,9.800000000000000000e+01
1.020045475959777832e+02,8.850000000000000000e+01,9.900000000000000000e+01
1.010045030117034912e+02,8.900000000000000000e+01,9.900000000000000000e+01
1.020045475959777832e+02,8.850000000000000000e+01,1.000000000000000000e+02
1.010045030117034912e+02,8.900000000000000000e+01,1.000000000000000000e+02
1.020045475959777832e+02,8.850000000000000000e+01,1.010000000000000000e+02
1.010045030117034912e+02,8.900000000000000000e+01,1.010000000000000000e+02
1.020045475959777832e+02,8.850000000000000000e+01,1.020000000000000000e+02
1.010045030117034912e+02,8.900000000000000000e+01,1.020000000000000000e+02
1.020045475959777832e+02,8.900000000000000000e+01,1.025000000000000000e+02
1.010045030117034912e+02,9.000000000000000000e+01,9.800000000000000000e+01
1.020045475959777832e+02,9.000000000000000000e+01,9.750000000000000000e+01
1.010045030117034912e+02,9.000000000000000000e+01,9.900000000000000000e+01
1.020045475959777832e+02,9.000000000000000000e+01,1.025000000000000000e+02
1.010045030117034912e+02,9.100000000000000000e+01,9.700000000000000000e+01
1.020045475959777832e+02,9.100000000000000000e+01,9.650000000000000000e+01
1.020045475959777832e+02,9.050000000000000000e+01,9.700000000000000000e+01
1.020045475959777832e+02,9.050000000000000000e+01,1.030000000000000000e+02
1.020045475959777832e+02,9.100000000000000000e+01,1.035000000000000000e+02
1.020045475959777832e+02,9.200000000000000000e+01,9.550000000000000000e+01
1.020045475959777832e+02,9.150000000000000000e+01,9.600000000000000000e+01
1.020045475959777832e+02,9.200000000000000000e+01,1.035000000000000000e+02
1.020045475959777832e+02,9.300000000000000000e+01,9.450000000000000000e+01
1.020045475959777832e+02,9.250000000000000000e+01,9.500000000000000000e+01
1.010045030117034912e+02,9.300000000000000000e+01,1.020000000000000000e+02
1.020045475959777832e+02,9.250000000000000000e+01,1.020000000000000000e+02
1.020045475959777832e+02,9.300000000000000000e+01,1.015000000000000000e+02
1.020045475959777832e+02,9.250000000000000000e+01,1.030000000000000000e+02
1.020045475959777832e+02,9.400000000000000000e+01,9.450000000000000000e+01
1.010045030117034912e+02,9.400000000000000000e+01,9.900000000000000000e+01
1.020045475959777832e+02,9.350000000000000000e+01,9.900000000000000000e+01
1.020045475959777832e+02,9.400000000000000000e+01,9.850000000000000000e+01
1.010045030117034912e+02,9.400000000000000000e+01,1.000000000000000000e+02
1.020045475959777832e+02,9.350000000000000000e+01,1.000000000000000000e+02
1.020045475959777832e+02,9.350000000000000000e+01,1.010000000000000000e+02
1.020045475959777832e+02,9.450000000000000000e+01,9.500000000000000000e+01
1.020045475959777832e+02,9.450000000000000000e+01,9.600000000000000000e+01
1.020045475959777832e+02,9.450000000000000000e+01,9.700000000000000000e+01
1.020045475959777832e+02,9.450000000000000000e+01,9.800000000000000000e+01
1.030045921802520752e+02,8.900000000000000000e+01,9.700000000000000000e+01
1.040046367645263672e+02,8.900000000000000000e+01,9.650000000000000000e+01
1.040046367645263672e+02,8.850000000000000000e+01,9.700000000000000000e+01
1.040046367645263672e+02,8.850000000000000000e+01,9.800000000000000000e+01
1.040046367645263672e+02,8.850000000000000000e+01,9.900000000000000000e+01
1.040046367645263672e+02,8.850000000000000000e+01,1.000000000000000000e+02
1.030045921802520752e+02,8.900000000000000000e+01,1.010000000000000000e+02
1.040046367645263672e+02,8.900000000000000000e+01,1.005000000000000000e+02
1.030045921802520752e+02,8.900000000000000000e+01,1.020000000000000000e+02
1.030045921802520752e+02,9.000000000000000000e+01,9.600000000000000000e+01
1.040046367645263672e+02,9.000000000000000000e+01,9.550000000000000000e+01
1.040046367645263672e+02,8.950000000000000000e+01,9.600000000000000000e+01
1.030045921802520752e+02,9.000000000000000000e+01,9.700000000000000000e+01
1.040046367645263672e+02,8.950000000000000000e+01,1.010000000000000000e+02
1.040046367645263672e+02,9.000000000000000000e+01,1.015000000000000000e+02
1.030045921802520752e+02,9.000000000000000000e+01,1.020000000000000000e+02
1.030045921802520752e+02,9.100000000000000000e+01,9.500000000000000000e+01
1.040046367645263672e+02,9.100000000000000000e+01,9.450000000000000000e+01
1.040046367645263672e+02,9.050000000000000000e+01,9.500000000000000000e+01
1.030045921802520752e+02,9.100000000000000000e+01,9.600000000000000000e+01
1.030045921802520752e+02,9.100000000000000000e+01,1.020000000000000000e+02
1.040046367645263672e+02,9.100000000000000000e+01,1.015000000000000000e+02
1.030045921802520752e+02,9.100000000000000000e+01,1.030000000000000000e+02
1.040046367645263672e+02,9.150000000000000000e+01,9.500000000000000000e+01
1.040046367645263672e+02,9.200000000000000000e+01,9.550000000000000000e+01
1.030045921802520752e+02,9.200000000000000000e+01,1.010000000000000000e+02
1.040046367645263672e+02,9.150000000000000000e+01,1.010000000000000000e+02
1.040046367645263672e+02,9.200000000000000000e+01,1.005000000000000000e+02
1.030045921802520752e+02,9.200000000000000000e+01,1.020000000000000000e+02
1.030045921802520752e+02,9.200000000000000000e+01,1.030000000000000000e+02
1.030045921802520752e+02,9.300000000000000000e+01,9.500000000000000000e+01
1.040046367645263672e+02,9.250000000000000000e+01,9.600000000000000000e+01
1.030045921802520752e+02,9.300000000000000000e+01,9.600000000000000000e+01
1.030045921802520752e+02,9.300000000000000000e+01,9.700000000000000000e+01
1.040046367645263672e+02,9.250000000000000000e+01,9.700000000000000000e+01
1.030045921802520752e+02,9.300000000000000000e+01,9.800000000000000000e+01
1.040046367645263672e+02,9.250000000000000000e+01,9.800000000000000000e+01
1.030045921802520752e+02,9.300000000000000000e+01,9.900000000000000000e+01
1.040046367645263672e+02,9.250000000000000000e+01,9.900000000000000000e+01
1.030045921802520752e+02,9.300000000000000000e+01,1.000000000000000000e+02
1.040046367645263672e+02,9.250000000000000000e+01,1.000000000000000000e+02
1.030045921802520752e+02,9.300000000000000000e+01,1.010000000000000000e+02
1.030045921802520752e+02,9.400000000000000000e+01,9.500000000000000000e+01
1.030045921802520752e+02,9.400000000000000000e+01,9.600000000000000000e+01
1.030045921802520752e+02,9.400000000000000000e+01,9.700000000000000000e+01
1.030045921802520752e+02,9.400000000000000000e+01,9.800000000000000000e+01
1.050046813488006592e+02,8.900000000000000000e+01,9.700000000000000000e+01
1.050046813488006592e+02,8.900000000000000000e+01,9.800000000000000000e+01
1.050046813488006592e+02,8.900000000000000000e+01,9.900000000000000000e+01
1.050046813488006592e+02,8.900000000000000000e+01,1.000000000000000000e+02
1.050046813488006592e+02,9.000000000000000000e+01,9.600000000000000000e+01
1.050046813488006592e+02,9.000000000000000000e+01,9.700000000000000000e+01
1.050046813488006592e+02,9.000000000000000000e+01,9.800000000000000000e+01
1.050046813488006592e+02,9.000000000000000000e+01,9.900000000000000000e+01
1.050046813488006592e+02,9.000000000000000000e+01,1.000000000000000000e+02
1.050046813488006592e+02,9.000000000000000000e+01,1.010000000000000000e+02
1.050046813488006592e+02,9.100000000000000000e+01,9.500000000000000000e+01
1.050046813488006592e+02,9.100000000000000000e+01,9.600000000000000000e+01
1.050046813488006592e+02,9.100000000000000000e+01,9.700000000000000000e+01
1.050046813488006592e+02,9.100000000000000000e+01,9.800000000000000000e+01
1.050046813488006592e+02,9.100000000000000000e+01,9.900000000000000000e+01
1.050046813488006592e+02,9.100000000000000000e+01,1.000000000000000000e+02
1.050046813488006592e+02,9.100000000000000000e+01,1.010000000000000000e+02
1.050046813488006592e+02,9.200000000000000000e+01,9.600000000000000000e+01
1.050046813488006592e+02,9.200000000000000000e+01,9.700000000000000000e+01
1.050046813488006592e+02,9.200000000000000000e+01,9.800000000000000000e+01
1.050046813488006592e+02,9.200000000000000000e+01,9.900000000000000000e+01
1.050046813488006592e+02,9.200000000000000000e+01,1.000000000000000000e+02
